ply
format ascii 1.0
element vertex 4096
property float x
property float y
property float z
end_header
-0.11333794891834259 -0.16081970930099487 -0.442741334438324
-0.06821738928556442 -0.1579057276248932 -0.4699428677558899
-0.02163609489798546 -0.15970274806022644 -0.48380011320114136
0.07308603078126907 -0.16527676582336426 -0.4924831986427307
0.12201439589262009 -0.16527676582336426 -0.4924831986427307
0.1654079109430313 -0.1629842221736908 -0.48380011320114136
-0.24342603981494904 -0.10282913595438004 -0.4519197344779968
-0.15564362704753876 -0.10683455318212509 -0.4887745976448059
-0.10640842467546463 -0.10665317624807358 -0.491249144077301
-0.04764429107308388 -0.10665317624807358 -0.491249144077301
0.014371992088854313 -0.10656272619962692 -0.4924831986427307
0.07308603078126907 -0.10656272619962692 -0.4924831986427307
0.12201439589262009 -0.10656272619962692 -0.4924831986427307
0.18399031460285187 -0.10656272619962692 -0.4924831986427307
0.23123593628406525 -0.10400640964508057 -0.4825512766838074
-0.27715882658958435 -0.0453118197619915 -0.46866995096206665
-0.2522033751010895 -0.045003656297922134 -0.4787915349006653
-0.15551096200942993 -0.047929469496011734 -0.4900129437446594
-0.10640842467546463 -0.047889042645692825 -0.491249144077301
-0.04760393500328064 -0.04784868657588959 -0.4924831986427307
0.014371992088854313 -0.04784868657588959 -0.4924831986427307
0.07308603078126907 -0.04784868657588959 -0.4924831986427307
0.12201439589262009 -0.04784868657588959 -0.4924831986427307
0.18399031460285187 -0.04784868657588959 -0.4924831986427307
0.24249736964702606 -0.04780840128660202 -0.4937151074409485
0.2989217936992645 -0.047969963401556015 -0.4887745976448059
0.3065112829208374 -0.044851161539554596 -0.48380011320114136
-0.3626997470855713 0.007876480929553509 -0.44405943155288696
-0.2710281014442444 0.014215363189578056 -0.48380011320114136
-0.21777845919132233 0.0141648780554533 -0.4887745976448059
-0.1553785353899002 0.014139764942228794 -0.491249144077301
-0.10631797462701797 0.014127240516245365 -0.4924831986427307
-0.04760393500328064 0.014127240516245365 -0.4924831986427307
0.014371992088854313 0.014127240516245365 -0.4924831986427307
0.07308603078126907 0.014127240516245365 -0.4924831986427307
0.12201439589262009 0.014127240516245365 -0.4924831986427307
0.18399031460285187 0.014127240516245365 -0.4924831986427307
0.24249736964702606 0.014114738442003727 -0.4937151074409485
0.2946431636810303 0.014114738442003727 -0.4937151074409485
0.35214963555336 0.014202709309756756 -0.485046923160553
-0.38830113410949707 0.07167283445596695 -0.44930893182754517
-0.3323729634284973 0.06387953460216522 -0.4737481474876404
-0.28718942403793335 0.0666612982749939 -0.485046923160553
-0.21777845919132233 0.06321869790554047 -0.4887745976448059
-0.1553785353899002 0.0631098747253418 -0.491249144077301
-0.10640842467546463 0.0631098747253418 -0.491249144077301
-0.04764429107308388 0.0631098747253418 -0.491249144077301
0.014371992088854313 0.0630556046962738 -0.4924831986427307
0.07308603078126907 0.0630556046962738 -0.4924831986427307
0.12201439589262009 0.0630556046962738 -0.4924831986427307
0.18399031460285187 0.0630556046962738 -0.4924831986427307
0.24249736964702606 0.06300143152475357 -0.4937151074409485
0.2946431636810303 0.06300143152475357 -0.4937151074409485
0.35634511709213257 0.06354741007089615 -0.4813001751899719
-0.3856184482574463 0.12227743119001389 -0.44668883085250854
-0.33683955669403076 0.12378359586000443 -0.46866995096206665
-0.31557998061180115 0.12654849886894226 -0.47501224279403687
-0.26751744747161865 0.1289558708667755 -0.485046923160553
-0.1553785353899002 0.12187401205301285 -0.491249144077301
-0.10640842467546463 0.12187401205301285 -0.491249144077301
-0.04764429107308388 0.12187401205301285 -0.491249144077301
0.014384516514837742 0.12187401205301285 -0.491249144077301
0.07314865291118622 0.12187401205301285 -0.491249144077301
0.1221187636256218 0.12187401205301285 -0.491249144077301
0.18399031460285187 0.12176964432001114 -0.4924831986427307
0.24575649201869965 0.12492457032203674 -0.4937151074409485
0.30167582631111145 0.12187401205301285 -0.491249144077301
0.34378787875175476 0.12292758375406265 -0.4787915349006653
-0.38697880506515503 0.1429733783006668 -0.44142085313796997
-0.3333832621574402 0.18188776075839996 -0.4545214772224426
-0.27548959851264954 0.1823548525571823 -0.47753387689590454
-0.21796448528766632 0.18437618017196655 -0.48753422498703003
-0.15551096200942993 0.18406033515930176 -0.4900129437446594
-0.10649903118610382 0.18406033515930176 -0.4900129437446594
-0.047684717923402786 0.18406033515930176 -0.4900129437446594
0.014397062361240387 0.18406033515930176 -0.4900129437446594
0.07321137934923172 0.18406033515930176 -0.4900129437446594
0.12222331017255783 0.18406033515930176 -0.4900129437446594
0.18414756655693054 0.1839028149843216 -0.491249144077301
0.242911696434021 0.1839028149843216 -0.491249144077301
0.3021920621395111 0.1842181235551834 -0.4887745976448059
0.3223651647567749 0.18453451991081238 -0.4862915873527527
-0.3289887607097626 0.2135135680437088 -0.44405943155288696
-0.28701987862586975 0.2425682544708252 -0.4519197344779968
-0.24604079127311707 0.24188455939292908 -0.47627419233322144
-0.15564362704753876 0.24308271706104279 -0.4887745976448059
-0.10658980160951614 0.24308271706104279 -0.4887745976448059
-0.04772521182894707 0.24308271706104279 -0.4887745976448059
0.014409629628062248 0.24308271706104279 -0.4887745976448059
0.07327421754598618 0.24308271706104279 -0.4887745976448059
0.12243293970823288 0.24329112470149994 -0.48753422498703003
0.1846209317445755 0.24329112470149994 -0.48753422498703003
0.24332746863365173 0.24308271706104279 -0.4887745976448059
0.3024508059024811 0.24329112470149994 -0.48753422498703003
0.3057238757610321 0.24329112470149994 -0.48753422498703003
-0.2719193398952484 0.2643134295940399 -0.442741334438324
-0.21678878366947174 0.2931262254714966 -0.45061546564102173
-0.16673460602760315 0.29770106077194214 -0.47753387689590454
-0.10686302185058594 0.2994462847709656 -0.485046923160553
-0.04776577278971672 0.292386919260025 -0.48753422498703003
0.014447460882365704 0.29288896918296814 -0.485046923160553
0.07346337288618088 0.29288896918296814 -0.485046923160553
0.12253803759813309 0.29263773560523987 -0.4862915873527527
0.1390366107225418 0.2994462847709656 -0.485046923160553
0.22428181767463684 0.29616761207580566 -0.485046923160553
0.2847633957862854 0.294405460357666 -0.47753387689590454
0.30703842639923096 0.26406121253967285 -0.4813001751899719
-0.15610180795192719 0.31271451711654663 -0.45322173833847046
-0.10677757859230042 0.33238205313682556 -0.4400981068611145
-0.04589669778943062 0.34897345304489136 -0.44142085313796997
0.014549300074577332 0.35103639960289 -0.47501224279403687
0.06429163366556168 0.35556674003601074 -0.4699428677558899
0.07761000096797943 0.35255974531173706 -0.46866995096206665
0.13717159628868103 0.31912675499916077 -0.4699428677558899
0.24192050099372864 0.3075878620147705 -0.47753387689590454
0.26397043466567993 0.3102650046348572 -0.46483808755874634
0.012352832593023777 0.35878831148147583 -0.4469203054904938
0.04768645018339157 0.3585685193538666 -0.47121351957321167
-0.21618834137916565 -0.16026872396469116 -0.38234907388687134
-0.18850849568843842 -0.15767402946949005 -0.40763479471206665
-0.1373189240694046 -0.15786179900169373 -0.438772976398468
-0.08657358586788177 -0.168010875582695 -0.438772976398468
-0.02916426584124565 -0.1821853369474411 -0.4334489703178406
0.03194626048207283 -0.1923704296350479 -0.4334489703178406
0.1157321035861969 -0.15879088640213013 -0.39577993750572205
0.13796396553516388 -0.15852950513362885 -0.4261574447154999
-0.3039451837539673 -0.10059406608343124 -0.38234907388687134
-0.2636549770832062 -0.10079357773065567 -0.43211203813552856
-0.2085465043783188 -0.1376849263906479 -0.4374454617500305
0.13060833513736725 -0.1372012048959732 -0.38504067063331604
0.17422150075435638 -0.10260628163814545 -0.3977741301059723
0.20138153433799744 -0.10041621327400208 -0.4373035132884979
-0.34363946318626404 -0.04325437173247337 -0.42404037714004517
-0.3242443799972534 -0.049735553562641144 -0.4347835183143616
-0.26681631803512573 -0.09730960428714752 -0.4334489703178406
0.17616218328475952 -0.08221853524446487 -0.3859817087650299
0.2105678766965866 -0.07002607733011246 -0.40562158823013306
0.2669648230075836 -0.04462436959147453 -0.42719513177871704
-0.4439491033554077 0.011723428033292294 -0.3837757706642151
-0.41492602229118347 0.011491621844470501 -0.4131426215171814
-0.38190871477127075 0.011320799589157104 -0.4347835183143616
0.24132093787193298 -0.03307395055890083 -0.3851720690727234
0.2660731077194214 -0.00887632928788662 -0.38710761070251465
0.3330645263195038 0.010443553328514099 -0.43841078877449036
-0.44324928522109985 0.06321869790554047 -0.4103936553001404
-0.41243690252304077 0.06898513436317444 -0.4347835183143616
-0.37751349806785583 0.014672331511974335 -0.438772976398468
0.2955187261104584 0.0716760903596878 -0.3988156318664551
0.3341045081615448 0.06721089035272598 -0.4308803379535675
-0.44285061955451965 0.1217079907655716 -0.4117693305015564
-0.42525002360343933 0.12744376063346863 -0.42539161443710327
0.2778416574001312 0.12486716359853745 -0.39186978340148926
0.32534387707710266 0.1276216208934784 -0.43146735429763794
-0.4462299942970276 0.16557708382606506 -0.3880400061607361
-0.38805070519447327 0.1822180151939392 -0.42404037714004517
-0.3680146634578705 0.18415005505084991 -0.43611568212509155
0.27946433424949646 0.18458735942840576 -0.3989677131175995
0.3191295266151428 0.18172411620616913 -0.43439340591430664
-0.38501524925231934 0.2170441597700119 -0.3950955271720886
-0.32772761583328247 0.24115748703479767 -0.41861099004745483
-0.30674096941947937 0.24154888093471527 -0.4374454617500305
0.24132093787193298 0.24241231381893158 -0.3851720690727234
0.29733288288116455 0.24322760105133057 -0.4192854166030884
0.306716650724411 0.24058224260807037 -0.43187281489372253
-0.3285171091556549 0.2539435625076294 -0.38234907388687134
-0.27037057280540466 0.2834515869617462 -0.3936895728111267
-0.21627414226531982 0.30044299364089966 -0.43077272176742554
0.14637109637260437 0.3004537522792816 -0.4066929221153259
0.24132093787193298 0.29215288162231445 -0.4157816469669342
0.2940901219844818 0.2798443138599396 -0.4377899169921875
0.30534714460372925 0.24995461106300354 -0.43491271138191223
-0.2163294404745102 0.3087935745716095 -0.40625160932540894
-0.15622758865356445 0.34107354283332825 -0.3851998448371887
-0.0980185717344284 0.3440122902393341 -0.41861099004745483
-0.05302302539348602 0.35145896673202515 -0.43077272176742554
-0.018946100026369095 0.3569898307323456 -0.43611568212509155
0.0652986392378807 0.35630714893341064 -0.43773794174194336
0.09372128546237946 0.33975115418434143 -0.436286985874176
0.13303014636039734 0.3149065673351288 -0.43006885051727295
0.24470719695091248 0.3030243515968323 -0.43022727966308594
0.25143954157829285 0.30562064051628113 -0.4361259341239929
-0.06477342545986176 0.3601149320602417 -0.3936895728111267
-0.0385325625538826 0.3603750467300415 -0.3854760229587555
0.01732046529650688 0.35878506302833557 -0.40663325786590576
-0.04653101786971092 -0.21538977324962616 -0.3259161114692688
-0.005762122571468353 -0.2169569581747055 -0.32612675428390503
-0.23503176867961884 -0.1576230525970459 -0.3737339377403259
-0.20603500306606293 -0.16407904028892517 -0.37948793172836304
-0.1469244509935379 -0.18249882757663727 -0.3722887635231018
-0.08662497997283936 -0.19256581366062164 -0.37661629915237427
-0.016146345064044 -0.20294906198978424 -0.37805336713790894
0.07294904440641403 -0.16617949306964874 -0.3344467878341675
0.0872204452753067 -0.15827524662017822 -0.3269665837287903
-0.31413277983665466 -0.10161396116018295 -0.3664814829826355
-0.2585485279560089 -0.1358208954334259 -0.380919873714447
0.13104970753192902 -0.11533721536397934 -0.325247585773468
0.13856838643550873 -0.1031351312994957 -0.34567397832870483
-0.392068475484848 -0.0441531278192997 -0.36035463213920593
-0.382926344871521 -0.044631894677877426 -0.3751763701438904
-0.3259029686450958 -0.08679033070802689 -0.37805336713790894
0.1836644411087036 -0.06186854466795921 -0.360519140958786
0.24453720450401306 -0.046877436339855194 -0.3449687659740448
0.27273911237716675 -0.04329253360629082 -0.3244588077068329
-0.4499289095401764 0.011791306547820568 -0.3751763701438904
-0.4315018057823181 -0.005831210874021053 -0.37805336713790894
0.24411740899085999 -0.022579867392778397 -0.3720720410346985
0.2991357743740082 0.004487622529268265 -0.3357117772102356
0.30482178926467896 0.00783951673656702 -0.33187347650527954
-0.484386682510376 0.06911340355873108 -0.3547366261482239
0.2730068564414978 0.07167283445596695 -0.36184069514274597
0.32729488611221313 0.06438420712947845 -0.3258858621120453
-0.4728718400001526 0.12417787313461304 -0.380919873714447
0.24470719695091248 0.12355196475982666 -0.37294885516166687
0.2920096814632416 0.12206175178289413 -0.3428378403186798
0.3180067539215088 0.12487044185400009 -0.3260473310947418
-0.4453369677066803 0.1856168508529663 -0.3664814829826355
-0.43934953212738037 0.18458735942840576 -0.3751763701438904
0.24470719695091248 0.18464894592761993 -0.38058599829673767
0.29490259289741516 0.1836605668067932 -0.3269188702106476
0.3077043294906616 0.1625160425901413 -0.32529211044311523
-0.4469929039478302 0.18986882269382477 -0.36063092947006226
-0.3882405161857605 0.22441501915454865 -0.36793726682662964
-0.3534129559993744 0.24012327194213867 -0.380919873714447
0.24352671205997467 0.2415914386510849 -0.34404757618904114
0.25953036546707153 0.24180899560451508 -0.3261088728904724
-0.3377044200897217 0.2520555555820465 -0.3722887635231018
-0.2710781693458557 0.2914573848247528 -0.3693905472755432
-0.2627851068973541 0.29363614320755005 -0.37661629915237427
0.1194889172911644 0.30086949467658997 -0.3676753044128418
0.13877198100090027 0.2976730763912201 -0.38001298904418945
0.19661861658096313 0.2702203691005707 -0.32520726323127747
0.2496347427368164 0.2498091608285904 -0.32627665996551514
-0.27009114623069763 0.3031393885612488 -0.3268921971321106
-0.2165851891040802 0.3177124559879303 -0.37948793172836304
-0.16061224043369293 0.34296098351478577 -0.37661629915237427
-0.10414538532495499 0.3567248284816742 -0.37805336713790894
-0.04378509521484375 0.3579602837562561 -0.33680570125579834
-0.003262675367295742 0.35623952746391296 -0.3749411702156067
0.02948995865881443 0.3459154963493347 -0.38153740763664246
0.07761820405721664 0.32459166646003723 -0.3803221881389618
-0.15670640766620636 0.36044296622276306 -0.3252582550048828
-0.1086621806025505 0.36004215478897095 -0.36356157064437866
-0.08654557913541794 0.3602448105812073 -0.37805336713790894
-0.029231004416942596 0.3587803244590759 -0.3651473820209503
-0.0988243967294693 -0.215317964553833 -0.27435487508773804
-0.06444297730922699 -0.214950293302536 -0.3137689232826233
0.012582505121827126 -0.21966464817523956 -0.30594855546951294
0.04291674494743347 -0.22042611241340637 -0.2722645401954651
-0.25082629919052124 -0.15921933948993683 -0.3130023777484894
-0.1921645849943161 -0.18144601583480835 -0.3184252381324768
-0.15153245627880096 -0.19186118245124817 -0.32305485010147095
-0.09724174439907074 -0.20722448825836182 -0.3168761134147644
0.016138460487127304 -0.21433597803115845 -0.3184252381324768
0.07073193043470383 -0.17873206734657288 -0.31835833191871643
0.09415297955274582 -0.15904387831687927 -0.30869317054748535
-0.3318684995174408 -0.10107167810201645 -0.28351029753685
-0.3249025046825409 -0.10362468659877777 -0.31381306052207947
-0.2695792019367218 -0.14668318629264832 -0.3146362006664276
0.12372463941574097 -0.12309202551841736 -0.3238345980644226
0.16395622491836548 -0.10124068707227707 -0.28140801191329956
-0.39890745282173157 -0.04378269985318184 -0.27698424458503723
-0.38220882415771484 -0.05915990471839905 -0.3227170705795288
0.18896956741809845 -0.0771464854478836 -0.3183901607990265
0.2435336709022522 -0.06478417664766312 -0.32058775424957275
0.30175283551216125 -0.04671183601021767 -0.2954450845718384
0.32444772124290466 -0.046670619398355484 -0.2746647000312805
-0.45794984698295593 0.011952647008001804 -0.2801758944988251
-0.43794357776641846 -0.008053617551922798 -0.2801758944988251
0.3025765120983124 -0.025946389883756638 -0.31549355387687683
0.3342097997665405 0.011185536161065102 -0.3043299615383148
0.37302282452583313 0.004474386107176542 -0.26735827326774597
-0.4873225688934326 0.05189661309123039 -0.2772805392742157
0.3549635112285614 0.06427137553691864 -0.30184558033943176
0.37463316321372986 0.07085781544446945 -0.28398534655570984
-0.4960184097290039 0.10656235367059708 -0.2715129554271698
0.3452402353286743 0.12776635587215424 -0.30612143874168396
0.38317060470581055 0.12410766631364822 -0.2736384868621826
-0.44561827182769775 0.18603186309337616 -0.2686402499675751
0.30301544070243835 0.18349798023700714 -0.32067665457725525
0.3576306402683258 0.18268932402133942 -0.27536579966545105
0.36476296186447144 0.18268932402133942 -0.2682334780693054
-0.447946697473526 0.19200903177261353 -0.2801758944988251
-0.40634188055992126 0.2211490273475647 -0.2715129554271698
-0.3825772702693939 0.23809519410133362 -0.27361994981765747
0.3032855689525604 0.24180899560451508 -0.28235363960266113
0.31300896406173706 0.24180899560451508 -0.2726302742958069
-0.32768160104751587 0.2769938111305237 -0.2696152627468109
-0.28866398334503174 0.29982200264930725 -0.2751719653606415
0.12743672728538513 0.3005327582359314 -0.26855164766311646
0.1375458687543869 0.2956344783306122 -0.26757723093032837
0.2336580902338028 0.279893696308136 -0.26744401454925537
0.2547757625579834 0.27300071716308594 -0.2731925845146179
0.3062353730201721 0.24568921327590942 -0.2755231559276581
-0.27906152606010437 0.3061230778694153 -0.26835739612579346
-0.21513628959655762 0.34309205412864685 -0.26783668994903564
-0.19441722333431244 0.3527166545391083 -0.2684958577156067
-0.016781829297542572 0.35632655024528503 -0.31235769391059875
0.031634293496608734 0.34552618861198425 -0.2693328559398651
0.07557614892721176 0.32494857907295227 -0.2673390209674835
-0.16261900961399078 0.3587247133255005 -0.32151466608047485
-0.11509246379137039 0.3693145513534546 -0.32305485010147095
-0.04087799787521362 0.3682626783847809 -0.3087185323238373
-0.04001641646027565 0.37171670794487 -0.28469201922416687
-0.099683478474617 -0.21637460589408875 -0.2644811272621155
-0.09021706879138947 -0.21799781918525696 -0.2647247314453125
-0.017320243641734123 -0.2330722063779831 -0.26238375902175903
0.05522888898849487 -0.224607914686203 -0.2405683547258377
0.07610972225666046 -0.21624110639095306 -0.21692362427711487
-0.25459328293800354 -0.16092221438884735 -0.26246440410614014
-0.21124501526355743 -0.18371659517288208 -0.26416146755218506
-0.14715398848056793 -0.2051486074924469 -0.2644370198249817
0.07320656627416611 -0.1977977156639099 -0.26643720269203186
0.13109230995178223 -0.1590215563774109 -0.21574203670024872
-0.33446767926216125 -0.10162203013896942 -0.26391541957855225
-0.3209058940410614 -0.10474645346403122 -0.23805966973304749
-0.26258257031440735 -0.1551918089389801 -0.2613467276096344
0.1293058693408966 -0.14901377260684967 -0.2551630735397339
0.17613476514816284 -0.10241036862134933 -0.24255794286727905
0.2009701430797577 -0.10095246136188507 -0.25096645951271057
0.30325210094451904 -0.10152038931846619 -0.21651853621006012
-0.3862564265727997 -0.04480203613638878 -0.2521176338195801
-0.3703550696372986 -0.044980112463235855 -0.2353176474571228
0.1823951154947281 -0.09776531159877777 -0.2585664689540863
0.24228976666927338 -0.09513545781373978 -0.26090213656425476
0.2975460886955261 -0.07520032674074173 -0.26657533645629883
0.3603280782699585 -0.05647855997085571 -0.22858472168445587
0.38270214200019836 -0.045268017798662186 -0.2146802693605423
-0.4500090479850769 0.011871453374624252 -0.2657751739025116
-0.4306308329105377 0.011743712238967419 -0.24311873316764832
-0.38338375091552734 -0.02182162180542946 -0.22451245784759521
0.35435160994529724 -0.03274691104888916 -0.26183784008026123
0.41727346181869507 0.009159893728792667 -0.21643073856830597
-0.4884937107563019 0.07131385058164597 -0.260066956281662
-0.433322548866272 0.0703948587179184 -0.23196455836296082
0.404325932264328 0.06759561598300934 -0.25248315930366516
0.42805710434913635 0.07116571813821793 -0.2199208289384842
-0.48912689089775085 0.12599614262580872 -0.26291725039482117
-0.433322548866272 0.12421606481075287 -0.23196455836296082
0.40596479177474976 0.12724298238754272 -0.24734099209308624
0.4284915626049042 0.1255658119916916 -0.21817751228809357
-0.4500090479850769 0.18082046508789062 -0.2657751739025116
-0.4383641481399536 0.1850663721561432 -0.25722405314445496
0.39345383644104004 0.1857646107673645 -0.23545308411121368
0.41854918003082275 0.17283551394939423 -0.21116884052753448
-0.39381590485572815 0.22466479241847992 -0.25722405314445496
-0.34933024644851685 0.24290351569652557 -0.2359401136636734
0.3591950237751007 0.24180899560451508 -0.22644421458244324
0.3939666748046875 0.2111520767211914 -0.21643073856830597
-0.3269425332546234 0.2702312469482422 -0.21654905378818512
-0.2954985201358795 0.2980946898460388 -0.21261976659297943
0.15255999565124512 0.2997278571128845 -0.22027592360973358
0.2439928650856018 0.2922329008579254 -0.21664877235889435
0.2642110586166382 0.29029759764671326 -0.21150599420070648
0.3127257525920868 0.27704259753227234 -0.21115131676197052
0.36432895064353943 0.2439078539609909 -0.21440328657627106
-0.2731850743293762 0.3133772909641266 -0.2203926295042038
-0.21689336001873016 0.3543137311935425 -0.20972657203674316
-0.20514090359210968 0.3578794002532959 -0.21752524375915527
0.016522491350769997 0.35693609714508057 -0.2497970163822174
0.0456455759704113 0.35321396589279175 -0.21708440780639648
0.07446251064538956 0.34212255477905273 -0.21110010147094727
0.13232772052288055 0.31035116314888 -0.2168939858675003
-0.15609949827194214 0.37276217341423035 -0.21111886203289032
-0.14826427400112152 0.37448301911354065 -0.21117505431175232
-0.046399034559726715 0.38206854462623596 -0.22663098573684692
0.014863760210573673 0.3704375624656677 -0.21149247884750366
0.02615291066467762 0.36413323879241943 -0.21592207252979279
-0.10645874589681625 -0.21993254125118256 -0.1543864905834198
-0.09750238060951233 -0.22576120495796204 -0.16475555300712585
0.003377520479261875 -0.23832526803016663 -0.1598822921514511
0.06738192588090897 -0.2193632274866104 -0.15633541345596313
0.07663489133119583 -0.2168664187192917 -0.17581041157245636
-0.2529639005661011 -0.15849177539348602 -0.20207570493221283
-0.2037286013364792 -0.18462663888931274 -0.20325486361980438
-0.1487887054681778 -0.21017281711101532 -0.20452868938446045
0.07350077480077744 -0.21462006866931915 -0.15946288406848907
0.1314491331577301 -0.16918310523033142 -0.17899462580680847
0.145414337515831 -0.15787209570407867 -0.16009368002414703
-0.3353959321975708 -0.10274165123701096 -0.16997858881950378
-0.3244883120059967 -0.10664398968219757 -0.20253382623195648
-0.2675255537033081 -0.1448022574186325 -0.1595582664012909
0.18362535536289215 -0.11507437378168106 -0.20315662026405334
0.23058828711509705 -0.11621848493814468 -0.20816564559936523
0.301967054605484 -0.10390932857990265 -0.20940764248371124
0.3251175582408905 -0.10113688558340073 -0.18979580700397491
-0.37138745188713074 -0.049183622002601624 -0.20172128081321716
0.35730037093162537 -0.07676257193088531 -0.20587463676929474
0.3965282738208771 -0.04596022516489029 -0.18799085915088654
-0.39844340085983276 0.013014846481382847 -0.20192256569862366
-0.3809654414653778 -0.029333779588341713 -0.20309333503246307
0.4150758683681488 -0.006401724647730589 -0.20940764248371124
0.4410242736339569 0.013427535071969032 -0.16788728535175323
-0.40678250789642334 0.06486742943525314 -0.1618354767560959
0.4345773756504059 0.07160435616970062 -0.20940764248371124
-0.4018658995628357 0.12194866687059402 -0.15563678741455078
0.4511212408542633 0.12473484873771667 -0.175250843167305
-0.38612478971481323 0.18274091184139252 -0.15634794533252716
0.4150758683681488 0.18471316993236542 -0.20940764248371124
0.4267948269844055 0.18249216675758362 -0.19339461624622345
-0.3851507604122162 0.18810881674289703 -0.16177000105381012
-0.35177069902420044 0.2423088699579239 -0.1933007836341858
0.39900079369544983 0.23585455119609833 -0.1770821362733841
0.4188668131828308 0.212015300989151 -0.1770821362733841
-0.32912102341651917 0.2719838619232178 -0.16052964329719543
-0.29980677366256714 0.296451598405838 -0.15243613719940186
0.15843479335308075 0.30032122135162354 -0.15570038557052612
0.19159290194511414 0.2987760901451111 -0.15533751249313354
0.30199557542800903 0.2933555543422699 -0.17799213528633118
0.31686708331108093 0.2941889464855194 -0.15670838952064514
0.3624419569969177 0.27072227001190186 -0.15526989102363586
-0.2753638029098511 0.31300362944602966 -0.155245840549469
-0.21618495881557465 0.34690117835998535 -0.1597505509853363
-0.19858555495738983 0.356040894985199 -0.16119273006916046
0.05869181081652641 0.3572802245616913 -0.17554841935634613
0.07541204988956451 0.34782785177230835 -0.169263556599617
0.1320071518421173 0.31316617131233215 -0.1955556422472
0.21326898038387299 0.3043751120567322 -0.15581786632537842
0.24946270883083344 0.30375441908836365 -0.15553754568099976
-0.15936991572380066 0.3704248070716858 -0.15728221833705902
-0.13711196184158325 0.37663838267326355 -0.1531336009502411
-0.08584950119256973 0.3800143897533417 -0.15539570152759552
0.013416320085525513 0.37722015380859375 -0.19434978067874908
0.017702626064419746 0.3784206807613373 -0.1820119172334671
-0.12046422064304352 -0.2149503082036972 -0.15181037783622742
-0.09631270915269852 -0.21832141280174255 -0.13902351260185242
0.005580865778028965 -0.2336965948343277 -0.14662735164165497
0.07033182680606842 -0.21580006182193756 -0.1480906754732132
-0.23298072814941406 -0.16271814703941345 -0.14667674899101257
-0.21030893921852112 -0.16439931094646454 -0.10896464437246323
-0.15473739802837372 -0.1872512847185135 -0.10649891942739487
-0.09469527751207352 -0.20544393360614777 -0.10403915494680405
0.015750668942928314 -0.20470692217350006 -0.09669538587331772
0.06942316144704819 -0.192282572388649 -0.09545134007930756
0.12830320000648499 -0.16699489951133728 -0.09805303066968918
0.1417016088962555 -0.15798337757587433 -0.10037337243556976
-0.33367919921875 -0.10051856935024261 -0.1518307477235794
-0.3195447325706482 -0.10541053116321564 -0.1289062201976776
-0.26505547761917114 -0.1317746639251709 -0.10403915494680405
0.17740067839622498 -0.1298929750919342 -0.14285503327846527
0.24470719695091248 -0.12847307324409485 -0.09801246970891953
0.2956473231315613 -0.1109943687915802 -0.09804622828960419
0.3196002244949341 -0.1022135391831398 -0.10358062386512756
-0.3745580017566681 -0.044717591255903244 -0.1238846406340599
-0.3260878920555115 -0.09528201818466187 -0.11143632978200912
0.3597237467765808 -0.08602242171764374 -0.10091789811849594
0.40975749492645264 -0.04512487351894379 -0.09552018344402313
-0.38984113931655884 0.006363547407090664 -0.10649891942739487
-0.37925171852111816 -0.016627730801701546 -0.09913750737905502
0.41672196984291077 -0.03781943395733833 -0.09892702102661133
0.44628921151161194 0.011712186969816685 -0.09789439290761948
-0.3990608751773834 0.07090182602405548 -0.10649891942739487
0.464555561542511 0.06606557220220566 -0.1345568597316742
-0.39307647943496704 0.12231314927339554 -0.10092543810606003
0.4632910490036011 0.11079312860965729 -0.14352519810199738
-0.38843825459480286 0.15791672468185425 -0.09913750737905502
-0.38036268949508667 0.17803703248500824 -0.09543944150209427
0.4492415189743042 0.16676929593086243 -0.15109236538410187
-0.3516920506954193 0.23140911757946014 -0.09913750737905502
0.4008047878742218 0.24318912625312805 -0.14136484265327454
0.4191707968711853 0.22133328020572662 -0.13103237748146057
-0.32727253437042236 0.2707609534263611 -0.11888714879751205
-0.2778664529323578 0.29994750022888184 -0.09669538587331772
0.15879303216934204 0.2978302538394928 -0.09724502265453339
0.19776098430156708 0.30004528164863586 -0.1289062201976776
0.297107070684433 0.29732972383499146 -0.10610013455152512
0.31999629735946655 0.29474717378616333 -0.1492842584848404
0.3628423511981964 0.27403050661087036 -0.12775203585624695
-0.27046191692352295 0.30831748247146606 -0.11273383349180222
-0.220070019364357 0.33487725257873535 -0.11391397565603256
-0.1599242240190506 0.3580102324485779 -0.11391397565603256
-0.15473739802837372 0.3567142188549042 -0.10649891942739487
0.016522491350769997 0.35693609714508057 -0.1068020761013031
0.06748689711093903 0.35149115324020386 -0.15093562006950378
0.08292742818593979 0.34236273169517517 -0.14342880249023438
0.1392619013786316 0.30697399377822876 -0.09680895507335663
0.24305610358715057 0.30155375599861145 -0.10706494003534317
0.25014352798461914 0.30250105261802673 -0.10612335801124573
-0.15681156516075134 0.36618444323539734 -0.13395258784294128
-0.09981480240821838 0.36239898204803467 -0.0968358963727951
-0.05951132997870445 0.37370020151138306 -0.11572977900505066
-0.003262675367295742 0.3737507462501526 -0.13416209816932678
0.02518698014318943 0.36826491355895996 -0.14083243906497955
-0.16161413490772247 -0.16412480175495148 -0.07142715901136398
-0.13219763338565826 -0.16133546829223633 -0.05014505237340927
-0.09404723346233368 -0.16322197020053864 -0.03929721191525459
0.008433053269982338 -0.16287939250469208 -0.04438430070877075
0.0652986392378807 -0.1715899258852005 -0.05765204131603241
0.13007541000843048 -0.16349661350250244 -0.08834709972143173
0.13316377997398376 -0.1598082035779953 -0.07994182407855988
-0.2930583357810974 -0.10267399251461029 -0.07497759908437729
-0.2316184788942337 -0.12857431173324585 -0.05773134529590607
-0.19530881941318512 -0.1464250683784485 -0.0637468546628952
-0.14432275295257568 -0.1572476625442505 -0.04873804375529289
0.12918183207511902 -0.14535941183567047 -0.043469734489917755
0.1572493463754654 -0.13950267434120178 -0.05851757526397705
0.24301573634147644 -0.117133729159832 -0.04077410325407982
0.29580026865005493 -0.10556169599294662 -0.051034074276685715
0.3086167871952057 -0.10104110836982727 -0.05482965335249901
-0.36459723114967346 -0.04408286511898041 -0.09425922483205795
-0.32102537155151367 -0.07456330955028534 -0.05138417333364487
0.35978707671165466 -0.07626271992921829 -0.0656314268708229
0.3934447169303894 -0.04636302590370178 -0.04972030222415924
-0.3870454430580139 0.010890711098909378 -0.09182878583669662
-0.37441369891166687 0.010649546049535275 -0.049055181443691254
0.4181132912635803 -0.020517198368906975 -0.04685597866773605
0.4353824853897095 0.01209433376789093 -0.0403345562517643
-0.38517704606056213 0.06922058016061783 -0.05840393155813217
-0.377568781375885 0.06418604403734207 -0.04210098832845688
0.4636062681674957 0.07167438417673111 -0.06843835860490799
-0.39209088683128357 0.12546125054359436 -0.09425922483205795
-0.37353962659835815 0.12683968245983124 -0.044413648545742035
0.46441859006881714 0.12510094046592712 -0.05740728974342346
-0.3865833878517151 0.15258808434009552 -0.08940430730581284
-0.3618193566799164 0.18581870198249817 -0.053718529641628265
0.44616732001304626 0.18441687524318695 -0.08587732166051865
-0.334303617477417 0.24256226420402527 -0.07736774533987045
-0.3158000409603119 0.2433408945798874 -0.046731673181056976
0.3992854058742523 0.24149970710277557 -0.09341832995414734
0.4183976650238037 0.21783079206943512 -0.059456728398799896
-0.3271561861038208 0.25772854685783386 -0.08940430730581284
-0.2713288962841034 0.29780110716819763 -0.0821652039885521
-0.2504290044307709 0.29914507269859314 -0.06075485795736313
0.08675400167703629 0.3008120656013489 -0.04210098832845688
0.1323290318250656 0.29844072461128235 -0.05605848878622055
0.20166954398155212 0.2922005355358124 -0.07497759908437729
0.25497257709503174 0.28309357166290283 -0.047647036612033844
0.3081401288509369 0.29165118932724 -0.0943644717335701
0.3629523515701294 0.2709266245365143 -0.09334494918584824
-0.2225467711687088 0.32708126306533813 -0.09425922483205795
-0.16641518473625183 0.3285585939884186 -0.06294652074575424
-0.10463281720876694 0.3572777807712555 -0.08842798322439194
-0.07549665868282318 0.3580102324485779 -0.08564379811286926
-0.018935000523924828 0.3547070324420929 -0.09110866487026215
0.033773742616176605 0.3451377749443054 -0.09296604990959167
0.08168872445821762 0.3280664086341858 -0.08645651489496231
0.13213509321212769 0.3034472167491913 -0.0685388594865799
-0.12173675745725632 0.35915717482566833 -0.09425922483205795
-0.06895365566015244 0.36263683438301086 -0.09218680113554001
-0.10405869781970978 -0.15901926159858704 -0.036184683442115784
-0.09203393012285233 -0.15807375311851501 -0.031023986637592316
-0.03334519639611244 -0.15888559818267822 -0.03549734130501747
-0.2314634770154953 -0.10402152687311172 -0.014764034189283848
-0.21159248054027557 -0.10161178559064865 0.004118476528674364
-0.14912989735603333 -0.11739923804998398 0.015785446390509605
-0.09169486165046692 -0.11941909044981003 0.018984895199537277
-0.0398714616894722 -0.11723049730062485 0.018950194120407104
0.07301783561706543 -0.15386582911014557 -0.032903991639614105
0.12918183207511902 -0.12088479101657867 0.005479495972394943
0.15202853083610535 -0.10728205740451813 0.017484938725829124
0.23450741171836853 -0.10619428753852844 -0.0025599400978535414
0.25811848044395447 -0.10094161331653595 0.0012549996608868241
-0.3358210027217865 -0.04721222072839737 -0.032903991639614105
-0.32392627000808716 -0.046782661229372025 -0.014764034189283848
-0.23140159249305725 -0.0927773043513298 0.005710367113351822
-0.2109428495168686 -0.09826915711164474 0.011828101240098476
0.18393225967884064 -0.09985408186912537 0.014503956772387028
0.23962268233299255 -0.09821698814630508 0.01276594027876854
0.2955187261104584 -0.08018656075000763 0.012324727140367031
0.3585842549800873 -0.04837874323129654 0.01653881184756756
0.37127894163131714 -0.04411689192056656 0.0054781753569841385
-0.34435755014419556 0.0060229552909731865 -0.005818807985633612
-0.32349446415901184 -0.01573459431529045 0.014011419378221035
0.4181593656539917 -0.006085788365453482 -0.009492402896285057
0.43813255429267883 0.012375076301395893 0.012714052572846413
-0.35151398181915283 0.0714353546500206 0.0030448795296251774
0.45421111583709717 0.06944016367197037 -0.03638327121734619
-0.3652329444885254 0.1255142241716385 -0.02379211224615574
0.4754545986652374 0.12492766231298447 0.014812974259257317
-0.3395861089229584 0.18550528585910797 -0.00359531631693244
0.4737502634525299 0.18347065150737762 0.01745297573506832
-0.3276936709880829 0.2243882119655609 -0.03749176114797592
-0.2917637825012207 0.24269500374794006 -0.005818807985633612
-0.26649564504623413 0.23966819047927856 0.01836327277123928
0.1749533712863922 0.2434634566307068 0.01240046601742506
0.41462889313697815 0.2413560450077057 -0.010789591819047928
0.4696936011314392 0.2311389297246933 0.017989326268434525
-0.27837324142456055 0.26861733198165894 -0.03519519418478012
-0.21978361904621124 0.29248881340026855 -0.02806740067899227
-0.183094322681427 0.2975635528564453 -0.020763151347637177
-0.12287262082099915 0.2988704442977905 -0.003605934325605631
-0.043688200414180756 0.300110399723053 -0.009374928660690784
0.006853608880192041 0.3003609776496887 -0.021435147151350975
0.02844526246190071 0.29802489280700684 -0.02379211224615574
0.07764280587434769 0.300110399723053 -0.03749176114797592
0.13523244857788086 0.2860803008079529 -0.032903991639614105
0.2404576539993286 0.2966081202030182 0.014011419378221035
0.2926676273345947 0.29843154549598694 0.0020882056560367346
0.35183557868003845 0.2947976887226105 0.0002312131255166605
0.4088892638683319 0.2956344783306122 0.0037661592941731215
0.43728742003440857 0.2963089346885681 0.011241722851991653
-0.16649597883224487 0.3116477429866791 -0.037361498922109604
-0.1123342514038086 0.31906503438949585 -0.03137090057134628
-0.07223452627658844 0.3243574798107147 -0.0372217558324337
-0.03448102995753288 0.31494227051734924 -0.031649306416511536
0.028578834608197212 0.30385589599609375 -0.032903991639614105
0.3026314377784729 0.3182985782623291 0.014557888731360435
0.360603392124176 0.3221171498298645 0.013769054785370827
0.3938966691493988 0.32207193970680237 0.018724970519542694
0.43338796496391296 0.301053524017334 0.01348571851849556
-0.16901741921901703 -0.10389995574951172 0.028774037957191467
-0.1511586308479309 -0.10291685909032822 0.038314081728458405
-0.09068091213703156 -0.10053902864456177 0.04410586878657341
-0.039608947932720184 -0.1079302579164505 0.03133814409375191
0.04421932250261307 -0.10208772867918015 0.033158157020807266
0.12723341584205627 -0.11079765111207962 0.020531928166747093
0.1501466929912567 -0.10336270183324814 0.02556767873466015
-0.29213517904281616 -0.045946840196847916 0.020531928166747093
-0.26234570145606995 -0.04528966546058655 0.04828373342752457
-0.17046087980270386 -0.08471852540969849 0.05761632323265076
-0.10894767194986343 -0.06911320239305496 0.0752587765455246
-0.09422721713781357 -0.06871916353702545 0.07647943496704102
-0.02934706211090088 -0.0671125128865242 0.0765981525182724
0.026632120832800865 -0.06572277843952179 0.07684236019849777
0.0775386244058609 -0.0686551183462143 0.07428739964962006
0.1650911271572113 -0.09050890803337097 0.04134107381105423
0.23621591925621033 -0.0830620601773262 0.04349452257156372
0.30342981219291687 -0.061372339725494385 0.04543741047382355
0.35588502883911133 -0.045634545385837555 0.07283859699964523
0.3626159131526947 -0.04495932534337044 0.022453032433986664
-0.3046148121356964 0.014344941824674606 0.05038527399301529
-0.26700639724731445 0.0015487305354326963 0.0752435103058815
0.35231050848960876 -0.04167395830154419 0.04405941814184189
0.4133547842502594 -0.013784167356789112 0.04285937175154686
0.45799416303634644 0.0125778429210186 0.06890389323234558
-0.334613561630249 0.06199650466442108 0.02485433779656887
-0.28954723477363586 0.034876491874456406 0.06751739233732224
0.4737657904624939 0.06340142339468002 0.024015754461288452
0.4878076910972595 0.0716760903596878 0.06911499053239822
-0.334613561630249 0.12238745391368866 0.02485433779656887
-0.2977122366428375 0.12811361253261566 0.06703046709299088
0.4831700026988983 0.12492766231298447 0.02252836525440216
-0.33067238330841064 0.16139277815818787 0.022695576772093773
-0.29610270261764526 0.18458734452724457 0.05038527399301529
-0.26700639724731445 0.18214865028858185 0.0752435103058815
0.17510533332824707 0.18394096195697784 0.07064449787139893
0.4954290986061096 0.1848834753036499 0.05667516216635704
-0.2702132761478424 0.23480741679668427 0.022695576772093773
-0.21234391629695892 0.23714378476142883 0.05820286646485329
-0.1750575453042984 0.24256226420402527 0.06560125946998596
-0.1353832483291626 0.24277172982692719 0.07580168545246124
-0.09422721713781357 0.24353379011154175 0.07647943496704102
-0.03260825574398041 0.243169367313385 0.06771582365036011
0.025222646072506905 0.24362896382808685 0.051915284246206284
0.07878249883651733 0.24099086225032806 0.041950978338718414
0.1355731189250946 0.243169367313385 0.02485433779656887
0.20565420389175415 0.24362896382808685 0.05457428842782974
0.47520366311073303 0.23167464137077332 0.022513795644044876
0.4807392358779907 0.24108001589775085 0.027059126645326614
-0.2126549333333969 0.2531321942806244 0.03386741504073143
-0.15702131390571594 0.27176785469055176 0.027114033699035645
-0.11307638138532639 0.2814503610134125 0.023781798779964447
-0.09486664086580276 0.28428295254707336 0.02215667814016342
-0.031804777681827545 0.2730613052845001 0.02667846530675888
0.019237101078033447 0.26354658603668213 0.028013991191983223
0.08832293003797531 0.25669029355049133 0.020531928166747093
0.13588020205497742 0.24804352223873138 0.020531928166747093
0.24313963949680328 0.2859826982021332 0.027008330449461937
0.26727452874183655 0.2965269088745117 0.06909052282571793
0.4481451213359833 0.2976801097393036 0.020248938351869583
0.47573333978652954 0.2877545654773712 0.04313533380627632
0.2988250255584717 0.3242031931877136 0.0258950162678957
0.3599894642829895 0.34992536902427673 0.047085169702768326
0.3920917212963104 0.34921735525131226 0.07428153604269028
0.4389481842517853 0.3182985782623291 0.038515377789735794
-0.20333781838417053 -0.0445065014064312 0.08135608583688736
-0.15210677683353424 -0.04837874695658684 0.09346166998147964
-0.060235168784856796 -0.05459361523389816 0.08922993391752243
-0.016816677525639534 -0.04938731715083122 0.09395460784435272
0.038250017911195755 -0.044125109910964966 0.0995400920510292
0.0797845646739006 -0.04342755675315857 0.09966399520635605
0.17896640300750732 -0.045077674090862274 0.09550207853317261
0.22367607057094574 -0.04370387643575668 0.11525002866983414
0.297107070684433 -0.06160762161016464 0.09742104262113571
0.36076778173446655 -0.04591340944170952 0.09292725473642349
0.36251816153526306 -0.04596022516489029 0.0972302183508873
-0.2709093391895294 0.014132605865597725 0.07728556543588638
-0.26165884733200073 0.014084462076425552 0.08338478952646255
-0.20374025404453278 0.013832935132086277 0.11525002866983414
-0.1532728672027588 0.013725589960813522 0.12884917855262756
-0.09198857843875885 0.013710386119782925 0.1307753622531891
-0.030932437628507614 0.013740827329456806 0.12691882252693176
0.018069034442305565 0.013740827329456806 0.12691882252693176
0.09373322874307632 -0.039097271859645844 0.10200779139995575
0.1370810717344284 0.00868575181812048 0.11753714084625244
0.2383209764957428 -0.035223640501499176 0.12884917855262756
0.26630622148513794 -0.03922029212117195 0.13269749283790588
0.4105207026004791 -0.022068742662668228 0.12244714796543121
0.4504108130931854 0.012962044216692448 0.13015513122081757
-0.284714937210083 0.06760582327842712 0.07724092900753021
-0.2686087191104889 0.07159723341464996 0.0898212119936943
-0.19953547418117523 0.06448961794376373 0.1268255114555359
-0.14845813810825348 0.036788210272789 0.13387660682201385
-0.04304596409201622 0.04218817874789238 0.13269749283790588
-0.03490511700510979 0.04218817874789238 0.13269749283790588
0.06685546785593033 0.05439944937825203 0.13269749283790588
0.07906673848628998 0.06254029273986816 0.13269749283790588
0.136052668094635 0.06254029273986816 0.13269749283790588
0.47488290071487427 0.0507943332195282 0.11852756887674332
0.4837861657142639 0.06953255832195282 0.11798539012670517
-0.28318533301353455 0.12307725846767426 0.07932309061288834
-0.23985427618026733 0.12546125054359436 0.10650982707738876
-0.20137782394886017 0.1274377554655075 0.12536658346652985
-0.042010653764009476 0.12403244525194168 0.13384467363357544
-0.029856981709599495 0.12348482757806778 0.13333146274089813
0.018010389059782028 0.12359664589166641 0.13269749283790588
0.07515688240528107 0.12386135756969452 0.12884917855262756
0.1366354078054428 0.12412720173597336 0.12498442083597183
0.49854716658592224 0.12462220340967178 0.10026836395263672
-0.2703172266483307 0.1648041307926178 0.08135608583688736
-0.23590415716171265 0.1856999546289444 0.09219900518655777
-0.1746213734149933 0.18451543152332306 0.11830281466245651
-0.11647338420152664 0.18486882746219635 0.120737724006176
-0.06096644699573517 0.18562279641628265 0.11725382506847382
0.008831237442791462 0.18573518097400665 0.10618187487125397
0.020657531917095184 0.18492348492145538 0.10579372197389603
0.07646644115447998 0.1841188222169876 0.09746185690164566
0.18060611188411713 0.18452027440071106 0.09346166998147964
0.19059285521507263 0.1821373850107193 0.1172051802277565
0.49760931730270386 0.18404601514339447 0.0947631448507309
-0.2158324122428894 0.21736767888069153 0.0790427178144455
-0.16327176988124847 0.23072713613510132 0.08726052194833755
-0.12698522210121155 0.24192291498184204 0.07716992497444153
-0.05106387659907341 0.23507335782051086 0.08005864173173904
-0.033959511667490005 0.2337496280670166 0.07818496227264404
0.01771278865635395 0.21178171038627625 0.08576169610023499
0.07722323387861252 0.2068932056427002 0.07932309061288834
0.18638846278190613 0.2113160640001297 0.07728556543588638
0.23934294283390045 0.24319475889205933 0.1211032047867775
0.2505634129047394 0.24225613474845886 0.13351668417453766
0.4914114475250244 0.24323858320713043 0.0840156301856041
0.244855135679245 0.26975515484809875 0.07932309061288834
0.30326297879219055 0.29894348978996277 0.1307753622531891
0.4686063230037689 0.30032187700271606 0.10045596212148666
0.4765615463256836 0.2939159572124481 0.08747126162052155
0.3025312125682831 0.32317182421684265 0.08540896326303482
0.34620925784111023 0.3501144051551819 0.09746185690164566
0.3908676505088806 0.3506363034248352 0.08288932591676712
0.42379501461982727 0.34287524223327637 0.11581667512655258
0.28635337948799133 -0.04324529692530632 0.1346154510974884
0.35768744349479675 -0.043154746294021606 0.16066810488700867
0.36638590693473816 -0.0435192696750164 0.19113627076148987
0.24228233098983765 -0.0261907409876585 0.1885174810886383
0.25543418526649475 -0.01839364320039749 0.17945519089698792
0.3582157790660858 -0.041520800441503525 0.14364485442638397
0.4137352705001831 -0.018618309870362282 0.1900179237127304
0.44245103001594543 0.013326133601367474 0.18742649257183075
-0.166598841547966 0.06351324915885925 0.13611294329166412
-0.14151573181152344 0.07159990072250366 0.139526829123497
-0.09007726609706879 0.06171570345759392 0.1373283565044403
0.0017265321221202612 0.06653934717178345 0.1346154510974884
0.017990924417972565 0.062473248690366745 0.1346154510974884
0.17656874656677246 0.06653934717178345 0.1346154510974884
0.19189634919166565 0.04148491472005844 0.13701064884662628
0.4750424921512604 0.07153087109327316 0.17697593569755554
0.47592997550964355 0.0712384581565857 0.16795164346694946
-0.15994088351726532 0.12507851421833038 0.13583870232105255
-0.15156437456607819 0.12464579939842224 0.13698284327983856
-0.05885599926114082 0.12472380697727203 0.13599392771720886
-0.02832016348838806 0.11494867503643036 0.13468877971172333
0.017971500754356384 0.11114772409200668 0.1365293562412262
0.0789823904633522 0.09093593806028366 0.1346154510974884
0.18842081725597382 0.12857796251773834 0.17580381035804749
0.4723115563392639 0.0719740018248558 0.18926511704921722
0.48590216040611267 0.12492949515581131 0.16564644873142242
-0.16170573234558105 0.1340496987104416 0.1344153881072998
-0.14014983177185059 0.1461050659418106 0.13502351939678192
-0.09171802550554276 0.13487035036087036 0.1359434872865677
0.18856632709503174 0.15176554024219513 0.1365293562412262
0.21226005256175995 0.18420284986495972 0.17580381035804749
0.4805527329444885 0.1845245063304901 0.1824861764907837
0.24111318588256836 0.23681096732616425 0.1384393274784088
0.26227569580078125 0.24228791892528534 0.18671253323554993
0.47227540612220764 0.24222779273986816 0.16676738858222961
0.47583886981010437 0.24289922416210175 0.13860169053077698
0.3019753098487854 0.2936156094074249 0.1384393274784088
0.3211730122566223 0.2972610592842102 0.1885174810886383
0.4558331370353699 0.2995806634426117 0.1429288685321808
0.4765882194042206 0.25156256556510925 0.1361284852027893
0.3589479327201843 0.31946441531181335 0.18797394633293152
0.4094479978084564 0.3458747863769531 0.13896536827087402
0.4503563642501831 0.3111986815929413 0.13745208084583282
0.35223624110221863 -0.2150353193283081 0.24746088683605194
0.3001794219017029 -0.15863962471485138 0.24811501801013947
0.3499792218208313 -0.15977205336093903 0.2334640473127365
0.36702823638916016 -0.1657286435365677 0.24746088683605194
0.29730165004730225 -0.10134796053171158 0.2391291856765747
0.36023905873298645 -0.1452600359916687 0.23624901473522186
0.36608392000198364 -0.1456320434808731 0.2418404072523117
0.2912314832210541 -0.04818819835782051 0.24774745106697083
0.35407817363739014 -0.07674574106931686 0.19540166854858398
0.3837164640426636 -0.04403079301118851 0.2390153706073761
0.18829376995563507 0.01058076974004507 0.19913162291049957
0.2288431078195572 -0.027700262144207954 0.24130862951278687
0.2551575303077698 -0.006313615012913942 0.23417475819587708
0.4145553410053253 -0.014889270067214966 0.24205300211906433
0.4312874674797058 0.013664967380464077 0.2369692474603653
0.1726798713207245 0.040075596421957016 0.23875844478607178
0.4648585319519043 0.06926986575126648 0.2253897488117218
0.18866558372974396 0.1182868629693985 0.20989051461219788
0.1944747269153595 0.12480299919843674 0.22730639576911926
0.4752316176891327 0.10161423683166504 0.24624188244342804
0.48081934452056885 0.12486521899700165 0.23614373803138733
0.23453499376773834 0.18464894592761993 0.24437454342842102
0.4651719033718109 0.18378379940986633 0.24680161476135254
0.47794413566589355 0.18343861401081085 0.21777735650539398
0.24546673893928528 0.22162775695323944 0.193910151720047
0.2735404968261719 0.24265551567077637 0.2392900288105011
0.4686165750026703 0.2336655855178833 0.19568654894828796
0.47694042325019836 0.20155048370361328 0.19641539454460144
0.30289426445961 0.27917590737342834 0.20282438397407532
0.35095319151878357 0.29923689365386963 0.21583417057991028
0.405305951833725 0.2949680984020233 0.21538376808166504
0.4257948100566864 0.29783764481544495 0.1954449713230133
0.36042773723602295 0.3013354241847992 0.216157928109169
0.4094479978084564 0.3079575002193451 0.19756479561328888
0.41902634501457214 0.3025987148284912 0.19632269442081451
0.3307581841945648 -0.33161595463752747 0.30233436822891235
0.2953772246837616 -0.27601730823516846 0.30233436822891235
0.3509265184402466 -0.2770538926124573 0.2702346444129944
0.3610846996307373 -0.2810717225074768 0.30233436822891235
0.28993937373161316 -0.2150808423757553 0.2993777394294739
0.3576281666755676 -0.21531207859516144 0.2502818703651428
0.3818071782588959 -0.21564838290214539 0.3052988648414612
0.30071428418159485 -0.20206105709075928 0.26736193895339966
0.3131949007511139 -0.19556395709514618 0.2502818703651428
0.38281410932540894 -0.15830682218074799 0.2818003296852112
0.28786683082580566 -0.10652469098567963 0.2888016998767853
0.3808186948299408 -0.1425390988588333 0.2702346444129944
0.04666559025645256 -0.05426790192723274 0.3050038814544678
0.10563261061906815 -0.04514555633068085 0.28278404474258423
0.14334097504615784 -0.04373913258314133 0.27541908621788025
0.19005270302295685 -0.04343170300126076 0.2948494255542755
0.2953200340270996 -0.04385961592197418 0.2677055895328522
0.3055668771266937 -0.04318816587328911 0.293594628572464
0.38365185260772705 -0.04509126767516136 0.30228331685066223
0.07109979540109634 -0.012944675981998444 0.2884996831417084
0.1267741322517395 0.01180798839777708 0.26110854744911194
0.14088299870491028 0.01368003711104393 0.2505991458892822
0.24312664568424225 -0.002303190529346466 0.29977864027023315
0.25522905588150024 0.008152549155056477 0.3016708195209503
0.3074849545955658 -0.03925558552145958 0.3030971586704254
0.4136772155761719 0.0015304498374462128 0.28310373425483704
0.4217813014984131 0.01394190639257431 0.2770802080631256
0.12293288856744766 0.03940114378929138 0.29652509093284607
0.1828625351190567 0.06790585070848465 0.29677441716194153
0.405305951833725 0.06684788316488266 0.29833656549453735
0.45813727378845215 0.07022935152053833 0.2530493438243866
0.18814802169799805 0.10033853352069855 0.24942877888679504
0.213499516248703 0.12773235142230988 0.2888016998767853
0.2867591083049774 0.1245887279510498 0.30339664220809937
0.339291512966156 0.12487044185400009 0.3034842610359192
0.41356775164604187 0.12492603063583374 0.2898493707180023
0.4724113643169403 0.09791706502437592 0.2513386607170105
0.4768615663051605 0.11301899701356888 0.2571004331111908
0.24250617623329163 0.16633982956409454 0.29434630274772644
0.2808707058429718 0.18469904363155365 0.2878834009170532
0.35525575280189514 0.18474890291690826 0.29118022322654724
0.4176653325557709 0.18287311494350433 0.27878302335739136
0.4587521255016327 0.18458735942840576 0.2545519173145294
0.47611406445503235 0.13232506811618805 0.25616931915283203
0.2437981218099594 0.19435398280620575 0.25944724678993225
0.2985185384750366 0.2405373752117157 0.26629838347435
0.33020755648612976 0.24349258840084076 0.26953747868537903
0.4066891372203827 0.24290266633033752 0.25662776827812195
0.42174097895622253 0.23367087543010712 0.2540988028049469
0.2985665500164032 0.24860461056232452 0.2563450038433075
0.3446885347366333 0.26397180557250977 0.2550565004348755
0.405305951833725 0.25349169969558716 0.2499474436044693
0.2930353581905365 -0.3296043276786804 0.32325202226638794
0.30629611015319824 -0.337560772895813 0.30827122926712036
0.285115510225296 -0.2756878137588501 0.3414943814277649
0.3588772118091583 -0.2985973358154297 0.3202398419380188
0.3859424889087677 -0.2727401554584503 0.3600335717201233
0.28716716170310974 -0.22188055515289307 0.3172357678413391
0.3925849497318268 -0.21882431209087372 0.33843356370925903
0.288565993309021 -0.15861357748508453 0.3263799250125885
0.30786535143852234 -0.15776962041854858 0.35668161511421204
0.38892772793769836 -0.19644039869308472 0.3172357678413391
-0.04258332774043083 -0.10974342375993729 0.3566797971725464
0.01255070511251688 -0.11597573012113571 0.3511771857738495
0.05200297012925148 -0.10468197613954544 0.3477438688278198
0.29472121596336365 -0.10133713483810425 0.3124906122684479
0.32281389832496643 -0.1014147475361824 0.3435268700122833
0.38912373781204224 -0.10090356320142746 0.3255676329135895
-0.005736315622925758 -0.04579959064722061 0.33247700333595276
0.072135791182518 -0.09428350627422333 0.3449842035770416
0.12231528013944626 -0.0733194574713707 0.32489442825317383
0.15219230949878693 -0.06393001228570938 0.3547714650630951
0.19073772430419922 -0.04581461101770401 0.3285629451274872
0.30292242765426636 -0.07222356647253036 0.30780747532844543
0.3582157790660858 -0.05220850557088852 0.3288984000682831
0.38555967807769775 -0.05788054317235947 0.3071434497833252
0.012411140836775303 -0.027803391218185425 0.3263799250125885
0.07088705897331238 0.012227064929902554 0.318693071603775
0.07774211466312408 0.012154323048889637 0.32790854573249817
0.1834239661693573 -0.03814059868454933 0.3614054322242737
0.21022316813468933 0.013085893355309963 0.3597715497016907
0.24659249186515808 0.011567911133170128 0.32216161489486694
0.3476525843143463 0.014343101531267166 0.31689441204071045
0.3870943486690521 0.011689768172800541 0.3088842034339905
0.07368829846382141 0.01508226990699768 0.32238155603408813
0.12662024796009064 0.03807861730456352 0.30624035000801086
0.16936886310577393 0.043774474412202835 0.34706464409828186
0.21373459696769714 0.07138437032699585 0.34348538517951965
0.24659249186515808 0.06350725144147873 0.32216161489486694
0.3238079845905304 0.06489685922861099 0.3116089701652527
0.3756706416606903 0.029395952820777893 0.3111642599105835
0.18861889839172363 0.0746520534157753 0.31093254685401917
0.2172318398952484 0.07899950444698334 0.33890682458877563
0.24682143330574036 0.1196708008646965 0.30809012055397034
0.33274784684181213 0.10498747229576111 0.30635491013526917
0.3660382926464081 0.07359986007213593 0.30744701623916626
0.22969424724578857 0.1344703882932663 0.31119710206985474
0.2869218587875366 -0.34048211574554443 0.3980312943458557
0.3598431944847107 -0.33567652106285095 0.4019071161746979
0.3645099401473999 -0.32971033453941345 0.39371752738952637
0.2848869562149048 -0.2751164138317108 0.3666589558124542
0.3609643876552582 -0.3278208076953888 0.3742676079273224
0.3975970149040222 -0.2772391736507416 0.3980312943458557
0.2952416241168976 -0.2182304412126541 0.3681122362613678
0.30396848917007446 -0.21858227252960205 0.38014188408851624
0.3990170359611511 -0.24327735602855682 0.37571483850479126
-0.04750194028019905 -0.16378550231456757 0.4022369980812073
-0.0054009524174034595 -0.1593460589647293 0.4143841862678528
0.3028815686702728 -0.18317332863807678 0.3652031719684601
0.3187796473503113 -0.15943022072315216 0.36709097027778625
0.39942625164985657 -0.20136189460754395 0.36609330773353577
-0.040893178433179855 -0.13881729543209076 0.3705839514732361
0.014266966842114925 -0.131551593542099 0.37278980016708374
0.07005912810564041 -0.10656063258647919 0.42059293389320374
0.08003465831279755 -0.10085441917181015 0.4068455398082733
0.3586796224117279 -0.1211247369647026 0.36516764760017395
0.3640771806240082 -0.1301025152206421 0.36671847105026245
0.012058851309120655 -0.044713299721479416 0.3710104525089264
0.018946995958685875 -0.04430925473570824 0.38534286618232727
0.13062132894992828 -0.07440689206123352 0.37719404697418213
0.14650319516658783 -0.06440006196498871 0.37091609835624695
0.06877762079238892 -0.005865432787686586 0.3666589558124542
0.12725147604942322 -0.006676452700048685 0.4138316214084625
0.1724700629711151 0.013383896090090275 0.3835732340812683
0.19781944155693054 0.013183802366256714 0.3702077567577362
0.1255785971879959 0.0224981177598238 0.3652031719684601
0.17978784441947937 0.017291106283664703 0.3780156672000885
0.19781944155693054 0.028881026431918144 0.36628344655036926
0.2975514233112335 -0.3358542323112488 0.4281527101993561
0.35950034856796265 -0.3445044457912445 0.43754246830940247
0.3705574870109558 -0.3339451551437378 0.4354094862937927
0.3031538724899292 -0.32581016421318054 0.4274478554725647
0.3223817050457001 -0.27884912490844727 0.42325344681739807
0.3892292082309723 -0.31312018632888794 0.4280678629875183
0.3416375517845154 -0.2572057247161865 0.42369553446769714
0.3742307126522064 -0.2632718086242676 0.42429807782173157
-0.04979792982339859 -0.16609151661396027 0.42411330342292786
-0.005705748684704304 -0.16146615147590637 0.45628389716148376
-0.04293350130319595 -0.14548301696777344 0.42546215653419495
0.012382245622575283 -0.14536753296852112 0.4573553502559662
0.05308619514107704 -0.11293958872556686 0.4439835548400879
0.014984683133661747 -0.06681313365697861 0.43083372712135315
0.0735296830534935 -0.04469970986247063 0.45556139945983887
0.08574160188436508 -0.044410526752471924 0.44839608669281006
0.07027583569288254 -0.03420764207839966 0.4482164680957794
0.1194889172911644 -0.01900560036301613 0.4238104820251465
0.012341671623289585 -0.13116446137428284 0.4829076826572418
0.027340972796082497 -0.1061164140701294 0.48840755224227905
0.015150557272136211 -0.098521888256073 0.49093085527420044
0.042283616960048676 -0.07536520063877106 0.48030754923820496
-0.2949129641056061 0.15291650593280792 0.06288880109786987
0.1253170669078827 -0.1661079227924347 -0.21524964272975922
0.3046802878379822 -0.3055380880832672 0.29642897844314575
-0.16573718190193176 0.2631550431251526 -0.4862915873527527
-0.19832617044448853 0.19419534504413605 -0.48753422498703003
0.08586316555738449 -0.12916988134384155 -0.0028180861845612526
0.2627241909503937 0.22326987981796265 -0.4900129437446594
0.4359157085418701 0.3327479660511017 0.11078379303216934
0.38938817381858826 -0.08780050277709961 0.31689608097076416
0.42168301343917847 0.2445760816335678 -0.008197666145861149
0.2327200323343277 0.023892076686024666 -0.4937151074409485
0.14669106900691986 0.21887992322444916 0.04828373342752457
0.0011691685067489743 0.35105714201927185 -0.29983389377593994
-0.0351329930126667 0.3757127523422241 -0.12679563462734222
0.39414986968040466 -0.2842957079410553 0.3979956805706024
-0.29569700360298157 0.15409594774246216 0.06671855598688126
0.4163019359111786 0.2619636654853821 0.23785480856895447
-0.26798877120018005 0.3157738149166107 -0.24715112149715424
-0.3206089735031128 -0.028877336531877518 0.005248224828392267
-0.20669345557689667 0.3173386752605438 -0.39659979939460754
0.16499122977256775 -0.13242323696613312 -0.17945103347301483
0.15934410691261292 0.2870037853717804 -0.05032658576965332
-0.12596555054187775 -0.21525666117668152 -0.23957258462905884
0.053606607019901276 0.1546531766653061 -0.4900129437446594
0.47040465474128723 0.04327470436692238 0.11880028247833252
0.4035488963127136 0.11131478101015091 -0.25739938020706177
-0.27024734020233154 -0.14684578776359558 -0.3045634329319
0.3581904470920563 -0.2950395345687866 0.31268665194511414
-0.26439738273620605 0.06391185522079468 0.09346166998147964
0.21632784605026245 -0.07450204342603683 -0.4955466687679291
-0.26751744747161865 0.11256255954504013 -0.485046923160553
-0.07021253556013107 -0.17485634982585907 -0.055849216878414154
0.1264214664697647 0.3226190209388733 -0.44753381609916687
-0.22943955659866333 0.3050576448440552 -0.053827449679374695
-0.04332052171230316 -0.00669612642377615 0.1211032047867775
-0.3900337815284729 0.18336835503578186 -0.23465216159820557
-0.17511573433876038 -0.005452461540699005 -0.4900129437446594
-0.0009893480455502868 -0.19671103358268738 -0.4042249023914337
0.23775850236415863 0.2761189043521881 0.03557566553354263
0.20392988622188568 0.3003699779510498 -0.1769254505634308
-0.25294801592826843 0.3010491132736206 -0.07669508457183838
-0.12276880443096161 -0.1753183901309967 -0.06370298564434052
-0.05076928809285164 -0.23485544323921204 -0.1922561526298523
0.21263852715492249 -0.12454688549041748 -0.18462903797626495
0.32425162196159363 0.014127240516245365 -0.4924831986427307
-0.14458994567394257 -0.14200465381145477 -0.023583639413118362
0.2571316361427307 0.13423049449920654 0.2944822609424591
0.4497121572494507 0.18222889304161072 -0.10846605896949768
0.07747883349657059 0.21178171038627625 0.07319704443216324
0.3112652003765106 0.14435268938541412 -0.41700875759124756
0.4625791609287262 0.22376824915409088 0.00846000574529171
0.2840382158756256 0.3110271096229553 0.0685298889875412
0.33020755648612976 0.24349258840084076 0.26953747868537903
0.015015787445008755 0.28619471192359924 -0.00359531631693244
-0.2206571251153946 -0.17266343533992767 -0.15297947824001312
-0.03801112622022629 0.31583958864212036 -0.485046923160553
0.3047756850719452 -0.3244737386703491 0.30179649591445923
-0.3985157907009125 0.03164437413215637 -0.43611568212509155
-0.3061751425266266 -0.10615000873804092 -0.37087419629096985
0.40358203649520874 -0.01518699899315834 0.2844215929508209
0.13191311061382294 -0.1698692888021469 -0.1686389446258545
0.4832623302936554 0.16453850269317627 0.17775431275367737
0.12253803759813309 0.2631550431251526 -0.4862915873527527
0.10531481355428696 -0.1854303628206253 -0.2239426076412201
0.2518797814846039 -0.11095717549324036 -0.2195502519607544
-0.4622901678085327 0.184541717171669 -0.3068651258945465
0.29457181692123413 -0.07824008911848068 0.2391252964735031
0.019401229918003082 -0.24140024185180664 -0.18254709243774414
-1.2303569747018628e-05 -0.1125703752040863 0.3477729260921478
0.37522464990615845 0.014177466742694378 0.31240329146385193
-0.05173391103744507 -0.023179320618510246 0.11329058557748795
0.12372463941574097 -0.12309202551841736 -0.3238345980644226
0.39197540283203125 -0.029537618160247803 -0.22512967884540558
0.45681411027908325 0.1404327154159546 -0.04637780040502548
-0.34933024644851685 0.24290351569652557 -0.2359401136636734
0.33735236525535583 0.03374012932181358 -0.43198883533477783
0.42855969071388245 0.001425073598511517 -0.18618209660053253
-0.22961613535881042 0.18437860906124115 -0.4847942590713501
0.4561685025691986 0.28850212693214417 0.16143125295639038
-0.4983929693698883 0.10405537486076355 -0.2975834012031555
0.3868178427219391 0.3137190639972687 0.1994781345129013
0.046510182321071625 -0.22875818610191345 -0.15633171796798706
0.2662220597267151 0.16000033915042877 -0.35559940338134766
0.21830539405345917 -0.03685733675956726 0.2581675350666046
0.04673690348863602 -0.026686500757932663 0.3924112617969513
0.27458664774894714 -0.11496210098266602 -0.06253354251384735
0.2986923158168793 0.15286633372306824 -0.40913665294647217
-0.20344772934913635 -0.13225820660591125 -0.04210098832845688
0.28493767976760864 -0.2109888792037964 0.3070078492164612
0.3001822233200073 0.04177393391728401 0.3166095018386841
-0.028444258496165276 -0.22736120223999023 -0.29397711157798767
0.08832293003797531 0.25669029355049133 0.020531928166747093
-0.3157099187374115 -0.06701615452766418 -0.42515435814857483
0.4809207320213318 0.053575437515974045 0.08035606890916824
0.018916623666882515 -0.10574313253164291 0.040552761405706406
0.005100981332361698 0.35653072595596313 -0.3810866177082062
0.04724733158946037 -0.06947296112775803 0.07349741458892822
-0.32727253437042236 0.2707609534263611 -0.11888714879751205
-0.3470860421657562 0.01463309582322836 -0.002518430119380355
0.08574160188436508 0.3106406033039093 -0.3577788174152374
0.37398621439933777 -0.1759055256843567 0.3848242163658142
0.37438127398490906 -0.3271779417991638 0.4196780025959015
0.29475611448287964 -0.13013604283332825 0.2508838176727295
0.4444296061992645 0.11228115856647491 -0.19430676102638245
-0.04653101786971092 -0.21538977324962616 -0.3259161114692688
0.1342906951904297 -0.16543935239315033 -0.11556999385356903
0.07163697481155396 0.2633964419364929 0.012502837926149368
0.2227080911397934 -0.0200005192309618 0.2998906672000885
0.4847114682197571 0.2177090346813202 0.12362406402826309
-0.02795245870947838 -0.2235618680715561 -0.30437546968460083
0.3296473026275635 0.11763853579759598 -0.4353375732898712
-0.13842369616031647 0.14156466722488403 0.13643479347229004
0.02987024001777172 -0.1246914491057396 0.3750586211681366
0.18701301515102386 0.03905099257826805 0.16946586966514587
-0.005199353210628033 -0.0250154510140419 -0.4924831986427307
0.30321770906448364 0.21022751927375793 -0.4202122092247009
0.3681964874267578 0.04436497017741203 -0.28679993748664856
-0.14715877175331116 0.2598113417625427 0.04781908169388771
0.20451310276985168 -0.0727769210934639 -0.32753151655197144
-0.35407963395118713 0.2587682604789734 -0.27266472578048706
-0.326679527759552 0.19560985267162323 0.006180962547659874
0.025036949664354324 0.17148254811763763 0.11557261645793915
-0.1948000192642212 -0.033561840653419495 0.09007251262664795
0.38425418734550476 -0.21603769063949585 0.39704716205596924
0.07994820922613144 0.2619033753871918 0.014011419378221035
0.39743441343307495 0.34155136346817017 0.05299215763807297
0.09461241215467453 -0.0479399636387825 0.4442612826824188
0.2970326244831085 -0.11513242870569229 -0.139094278216362
-0.36339014768600464 0.23326058685779572 -0.38494646549224854
-0.2444440871477127 0.29266539216041565 -0.4111890494823456
0.3779890239238739 0.34327760338783264 0.15074090659618378
-0.34444406628608704 -0.07421702891588211 -0.3738277554512024
0.20543837547302246 -0.12614722549915314 -0.48130732774734497
0.452399343252182 0.09166806936264038 -0.021176129579544067
0.1958208978176117 -0.026615288108587265 0.3650446832180023
-0.03962848335504532 0.3567657172679901 -0.4226866364479065
-0.1162024438381195 -0.057683065533638 -0.491249144077301
0.37315014004707336 0.0741143524646759 -0.2872748076915741
-0.3243476152420044 -0.10909661650657654 -0.261924684047699
0.13515256345272064 0.18075551092624664 0.08944407850503922
-0.12432250380516052 0.02181227132678032 0.1346154510974884
0.09728885442018509 0.33288833498954773 -0.12660345435142517
-0.17914682626724243 -0.12032505869865417 -0.48380011320114136
-0.2644651532173157 0.14219284057617188 -0.48380011320114136
-0.16676761209964752 0.3647439479827881 -0.2763250470161438
0.2940867841243744 -0.06801135838031769 -0.2779088318347931
0.189897820353508 -0.06447255611419678 0.07891248911619186
0.3346768021583557 0.23388037085533142 -0.26060327887535095
-0.07448215037584305 0.13411380350589752 0.1337680220603943
-0.1289876103401184 0.2890358567237854 0.009342235513031483
-0.35615184903144836 0.04452560842037201 -0.004762857221066952
0.027340972796082497 -0.1061164140701294 0.48840755224227905
0.03397256135940552 0.11207998543977737 -0.491249144077301
-0.0378502681851387 0.1349327117204666 -0.491249144077301
0.14805039763450623 0.2858580946922302 -0.36392951011657715
0.057494938373565674 -0.11538608372211456 0.38038748502731323
0.144911527633667 -0.05121781677007675 0.40401333570480347
0.3050622045993805 0.2772326171398163 -0.4680289924144745
0.3436945676803589 0.1620873063802719 -0.29484519362449646
0.18523642420768738 0.001425073598511517 0.38079485297203064
0.28458908200263977 -0.20350442826747894 0.2917139530181885
0.26392772793769836 -0.031913548707962036 -0.40726977586746216
0.031634293496608734 -0.22625397145748138 -0.14035987854003906
0.22644807398319244 0.1130116879940033 0.3224768042564392
0.2923327386379242 0.17201732099056244 -0.40701034665107727
0.1579197198152542 0.14123587310314178 0.11525002866983414
0.09281615167856216 0.18406033515930176 -0.4900129437446594
-0.10442540049552917 0.13116322457790375 0.13648001849651337
0.2902582585811615 -0.34768617153167725 0.3414943814277649
-0.29788973927497864 0.24437902867794037 -0.02698480151593685
-0.36722561717033386 0.20253418385982513 -0.42539161443710327
-0.2474219650030136 0.12218818813562393 -0.48753422498703003
-0.1065564826130867 -0.20693270862102509 -0.31486639380455017
-0.01641305722296238 -0.06318781524896622 0.3504946529865265
0.43426162004470825 0.17382855713367462 -0.18380843102931976
0.39723753929138184 0.24760602414608002 -0.13683940470218658
0.4558914303779602 0.0838765799999237 -0.03258955106139183
0.09329575300216675 0.3328041732311249 -0.4825512766838074
0.4561621844768524 0.11163218319416046 0.2751081585884094
0.20603536069393158 -0.012999388389289379 0.18686173856258392
-0.1480780988931656 0.08491364121437073 0.1398072987794876
0.31699907779693604 -0.12541060149669647 0.22974564135074615
0.08371742814779282 -0.07372991740703583 0.44470521807670593
0.2743111848831177 0.24786388874053955 0.21316492557525635
-0.15945224463939667 -0.14629524946212769 -0.45322173833847046
0.08977671712636948 -0.04848294332623482 0.44741782546043396
-0.19331318140029907 -0.07902650535106659 0.056661881506443024
0.25577762722969055 0.29426828026771545 0.02915731631219387
-0.252318412065506 0.26460909843444824 -0.005818807985633612
-0.3871743977069855 0.226091668009758 -0.36711248755455017
0.20822127163410187 0.14293116331100464 0.24098828434944153
-0.16716577112674713 -0.13436909019947052 -0.4737481474876404
-0.36888372898101807 -0.05692218616604805 -0.16478079557418823
0.22884491086006165 -0.07413200289011002 0.07319704443216324
0.3913232088088989 -0.034966807812452316 0.18891920149326324
0.49068623781204224 0.08376749604940414 0.09929203987121582
-0.2449539750814438 0.27495262026786804 -0.017013275995850563
0.2671043276786804 0.19448985159397125 -0.3472011685371399
0.48584917187690735 0.1553451269865036 0.15828639268875122
0.25497257709503174 0.28309357166290283 -0.047647036612033844
-0.3248298466205597 0.2513514459133148 -0.07497759908437729
0.4561685025691986 0.13478587567806244 0.2717059552669525
0.15115788578987122 0.11380971968173981 0.12398441880941391
0.037922222167253494 -0.1817222535610199 -0.46483808755874634
0.1090630292892456 0.004656805191189051 0.3980197012424469
-0.4491223096847534 0.14327773451805115 -0.4020870327949524
0.20138153433799744 0.25988084077835083 -0.35114553570747375
0.1970272660255432 0.21340009570121765 0.09546390920877457
-0.45447027683258057 0.15901978313922882 -0.3837757706642151
-0.10414538532495499 0.3567248284816742 -0.37805336713790894
-0.2775910496711731 0.03390420600771904 -0.48380011320114136
-0.009720206260681152 -0.24070221185684204 -0.2031378597021103
0.40527787804603577 0.1124197319149971 0.2951860725879669
-0.19815693795681 0.16459660232067108 -0.4887745976448059
0.12681666016578674 0.3203221261501312 -0.43927857279777527
0.3751046359539032 -0.03620277717709541 0.044855713844299316
0.399752676486969 0.004483202937990427 -0.23694255948066711
-0.35705018043518066 -0.04783550277352333 -0.08218064904212952
-0.34636199474334717 0.13221214711666107 0.0074464441277086735
0.07308603078126907 -0.16527676582336426 -0.4924831986427307
0.2041437327861786 0.13919597864151 0.24651525914669037
0.4271996319293976 -0.006542184390127659 0.19034241139888763
0.32026416063308716 -0.10663477331399918 -0.16609951853752136
0.22602732479572296 0.3083861470222473 -0.4737481474876404
0.09357975423336029 0.33432289958000183 -0.19257506728172302
0.4176653325557709 0.2308720052242279 0.25821205973625183
-0.3587377369403839 0.13358555734157562 -0.012520038522779942
0.24166907370090485 -0.08726898580789566 -0.28015679121017456
0.36553582549095154 0.26717621088027954 -0.07333337515592575
-0.23873235285282135 0.33454063534736633 -0.17820225656032562
-0.28198233246803284 -0.11242970824241638 -0.08183719962835312
0.3100817799568176 -0.005594587419182062 0.3216363489627838
-0.19537460803985596 0.33768606185913086 -0.3517729640007019
0.4945133924484253 0.10389953851699829 0.05134836956858635
0.31906142830848694 0.03469002991914749 0.31635552644729614
0.321545273065567 -0.07506509125232697 -0.24652042984962463
0.1559036374092102 0.004685316700488329 0.39502033591270447
-0.3888503611087799 -0.026758139953017235 -0.23468244075775146
0.19960233569145203 0.0014088740572333336 0.3698277771472931
0.3548174798488617 0.2645482122898102 -0.1826261729001999
0.37498635053634644 0.3053954243659973 0.0037917864974588156
-0.08661378920078278 0.36695748567581177 -0.10287382453680038
-0.05101660266518593 0.3757604658603668 -0.12521009147167206
-0.06311456114053726 0.3474392294883728 -0.4334489703178406
0.24398039281368256 0.2853347659111023 -0.24238328635692596
0.36422547698020935 0.00905193667858839 -0.2745151221752167
0.43442121148109436 0.005026279948651791 0.0247573833912611
0.43649980425834656 0.02484385296702385 -0.00571818184107542
0.1541411578655243 -0.006193235516548157 0.24869287014007568
0.0828717052936554 0.004341567866504192 -0.4924831986427307
-0.1869906336069107 0.2951695919036865 -0.4737481474876404
-0.10463281720876694 0.3572777807712555 -0.08842798322439194
-0.33497491478919983 -0.00016552604211028665 0.0035159585531800985
-0.002822129288688302 -0.14396914839744568 0.3856180012226105
-0.3267812430858612 0.07450561970472336 0.03522952273488045
-0.28744080662727356 0.291592001914978 -0.3350682258605957
0.22057053446769714 -0.13282252848148346 -0.09491446614265442
-0.24607397615909576 -0.027745461091399193 0.0763174444437027
0.3637787997722626 0.2642859220504761 -0.06275276839733124
-0.24211880564689636 -0.06688915193080902 0.03983072191476822
0.0038209212943911552 -0.19046451151371002 -0.4240621030330658
0.43458864092826843 0.04720429331064224 -0.20496724545955658
0.20782184600830078 -0.07413200289011002 0.07319704443216324
0.1836453229188919 0.24832475185394287 0.01836327277123928
0.011073541827499866 -0.1797148734331131 -0.06503228843212128
-0.13461841642856598 -0.214564710855484 -0.20460589230060577
0.17063114047050476 -0.046385932713747025 0.372016578912735
-0.16346630454063416 -0.15495911240577698 -0.05673610046505928
0.07321137934923172 0.19386272132396698 -0.4900129437446594
-0.2718024253845215 0.18255062401294708 0.07114604860544205
0.10177739709615707 -0.1723989099264145 -0.07724593579769135
0.1858675479888916 -0.08828847110271454 0.03983072191476822
0.22418400645256042 0.2448664903640747 -0.35427260398864746
0.17760510742664337 0.26521795988082886 -0.010281168855726719
-0.10524480789899826 -0.12477847933769226 0.012609835714101791
-0.3592052757740021 0.23397661745548248 -0.16353337466716766
-0.14825284481048584 -0.15870079398155212 -0.43077272176742554
-0.01229515764862299 -0.1480974704027176 0.38269683718681335
-0.24149483442306519 0.19469641149044037 -0.48380011320114136
-0.12675297260284424 -0.20582208037376404 -0.29506585001945496
-0.02839173749089241 -0.16410638391971588 -0.4737481474876404
-0.1293763965368271 -0.04647757485508919 0.09511766582727432
0.4322134554386139 0.24386964738368988 -0.004328620154410601
0.05248118191957474 0.0012689970899373293 0.32331398129463196
-0.14976736903190613 -0.18680249154567719 -0.10158535093069077
0.3665706515312195 -0.04150446131825447 0.0709947869181633
-0.22951529920101166 -0.1389842927455902 -0.07497759908437729
-0.33798980712890625 -0.10508214682340622 -0.17242027819156647
0.14400869607925415 -0.12895967066287994 -0.26338714361190796
-0.32786160707473755 -0.10713445395231247 -0.19448673725128174
-0.45937883853912354 0.011952647008001804 -0.3547366261482239
0.3592015504837036 -0.04588897526264191 0.138166144490242
0.1105831116437912 0.01706876792013645 0.2781327962875366
0.18476502597332 0.19283810257911682 0.09346166998147964
0.33128973841667175 -0.09294525533914566 -0.06767009198665619
-0.2762984335422516 -0.13569653034210205 -0.14075298607349396
0.08351483196020126 -0.18298597633838654 -0.4813001751899719
0.16427867114543915 -0.0054399375803768635 -0.4937151074409485
0.24617087841033936 0.27280980348587036 0.04091067984700203
-0.2879513204097748 0.29369521141052246 -0.11294260621070862
0.052626579999923706 -0.12135263532400131 0.4031603932380676
0.29392728209495544 -0.054310835897922516 -0.4844752550125122
-0.05439275503158569 -0.1627224087715149 -0.039185162633657455
0.2741127908229828 0.24661603569984436 0.23793020844459534
0.22424937784671783 -0.09432560950517654 -0.27161088585853577
0.39022237062454224 0.05429866164922714 -0.26658669114112854
0.20210328698158264 0.2715049088001251 0.0074464441277086735
0.12550494074821472 0.3252411484718323 -0.4548801779747009
0.41902634501457214 0.16900719702243805 0.28195828199386597
0.4849475920200348 0.20207659900188446 0.03301098197698593
0.33411356806755066 0.28293687105178833 -0.17116409540176392
0.17978784441947937 -0.03425353020429611 0.37405070662498474
0.08201234042644501 -0.09632901102304459 0.4206388294696808
0.012058851309120655 -0.044713299721479416 0.3710104525089264
-0.19530881941318512 -0.1464250683784485 -0.0637468546628952
0.18560300767421722 0.06372679769992828 0.3214085102081299
0.42482784390449524 -0.0228965412825346 -0.1608113944530487
-0.36397168040275574 0.11185432225465775 -0.017013275995850563
0.012160741724073887 0.33603256940841675 -0.3328799605369568
0.0565807931125164 0.22067715227603912 0.06909052282571793
-0.1465868502855301 -0.20639356970787048 -0.1546657234430313
0.29077744483947754 0.05253951624035835 0.3140456974506378
0.07905789464712143 -0.21552838385105133 -0.18878263235092163
0.14484763145446777 -0.11634839326143265 -0.4924831986427307
0.305002897977829 0.23697499930858612 -0.4222943186759949
0.3002745807170868 0.22288984060287476 -0.41612881422042847
-0.25463616847991943 -0.11983862519264221 -0.05840393155813217
0.07336416095495224 -0.15634869039058685 -0.030531330034136772
0.24249736964702606 0.05322409048676491 -0.4937151074409485
-0.3805810511112213 0.08488485962152481 -0.45322173833847046
-0.4947308599948883 0.10131505131721497 -0.2657751739025116
0.4165993332862854 0.10483130812644958 0.2901614308357239
0.10268455743789673 -0.18266698718070984 -0.4211925268173218
0.4638924300670624 0.10416223853826523 -0.14191928505897522
0.3789331316947937 -0.0688023716211319 0.23142488300800323
0.3191518187522888 -0.057141032069921494 0.318693071603775
0.21316535770893097 0.10211078077554703 -0.4937151074409485
-0.09990738332271576 0.22490549087524414 0.0947810709476471
-0.17672522366046906 -0.14332106709480286 -0.046592827886343
0.4484155774116516 0.014849350787699223 -0.14686451852321625
-0.30526918172836304 0.20442363619804382 -0.4609861969947815
0.32468387484550476 -0.3702702522277832 0.44227319955825806
-0.08517486602067947 -0.2296866476535797 -0.17446710169315338
0.26803824305534363 0.30637308955192566 -0.44690343737602234
0.38686826825141907 -0.18528172373771667 0.3052988648414612
0.2810839116573334 -0.0883595272898674 0.008702145889401436
0.3079677224159241 0.16810128092765808 0.2955890893936157
0.0011691685067489743 -0.1425049751996994 0.4863712191581726
-0.15620344877243042 0.34514540433883667 -0.08301962912082672
0.33290696144104004 0.0842905193567276 -0.32208946347236633
-0.09661440551280975 -0.0968591570854187 -0.491249144077301
0.4746032655239105 0.1723739504814148 0.016131693497300148
0.426719069480896 0.32555344700813293 0.15625521540641785
0.3270784914493561 0.04517289623618126 0.315597802400589
0.20439137518405914 -0.03827435150742531 0.2828112840652466
0.46769213676452637 0.24813202023506165 0.18212953209877014
-0.33437836170196533 -0.10218724608421326 -0.17792226374149323
-0.07706723362207413 0.3637015223503113 -0.33259832859039307
-0.1439608484506607 -0.2043708860874176 -0.2722037434577942
0.3155008554458618 -0.06809388846158981 0.318693071603775
-0.2615393400192261 -0.09265198558568954 -0.4445899724960327
0.36444777250289917 -0.2263515442609787 0.26163893938064575
-0.022910265251994133 -0.01904524490237236 0.11525002866983414
0.4004659056663513 -0.27886006236076355 0.4074583947658539
0.14182807505130768 0.17425794899463654 -0.4900129437446594
0.14858072996139526 0.10346584767103195 0.12884917855262756
0.03974840044975281 -0.23134388029575348 -0.24734099209308624
-0.15792937576770782 0.3489008843898773 -0.36620548367500305
0.1692788153886795 -0.15634655952453613 -0.4711022675037384
-0.24217988550662994 -0.16474124789237976 -0.21755631268024445
0.38283011317253113 -0.12505175173282623 0.3518199622631073
0.31282326579093933 0.29814139008522034 -0.13807442784309387
0.36583882570266724 -0.05599222704768181 -0.22812744975090027
0.28374359011650085 -0.09022779017686844 -0.25236213207244873
0.3446885347366333 0.26397180557250977 0.2550565004348755
0.3148052990436554 -0.15384498238563538 0.36625924706459045
0.4193051755428314 -0.03714059293270111 -0.13688470423221588
0.014501553028821945 -0.2316792607307434 -0.14440883696079254
0.18414680659770966 0.26383620500564575 -0.3516496419906616
0.28994420170783997 -0.13746199011802673 0.318693071603775
-0.3415382206439972 -0.01596173271536827 -0.014764034189283848
0.4245454668998718 -0.0022191840689629316 0.22371579706668854
0.1843588799238205 0.21866755187511444 0.06810145825147629
-0.00048017327208071947 0.25038212537765503 0.050749991089105606
0.35044237971305847 -0.14351165294647217 0.3750978410243988
0.10861735790967941 0.03608116880059242 0.12484757602214813
0.33080679178237915 -0.1746923327445984 0.23624901473522186
-0.3369859755039215 0.21617989242076874 -0.05240049585700035
-0.2996843755245209 0.2940957546234131 -0.27106496691703796
-0.4841206967830658 0.1342530995607376 -0.35309460759162903
0.42896124720573425 0.10447528213262558 0.28466877341270447
0.14497147500514984 0.1447267234325409 -0.491249144077301
0.16006825864315033 -0.08505846560001373 -0.326295405626297
-0.2230239361524582 0.33456432819366455 -0.294599711894989
0.3287332057952881 0.16294707357883453 0.29741209745407104
-0.1678827702999115 0.18853411078453064 0.11806748062372208
0.37605199217796326 0.2653552293777466 -0.12713991105556488
0.4183041453361511 0.20363527536392212 -0.01602167636156082
0.2744201123714447 0.09190957993268967 -0.35857632756233215
-0.07810955494642258 0.37498754262924194 -0.29203835129737854
-0.276765912771225 -0.08680660277605057 -0.02379211224615574
-0.4453369677066803 0.1856168508529663 -0.3664814829826355
0.36233827471733093 0.20478135347366333 0.28409770131111145
0.03214585408568382 -0.055754657834768295 0.305477112531662
-0.2110067456960678 0.247573584318161 0.04657990485429764
0.33584102988243103 0.08074188977479935 -0.43239617347717285
0.1178525760769844 -0.00965915061533451 0.26379159092903137
-0.20064255595207214 -0.11723049730062485 -0.014764034189283848
0.3689001500606537 0.24278150498867035 0.266516774892807
-0.2692335844039917 -0.07707523554563522 -0.001376831321977079
-0.022730164229869843 -0.23710449039936066 -0.22295233607292175
0.22203120589256287 -0.04579468443989754 -0.4953072667121887
0.16879595816135406 0.08298128098249435 0.1307753622531891
0.05655941739678383 -0.22591091692447662 -0.2398342490196228
0.19323933124542236 -0.080933578312397 -0.3078627586364746
-0.1123039573431015 0.3582976758480072 -0.08940430730581284
-0.11864381283521652 0.37366461753845215 -0.13754987716674805
0.01771278865635395 0.21178171038627625 0.08576169610023499
0.31854331493377686 -0.3194011151790619 0.287628710269928
0.2863197326660156 -0.13666406273841858 0.27592289447784424
-0.018132630735635757 -0.15444251894950867 0.3964715898036957
0.4677753448486328 0.11409778147935867 -0.12750472128391266
0.12201439589262009 0.004341567866504192 -0.4924831986427307
0.28917810320854187 0.08307215571403503 0.3105669319629669
0.0485047809779644 -0.2322620153427124 -0.20909357070922852
-0.2107263058423996 -0.17752055823802948 -0.32325130701065063
0.12389820069074631 -0.11819691210985184 -0.34753182530403137
0.1818687617778778 0.29764413833618164 -0.4590013027191162
0.2125631719827652 0.29566648602485657 -0.19698993861675262
-0.49466440081596375 0.07382231950759888 -0.3297381103038788
0.32397520542144775 0.023892076686024666 -0.4937151074409485
0.11029764264822006 -0.13891427218914032 -0.31735414266586304
0.08435983210802078 0.012058612890541553 0.34003379940986633
0.3581933081150055 0.14392757415771484 0.2991468906402588
0.35558074712753296 0.21525941789150238 -0.2551155686378479
0.21271087229251862 0.20435117185115814 0.1384393274784088
-0.09337620437145233 -0.03984735906124115 0.10342971235513687
0.28349366784095764 0.2832489311695099 0.12691882252693176
-0.020310545340180397 0.33519256114959717 -0.06477562338113785
0.32496002316474915 -0.08490431308746338 -0.03799162432551384
-0.03632335364818573 0.3146492838859558 -0.4847540259361267
-0.2511754035949707 0.33220580220222473 -0.17554552853107452
0.17435353994369507 0.1839028149843216 -0.491249144077301
0.4971048831939697 0.13321906328201294 0.05393987521529198
0.3140128552913666 -0.1786055713891983 0.2409588098526001
0.48081934452056885 0.15273554623126984 0.23614373803138733
0.3932953476905823 0.24422819912433624 -0.17082606256008148
-0.37787237763404846 -0.056596506386995316 -0.2555224299430847
0.3721824884414673 0.26550886034965515 -0.09924755990505219
0.2070571780204773 0.2929656207561493 -0.07576915621757507
-0.35528478026390076 -0.07510334253311157 -0.20134709775447845
-0.1644148975610733 -0.15566740930080414 -0.05605848878622055
0.37888652086257935 -0.03745368495583534 0.07337851077318192
-0.4044815003871918 0.053104136139154434 -0.1449231654405594
-0.18467548489570618 0.2749176621437073 0.014011419378221035
0.28772085905075073 -0.09779752790927887 -0.23615622520446777
-0.09043032675981522 0.2632480263710022 0.05031336471438408
0.38423672318458557 0.2848159670829773 0.23151612281799316
0.45487329363822937 0.09811380505561829 -0.025723500177264214
-0.1911565363407135 0.34205901622772217 -0.10158535093069077
0.3346794545650482 -0.08381367474794388 -0.22166068851947784
-0.028636382892727852 -0.1455335170030594 0.4597078859806061
0.07293836772441864 0.009234581142663956 0.3067464232444763
-0.002453929977491498 0.34500545263290405 -0.08168134093284607
-0.047478821128606796 -0.1245969608426094 0.3881780207157135
0.271537721157074 -0.07634308934211731 0.057638019323349
-0.03476199135184288 -0.15642127394676208 -0.48380011320114136
-0.39430058002471924 0.041259001940488815 -0.10014818608760834
-0.06444297730922699 -0.214950293302536 -0.3137689232826233
-0.3449050188064575 -0.08792579174041748 -0.32334375381469727
-0.028587112203240395 -0.16857127845287323 -0.46355634927749634
0.42805710434913635 0.1215614378452301 -0.2199208289384842
0.40809014439582825 0.09201804548501968 0.29521846771240234
-0.06496818363666534 0.2708572447299957 0.03767785057425499
0.15473400056362152 0.2945285141468048 -0.07142745703458786
-0.2833269238471985 0.22485435009002686 0.022474493831396103
0.0380382165312767 0.34864822030067444 -0.39696988463401794
0.012160741724073887 0.3447186052799225 -0.36328110098838806
0.4832170605659485 0.10207448899745941 0.1703127771615982
-0.27970004081726074 -0.028277341276407242 0.046177543699741364
0.034031160175800323 0.2136504203081131 -0.4887745976448059
-0.48615768551826477 0.1512661576271057 -0.30074018239974976
-0.345456600189209 0.25078094005584717 -0.1932923048734665
0.39068403840065 -0.04032028838992119 0.27439260482788086
-0.09782321006059647 0.3879444897174835 -0.22112222015857697
-0.22758923470973969 0.0534079372882843 -0.4887745976448059
0.2339920997619629 0.23374734818935394 0.1307753622531891
0.07823026925325394 -0.20507830381393433 -0.2486475706100464
-0.3617441952228546 -0.06403888016939163 -0.20371614396572113
-0.2866886258125305 -0.1259777694940567 -0.3625137507915497
0.10244304686784744 -0.10656272619962692 -0.4924831986427307
0.47139063477516174 0.2290206253528595 0.19086557626724243
-0.09770664572715759 0.3645320236682892 -0.3345516324043274
-0.30483782291412354 0.036832693964242935 0.05396701768040657
0.26574018597602844 -0.03507641330361366 0.1365293562412262
0.2422093152999878 -0.12928487360477448 -0.15111130475997925
0.037587083876132965 -0.22638286650180817 -0.1435004472732544
0.3768344521522522 0.15282650291919708 0.29486942291259766
0.04338204115629196 -0.20519767701625824 -0.10158535093069077
0.10969158262014389 -0.02322809025645256 0.43022045493125916
0.3030814230442047 -0.26883646845817566 0.28471070528030396
0.19807051122188568 -0.09626920521259308 -0.4215209484100342
-0.30378061532974243 0.2739085257053375 -0.362091064453125
0.45506957173347473 0.0729605108499527 -0.037634190171957016
0.3433605134487152 -0.0497564896941185 0.07043050229549408
-0.1374085545539856 0.17715632915496826 0.1259859949350357
0.06500139832496643 -0.0727769210934639 0.4657649099826813
-0.07340922206640244 -0.2196670025587082 -0.28380224108695984
0.128873810172081 0.14093194901943207 0.11915627866983414
-0.24604079127311707 -0.06816942244768143 -0.47627419233322144
-0.007720395922660828 -0.08858494460582733 0.3302847445011139
-0.24582277238368988 0.30606064200401306 -0.37517049908638
0.44624796509742737 -0.005696186795830727 0.11070523411035538
-0.12315016239881516 0.024135269224643707 0.13522869348526
0.31593045592308044 -0.0682230293750763 0.019479474052786827
0.035006146878004074 -0.15681079030036926 -0.033977214246988297
0.3990342915058136 -0.18672533333301544 0.34146857261657715
-0.20510302484035492 0.29415589570999146 -0.4622724652290344
0.2531382441520691 0.24308271706104279 -0.4887745976448059
0.1231764405965805 0.30299824476242065 -0.26681429147720337
-0.29321321845054626 -0.05243759602308273 -0.4545214772224426
0.33487701416015625 -0.20083384215831757 0.39572471380233765
-0.0281592458486557 -0.1120377629995346 0.02462438866496086
-0.06030481681227684 0.35585540533065796 -0.08340033143758774
-0.046987779438495636 0.35415011644363403 -0.08291950821876526
0.262052059173584 0.07277876883745193 -0.4937151074409485
-0.3358210027217865 -0.04721222072839737 -0.032903991639614105
-0.19458092749118805 -0.19140483438968658 -0.25483137369155884
0.014549300074577332 0.35103639960289 -0.47501224279403687
-0.12664325535297394 -0.13673242926597595 -0.48380011320114136
0.03952541947364807 -0.20526579022407532 -0.38521111011505127
0.020533571019768715 -0.04546030983328819 0.09713825583457947
-0.36397168040275574 0.05454951152205467 -0.017013275995850563
-0.03981722518801689 0.3545244634151459 -0.4243578612804413
-0.15551096200942993 -0.08713901042938232 -0.4900129437446594
-0.014027993194758892 -0.10999304801225662 0.4401351809501648
0.05351468175649643 0.09241262078285217 -0.4924831986427307
0.42350706458091736 0.22203046083450317 -0.010818732902407646
0.44547542929649353 0.29520168900489807 0.1750677227973938
0.2546910047531128 0.15351246297359467 -0.3633790612220764
-0.20814533531665802 0.17455703020095825 -0.48753422498703003
-0.41983792185783386 0.2047441005706787 -0.3617207705974579
0.3040645122528076 0.29350894689559937 -0.09586334973573685
0.3227844834327698 0.28266507387161255 -0.06986507773399353
-0.14245112240314484 0.31551143527030945 -0.45581895112991333
0.384027361869812 0.07750052213668823 -0.2745911478996277
0.3062353730201721 0.24568921327590942 -0.2755231559276581
0.32888174057006836 -0.05524107813835144 0.05448605492711067
-0.3967539668083191 0.048216886818408966 -0.10502772778272629
0.26803824305534363 0.17456509172916412 -0.3904142677783966
0.0035648175980895758 0.3595712184906006 -0.39687320590019226
0.309610515832901 0.2938786745071411 -0.10663434118032455
0.4753285348415375 0.17261718213558197 0.23849822580814362
0.22245118021965027 0.22190211713314056 -0.3739739656448364
0.28975382447242737 0.2671639919281006 -0.021861374378204346
-0.29530081152915955 0.27000564336776733 -0.3908699154853821
0.2890913188457489 -0.30531537532806396 0.3323364853858948
0.14194956421852112 0.2136504203081131 -0.4887745976448059
0.07346337288618088 0.3223969042301178 -0.485046923160553
0.01862231269478798 0.3750728368759155 -0.19738024473190308
0.31772157549858093 -0.19531264901161194 0.24746088683605194
0.3025312125682831 0.32317182421684265 0.08540896326303482
0.3856755197048187 -0.24734631180763245 0.4106858968734741
0.12223424017429352 0.03419909626245499 0.315597802400589
0.015205097384750843 -0.05742718651890755 0.40911534428596497
0.31787344813346863 0.14322717487812042 0.30079570412635803
0.2872084975242615 -0.0401047021150589 0.15676772594451904
-0.12299439311027527 -0.04837874695658684 0.09346166998147964
-0.1898658275604248 0.3523154854774475 -0.1261335015296936
0.2724224328994751 0.17367437481880188 -0.3475250005722046
0.495805948972702 0.09383981674909592 0.07334809750318527
0.023222612217068672 -0.02046053111553192 0.33247700333595276
-0.20814533531665802 0.18437618017196655 -0.48753422498703003
0.14447733759880066 0.28459352254867554 -0.35454225540161133
-0.25790220499038696 0.161881685256958 -0.48380011320114136
0.22597402334213257 0.1546659618616104 0.279131680727005
0.34948405623435974 0.34492814540863037 0.038076359778642654
0.0380382165312767 0.3315095901489258 -0.35840797424316406
0.14733482897281647 0.1720435470342636 0.09346166998147964
0.1194889172911644 0.3049704432487488 -0.3758772313594818
0.47494181990623474 0.058933258056640625 0.14011596143245697
0.12253803759813309 0.29263773560523987 -0.4862915873527527
0.015197035856544971 -0.085446797311306 0.4736161231994629
0.3025709390640259 -0.04397810250520706 0.16675075888633728
-0.14006584882736206 -0.18613334000110626 -0.09425922483205795
-0.3811286389827728 0.19431543350219727 -0.1938646286725998
0.2237834930419922 0.14205147325992584 0.2951860725879669
-0.10524220019578934 0.3832997977733612 -0.2591034770011902
0.2533550262451172 0.28256773948669434 -0.48753422498703003
0.1950194388628006 0.08159516006708145 0.318693071603775
0.12729838490486145 0.013842321932315826 0.3841063380241394
-0.30593979358673096 0.014317377470433712 -0.4737481474876404
0.2849651873111725 -0.30266377329826355 0.37774696946144104
0.14297212660312653 0.02404673397541046 0.2545813322067261
0.03491266444325447 -0.03444648161530495 0.3958696722984314
-0.3048543632030487 0.2930055856704712 -0.16920992732048035
0.3673086166381836 -0.23812566697597504 0.27889758348464966
0.05281468480825424 -0.07920090109109879 0.473384290933609
0.07563494890928268 -0.21555253863334656 -0.15299281477928162
0.04846937954425812 -0.005970812402665615 0.3355083763599396
0.20669731497764587 -0.09620622545480728 -0.435966819524765
0.007779085077345371 0.3585628867149353 -0.25963664054870605
0.24250617623329163 0.26823124289512634 -0.29562461376190186
0.1750074028968811 -0.1367739737033844 -0.44577595591545105
-0.1446693390607834 -0.17491713166236877 -0.08010933548212051
0.4669748544692993 0.09314458817243576 -0.1378602385520935
0.3626159131526947 -0.08759105950593948 0.34574368596076965
0.29613369703292847 -0.17460864782333374 0.25906917452812195
0.1524398922920227 -0.06348215788602829 0.3326454758644104
0.4064701795578003 -0.017498012632131577 0.026640750467777252
0.32571712136268616 0.24568921327590942 -0.25604137778282166
0.2575804889202118 0.28455257415771484 -0.003447307040914893
-0.12739211320877075 0.3522684574127197 -0.3770087957382202
0.06659770756959915 0.0048733982257544994 0.333994060754776
0.32671257853507996 0.044868938624858856 -0.42032185196876526
0.10478924214839935 0.015480288304388523 0.35788312554359436
-0.1015460267663002 0.3841976523399353 -0.23389983177185059
0.2237059473991394 0.23327195644378662 -0.4887745976448059
0.19764842092990875 0.09332513064146042 0.2916678786277771
0.12793612480163574 0.01877296343445778 0.3796415627002716
0.0828717052936554 -0.08699137717485428 -0.4924831986427307
0.33580857515335083 0.06395289301872253 -0.4324268102645874
0.10022140294313431 -0.032720357179641724 0.2758996784687042
-0.2724190652370453 -0.1434558779001236 -0.3235892653465271
0.035086747258901596 -0.21849927306175232 -0.28686922788619995
0.3493412435054779 -0.05966388061642647 -0.006013031583279371
0.17406581342220306 -0.04704377427697182 0.09688324481248856
0.41082367300987244 0.04249776899814606 0.2972601652145386
-0.13795632123947144 -0.20352640748023987 -0.13142630457878113
0.2861776649951935 -0.04092823341488838 0.2324627935886383
0.33435893058776855 0.09435442835092545 -0.31882181763648987
-0.22448082268238068 -0.09413859993219376 0.0074464441277086735
0.11616463214159012 -0.14553920924663544 -0.2978532612323761
-0.3200111985206604 0.24392877519130707 -0.4226866364479065
-0.33312058448791504 -0.09597348421812057 -0.12639233469963074
0.3149793744087219 -0.30648893117904663 0.2829703092575073
-0.4039261043071747 -0.03931157663464546 -0.3521117866039276
-0.24914638698101044 0.3122107684612274 -0.08698555082082748
-0.3036026954650879 0.031263016164302826 0.056661881506443024
-0.402034729719162 0.19487309455871582 -0.40355703234672546
0.2797917127609253 0.3009345829486847 -0.10700902342796326
0.19561302661895752 0.2715143859386444 -0.3873286545276642
0.1172582358121872 0.23244069516658783 0.041950978338718414
-0.1710653007030487 0.3545854091644287 -0.3277369737625122
0.32490333914756775 0.27850109338760376 -0.057597413659095764
-0.1392716020345688 -0.07904888689517975 0.06656163930892944
0.34486648440361023 -0.31491029262542725 0.3065344989299774
0.0633419007062912 -0.07757484912872314 0.06595325469970703
-0.16057495772838593 -0.1506974995136261 -0.442741334438324
0.4605986475944519 0.10272222012281418 -0.1574714034795761
-0.2379283308982849 0.061235424131155014 0.10802105069160461
0.017939839512109756 -0.11604040861129761 0.0184918325394392
0.21316535770893097 0.03366941586136818 -0.4937151074409485
0.25143954157829285 0.20292945206165314 -0.38668200373649597
0.31850379705429077 0.25549015402793884 -0.2477848082780838
0.4558432996273041 0.11257992684841156 -0.16784881055355072
0.014574980363249779 -0.08487974852323532 0.47120359539985657
0.2033880203962326 -0.06736307591199875 -0.4937151074409485
0.2823103964328766 0.2623022198677063 0.18490377068519592
-0.3796229362487793 -0.05549296736717224 -0.25487759709358215
0.033943336457014084 0.09241262078285217 -0.4924831986427307
0.22275270521640778 0.0531783252954483 -0.4949449896812439
0.44705435633659363 0.0818229466676712 0.2767433822154999
-0.14936259388923645 -0.13549841940402985 -0.01436015497893095
-0.29599010944366455 -0.12559042870998383 -0.32613706588745117
-0.29381728172302246 0.039568908512592316 0.06496600061655045
0.18479198217391968 0.11551456898450851 0.1975032538175583
-0.3113930821418762 0.18410438299179077 -0.46355634927749634
0.4038962721824646 0.28282612562179565 0.22456221282482147
-0.41366881132125854 0.02110864408314228 -0.2324715405702591
0.28456753492355347 -0.35860398411750793 0.3788767457008362
0.05263375863432884 -0.012421340681612492 0.29458025097846985
0.23487623035907745 -0.09934981167316437 -0.2536047399044037
-0.061403702944517136 -0.2047073096036911 -0.3444603979587555
-0.0023591984063386917 0.1780320256948471 0.1172051802277565
-0.03338174521923065 -0.2301020473241806 -0.13485658168792725
0.4245454668998718 0.07450492680072784 -0.22499410808086395
0.17625528573989868 0.17185615003108978 0.09546390920877457
0.2828850746154785 -0.22749322652816772 0.3450586795806885
-0.15954622626304626 0.004508673679083586 0.1255403459072113
0.1878889948129654 -0.08923798054456711 -0.2835410535335541
0.1651453822851181 -0.09703195840120316 0.037825267761945724
0.340457946062088 -0.32509487867355347 0.4521237313747406
0.24470719695091248 0.1541004627943039 -0.37676742672920227
-0.10529548674821854 0.33642369508743286 -0.4355192482471466
-0.2153550535440445 0.3138653635978699 -0.39515581727027893
-0.10463440418243408 -0.21006298065185547 -0.3021934926509857
0.08646014332771301 0.22165602445602417 0.060823120176792145
0.290124773979187 -0.08487003296613693 0.27588310837745667
-0.11649336665868759 0.26409682631492615 0.04403218999505043
-0.3879131078720093 0.10598387569189072 -0.07259317487478256
0.34345149993896484 0.03116677887737751 -0.30426278710365295
0.1155826672911644 -0.1258993297815323 -0.3438051640987396
0.4125231206417084 -0.03674503415822983 -0.16728989779949188
0.16307984292507172 -0.1052025631070137 -0.27567407488822937
0.1164315715432167 0.2756573557853699 -0.014173259027302265
0.32518109679222107 0.004904337227344513 -0.43163201212882996
0.31264224648475647 0.32911187410354614 0.023146267980337143
0.2946088910102844 0.2745570242404938 -0.010975545272231102
0.3355494737625122 0.1653333306312561 -0.4614669978618622
-0.009079210460186005 -0.22509115934371948 -0.12439211457967758
0.2882217466831207 -0.2653236985206604 0.31689852476119995
0.32348671555519104 -0.2353631556034088 0.25310999155044556
0.46431779861450195 0.10290855169296265 -0.0006514716078527272
0.4754545986652374 0.15402422845363617 0.014812974259257317
-0.31694597005844116 0.15362396836280823 -0.46866995096206665
0.3351671099662781 0.16399985551834106 -0.47747892141342163
0.2670518159866333 -0.035339899361133575 0.16540341079235077
0.23708659410476685 -0.12609264254570007 -0.053780797868967056
0.11383014917373657 -0.1748175472021103 -0.2258136123418808
0.3153107464313507 -0.17511054873466492 0.37389805912971497
-0.21237701177597046 0.3052767217159271 -0.04210098832845688
-0.25741827487945557 0.1783052682876587 -0.4850022494792938
0.22658449411392212 -0.0362543947994709 0.228932723402977
0.037242189049720764 -0.23601727187633514 -0.18018567562103271
-0.21145804226398468 0.2244030088186264 -0.48460814356803894
0.07905789464712143 0.34459546208381653 -0.18878263235092163
-0.007297247648239136 -0.24192065000534058 -0.1948229968547821
0.4381085932254791 0.01202309224754572 -0.05037238448858261
-0.14558450877666473 0.1447267234325409 -0.491249144077301
-0.04350552707910538 -0.023179320618510246 0.11329058557748795
0.3102011978626251 0.2646346390247345 -0.02753371000289917
-0.36016330122947693 0.024555020034313202 -0.4545214772224426
0.28557953238487244 -0.21811234951019287 0.3430366814136505
-0.35612696409225464 -0.04520217329263687 -0.07040610909461975
-0.48462116718292236 0.04949995130300522 -0.3407919108867645
0.14967310428619385 -0.05950864404439926 0.308003693819046
-0.013953197747468948 0.22765564918518066 0.07921633869409561
-0.17279905080795288 0.3322373628616333 -0.3936895728111267
-0.3028329908847809 0.22362303733825684 0.0074464441277086735
0.24247780442237854 0.27760282158851624 -0.27504727244377136
0.054657403379678726 -0.01296247635036707 0.3652031719684601
0.3062007427215576 -0.05609285458922386 0.11329058557748795
-0.15343834459781647 -0.065579853951931 0.07728556543588638
-0.16800659894943237 0.32391148805618286 -0.059416234493255615
0.22574348747730255 -0.026053495705127716 0.2677636444568634
0.32454246282577515 0.28467443585395813 -0.08719673752784729
-0.005449256394058466 -0.08112085610628128 0.4173326790332794
0.43915244936943054 0.10253976285457611 0.2815936505794525
-0.3952893316745758 0.14414653182029724 -0.11344530433416367
0.22590452432632446 0.27305635809898376 0.027008330449461937
0.23356786370277405 -0.05402833968400955 -0.3442961275577545
-0.345149964094162 -0.08746949583292007 -0.3469916880130768
0.3566463589668274 -0.31657490134239197 0.4500589370727539
0.2957683205604553 -0.24757228791713715 0.3839215338230133
0.0425979346036911 0.3595488369464874 -0.45721879601478577
-0.01611725240945816 -0.0760914534330368 0.3796415627002716
0.29500406980514526 -0.020727768540382385 0.31093254685401917
-0.21139565110206604 -0.11856172978878021 -0.46483808755874634
-0.14095790684223175 0.22386570274829865 0.0943828597664833
0.0723629742860794 -0.10683989524841309 0.02771920897066593
0.13445569574832916 -0.13229717314243317 -0.2797313332557678
-0.019722288474440575 -0.16286376118659973 0.47256311774253845
-0.16206799447536469 0.2733648419380188 0.02485433779656887
5.290196349960752e-05 -0.14743977785110474 -0.023613054305315018
-0.4018658995628357 0.12194866687059402 -0.15563678741455078
0.4372306764125824 0.0014068677555769682 0.15166808664798737
-0.05289395526051521 -0.2207745909690857 -0.3040354251861572
-0.2279784232378006 -0.03822359815239906 -0.4862915873527527
-0.2408500462770462 -0.15864254534244537 -0.14265966415405273
-0.18818558752536774 0.02395469695329666 -0.4900129437446594
0.3543463945388794 0.3378889262676239 0.14034512639045715
0.23645733296871185 -0.020425941795110703 0.14505253732204437
0.17565202713012695 -0.08608216047286987 -0.37655025720596313
-0.3333894610404968 -0.09392470866441727 -0.21418416500091553
0.044907569885253906 -0.21418707072734833 -0.2826552093029022
0.03317859023809433 -0.18666453659534454 -0.06973974406719208
0.3273240327835083 0.19207574427127838 -0.4787915349006653
-0.3441007733345032 0.17322875559329987 -0.005909403320401907
-0.25450995564460754 0.32172057032585144 -0.23399095237255096
-0.3501432538032532 0.261361688375473 -0.28696978092193604
0.0974428802728653 -0.19186116755008698 -0.11832404136657715
0.3876371383666992 0.09265099465847015 0.3017449676990509
-0.36242884397506714 -0.039268750697374344 -0.0821652039885521
-0.0378502681851387 0.05331585183739662 -0.491249144077301
-0.08171460777521133 0.28295350074768066 0.022133048623800278
-0.24265852570533752 0.32771506905555725 -0.12486442178487778
-0.03383695334196091 0.07250028848648071 0.13405080139636993
-0.16115500032901764 -0.19440731406211853 -0.3024252951145172
0.30633872747421265 0.2024635374546051 0.284092515707016
0.32518109679222107 0.11037937551736832 -0.4243578612804413
0.3546605110168457 0.17229890823364258 -0.2820347547531128
0.27609309554100037 0.04304693266749382 0.31330522894859314
0.3493412435054779 -0.09548971056938171 -0.15648150444030762
0.4310965836048126 0.004999308846890926 0.010157622396945953
0.07393844425678253 -0.18807286024093628 -0.2918623089790344
0.2033880203962326 -0.0054399375803768635 -0.4937151074409485
0.00971224345266819 -0.22602933645248413 -0.12287571281194687
0.019209103658795357 0.22986619174480438 0.06969858705997467
-0.3452582359313965 -0.07763329893350601 -0.1146809533238411
0.009122131392359734 0.3776194751262665 -0.19596579670906067
-0.05637529492378235 -0.23541490733623505 -0.1925429254770279
-0.3026890456676483 -0.12276237457990646 -0.2848633825778961
-0.4430214762687683 0.09423024207353592 -0.41445767879486084
0.1833036094903946 0.10013815015554428 0.18671253323554993
-0.12921948730945587 0.35608819127082825 -0.09281035512685776
-0.04772521182894707 0.22346119582653046 -0.4887745976448059
0.40640223026275635 0.22850751876831055 -0.0367627814412117
-0.334613561630249 0.04474194720387459 0.02485433779656887
-0.3356770873069763 0.07379196584224701 -0.4737481474876404
-0.13532817363739014 -0.18116465210914612 -0.3837757706642151
0.03792953118681908 -0.11841463297605515 0.014357139356434345
0.34392961859703064 0.29493698477745056 0.2144533395767212
0.0011691685067489743 -0.22549328207969666 -0.2954660654067993
-0.4910593330860138 0.06486234068870544 -0.273454874753952
0.04872004687786102 0.24520646035671234 0.0457245334982872
-0.4545370638370514 0.18907064199447632 -0.344799280166626
0.20362789928913116 0.1490006297826767 0.21515241265296936
-0.2875905930995941 0.19735552370548248 0.05038527399301529
0.3836183249950409 -0.24747201800346375 0.33508890867233276
0.08653631806373596 -0.07752606272697449 0.0665121003985405
-0.22778365015983582 0.15491871535778046 -0.48753422498703003
0.08148394525051117 -0.15564396977424622 -0.034481700509786606
0.4365535378456116 0.19981884956359863 -0.11963633447885513
0.32671257853507996 0.09210595488548279 -0.4239554703235626
0.2614381015300751 0.11476399749517441 -0.38061240315437317
0.1539659947156906 0.2840817868709564 -0.36788374185562134
0.14484763145446777 0.0630556046962738 -0.4924831986427307
-0.08158167451620102 0.047484803944826126 0.13435202836990356
0.13717159628868103 0.31912675499916077 -0.4699428677558899
-0.14434006810188293 -0.20998793840408325 -0.18161609768867493
0.06775476038455963 -0.01507191825658083 0.1150759607553482
0.1537051498889923 0.1643044650554657 0.09468327462673187
-0.19973167777061462 0.1961858719587326 0.10374822467565536
0.17454639077186584 0.21500296890735626 0.04549943655729294
-0.1274755746126175 -0.190680593252182 -0.3635333776473999
-0.11563997715711594 0.37580838799476624 -0.1386488378047943
0.2875306308269501 0.29534634947776794 -0.452860027551651
0.12090382725000381 0.32056912779808044 -0.17964822053909302
0.19453172385692596 0.2854219377040863 -0.414515882730484
0.3909783661365509 -0.06676704436540604 -0.10593248903751373
0.36902517080307007 -0.06503775715827942 -0.20587463676929474
0.3740259110927582 -0.25036442279815674 0.3104698061943054
0.21940450370311737 0.263746976852417 -0.32678917050361633
-0.28800639510154724 0.1233486756682396 0.0752435103058815
0.06414657831192017 -0.182661771774292 -0.3226354122161865
-0.2092871069908142 0.34238940477371216 -0.28893229365348816
-0.1349991410970688 -0.20371341705322266 -0.29374805092811584
0.28431352972984314 -0.06954216957092285 0.06462250649929047
-0.17238102853298187 0.16609498858451843 0.12580598890781403
-0.4479060173034668 0.1290624886751175 -0.40625160932540894
0.27992138266563416 -0.11989045888185501 -0.15883255004882812
0.42441651225090027 0.21446561813354492 -0.012125538662075996
-0.0229345690459013 -0.023179320618510246 0.11329058557748795
0.38819921016693115 -0.05598613992333412 -0.05438907817006111
0.06322940438985825 -0.20982950925827026 -0.12536053359508514
-0.326755166053772 -0.07606396824121475 -0.3964056670665741
-0.1843927800655365 -0.18463753163814545 -0.1289062201976776
0.0635492280125618 0.27457213401794434 -0.0025074186269193888
-0.19221192598342896 -0.18953101336956024 -0.27412426471710205
0.3708546459674835 -0.20730547606945038 0.2702346444129944
0.29032278060913086 -0.2254730761051178 0.30233436822891235
0.38349422812461853 -0.05762932822108269 -0.19339461624622345
0.44814443588256836 0.011589886620640755 -0.11795080453157425
-0.42353686690330505 0.15357308089733124 -0.23196455836296082
0.47221654653549194 0.2730219066143036 0.13017109036445618
0.16912715137004852 0.22893483936786652 0.03557566553354263
-0.3880574405193329 -0.012150024995207787 -0.20482569932937622
-0.19798797369003296 0.06316424161195755 -0.4900129437446594
0.306888222694397 -0.25779566168785095 0.2760022282600403
0.1937759965658188 0.0900205746293068 0.2983596622943878
-0.37501776218414307 -0.04616214334964752 -0.19468605518341064
0.1734759509563446 0.13424572348594666 0.11494976282119751
0.30301544070243835 0.18349798023700714 -0.32067665457725525
-0.19098779559135437 0.22784718871116638 0.07932309061288834
-0.30044281482696533 -0.037258587777614594 0.022695576772093773
0.12956812977790833 0.004723820835351944 0.40525928139686584
0.322109192609787 -0.1044052243232727 -0.13728909194469452
0.06335462629795074 0.1447267234325409 -0.491249144077301
-0.1750575453042984 0.24256226420402527 0.06560125946998596
0.38360562920570374 -0.037793975323438644 0.10055919736623764
-0.4100801348686218 0.21895051002502441 -0.33686763048171997
0.36553582549095154 -0.04133095219731331 0.12879200279712677
0.23962268233299255 -0.11353709548711777 -0.029364367946982384
0.26227569580078125 0.12176964432001114 -0.4924831986427307
0.21089285612106323 -0.0635969266295433 -0.4950297772884369
0.3640771806240082 -0.08751031756401062 -0.13728909194469452
-0.11132935434579849 -0.11547241359949112 0.025367239490151405
0.4724113643169403 0.09791706502437592 0.2513386607170105
0.37919941544532776 0.3049996495246887 0.21164801716804504
0.19440613687038422 0.11098317056894302 0.2611054480075836
0.3870943486690521 -0.2820951044559479 0.4277971088886261
-0.38679003715515137 -0.016994094476103783 -0.19979581236839294
0.09779449552297592 0.308615505695343 -0.3637544810771942
-0.16261447966098785 -0.1824503093957901 -0.10607047379016876
0.1751755326986313 0.0347091369330883 0.12581327557563782
0.30727899074554443 -0.06795042008161545 -0.26667630672454834
-0.0985824465751648 -0.12448584288358688 0.012620333582162857
0.14450310170650482 -0.13319778442382812 -0.2537756860256195
-0.293889582157135 0.2946719825267792 -0.12069842964410782
0.33884692192077637 -0.025418240576982498 0.3221029043197632
-0.10131926834583282 0.22027502954006195 0.0993303656578064
0.2847633957862854 0.294405460357666 -0.47753387689590454
0.0937943086028099 -0.18562281131744385 -0.09837356954813004
0.17435353994369507 0.15452075004577637 -0.491249144077301
0.3229186534881592 -0.03172526881098747 -0.48380011320114136
0.29873618483543396 0.014672331511974335 0.3199329674243927
-0.03656773269176483 -0.19535614550113678 -0.39459794759750366
0.18950055539608002 -0.022035161033272743 0.11424056440591812
0.2878824770450592 -0.11934248358011246 0.269772469997406
0.1761237382888794 0.21414096653461456 0.05248204618692398
0.10324081778526306 0.02763877436518669 0.2910745441913605
0.2767481505870819 -0.015747996047139168 -0.3469439446926117
0.21368257701396942 0.11467362195253372 0.315597802400589
0.24887868762016296 -0.023975923657417297 0.14080551266670227
-0.08689425885677338 0.2036651074886322 -0.4900129437446594
0.377107709646225 -0.05511067435145378 -0.037598755210638046
-0.3259875476360321 0.2761141359806061 -0.3058483600616455
-0.3370397090911865 0.003593320259824395 0.005004202015697956
0.2524900436401367 0.15438854694366455 -0.4924831986427307
0.16921208798885345 0.28883540630340576 -0.07554546743631363
-0.3919649124145508 0.16497871279716492 -0.14433033764362335
-0.17082539200782776 0.28467440605163574 0.0026518094819039106
-0.2981639504432678 0.2836732566356659 -0.10581991821527481
-0.10405869781970978 -0.15901926159858704 -0.036184683442115784
0.21193115413188934 -0.06571347266435623 -0.39469265937805176
-0.2828758656978607 0.09363850951194763 0.08135608583688736
0.22983777523040771 0.06362340599298477 0.3349791467189789
0.3358843922615051 0.1932869702577591 0.290260910987854
-0.4096871018409729 0.12369636446237564 -0.20301944017410278
-0.0378502681851387 0.12187401205301285 -0.491249144077301
-0.13561074435710907 -0.1666843146085739 -0.4199720025062561
0.3106653690338135 -0.23688991367816925 0.26736193895339966
-0.04206226393580437 0.3537263572216034 -0.08441629260778427
-0.3065983057022095 0.05138750374317169 0.05794127658009529
0.28777962923049927 -0.326588898897171 0.4077371656894684
0.42108964920043945 -0.014399969018995762 -0.18436963856220245
0.24575649201869965 0.12492457032203674 -0.4937151074409485
0.31593045592308044 0.004935631062835455 -0.42313042283058167
-0.16603533923625946 0.36386820673942566 -0.2866945266723633
-0.3851235806941986 -0.057027023285627365 -0.3323296010494232
0.14248047769069672 0.03926932066679001 0.26937153935432434
0.31098440289497375 0.3189857602119446 0.10935894399881363
-0.18585793673992157 0.253248929977417 0.046177543699741364
0.46770012378692627 0.04393940791487694 0.15234053134918213
0.08994138985872269 0.337997168302536 -0.13904835283756256
0.22670798003673553 -0.1251165121793747 -0.18295586109161377
-0.013116489164531231 0.373800665140152 -0.12712688744068146
0.19623173773288727 0.2792057394981384 -0.28592628240585327
0.05365268886089325 0.2136504203081131 -0.4887745976448059
0.34484243392944336 0.18285048007965088 -0.2862997353076935
-0.4473622739315033 0.0019462497439235449 -0.2772805392742157
-0.4057579040527344 0.13850876688957214 -0.19194906949996948
0.43340593576431274 0.17475658655166626 0.2741874158382416
2.270062395837158e-05 -0.2347024828195572 -0.2748698592185974
-0.15975657105445862 -0.14435426890850067 -0.036644116044044495
-0.3241933584213257 -0.10440627485513687 -0.13787373900413513
0.012825259007513523 -0.15727739036083221 -0.033939868211746216
-0.27934974431991577 -0.1453877091407776 -0.19491717219352722
0.1501466929912567 0.27966028451919556 -0.3493916690349579
0.3921929895877838 0.3179844319820404 0.014690078794956207
-0.15551096200942993 0.1644555628299713 -0.4900129437446594
0.0652986392378807 -0.1800362765789032 -0.07032157480716705
-0.29239973425865173 -0.08751031756401062 -0.03979369252920151
-0.013189665973186493 -0.09091290086507797 0.3354744017124176
0.4644031226634979 0.25274932384490967 0.18258753418922424
0.0912139043211937 -0.004102832637727261 0.11496280878782272
0.011599953286349773 0.2742944359779358 0.01432786788791418
-0.22603146731853485 0.3246663510799408 -0.09558490663766861
0.16093218326568604 0.29549211263656616 -0.20705781877040863
-0.17775829136371613 0.3121018409729004 -0.4400981068611145
0.27285775542259216 -0.08289161324501038 -0.27132582664489746
0.0014154445379972458 -0.19513291120529175 -0.4117693305015564
0.35466718673706055 0.1744273155927658 0.2954161763191223
-0.3375881612300873 -0.0952816754579544 -0.34005996584892273
0.0761348083615303 0.17505717277526855 0.1054103747010231
0.17631998658180237 -0.08354444056749344 0.05038527399301529
-0.25989463925361633 0.2546740472316742 0.0030448795296251774
0.4807392358779907 0.23221281170845032 0.027059126645326614
0.3249649405479431 0.1443188190460205 -0.3142147660255432
-0.20487307012081146 0.3533232808113098 -0.16572028398513794
0.3704100251197815 -0.03861292451620102 0.14142027497291565
0.11309883743524551 0.32322922348976135 -0.4813001751899719
-0.37293845415115356 0.24360179901123047 -0.31979480385780334
0.3525002896785736 0.35319051146507263 0.06067626178264618
-0.2282726913690567 0.2990540564060211 -0.418806791305542
0.29387229681015015 -0.058637529611587524 0.27588310837745667
0.4965927004814148 0.20170654356479645 0.08240564912557602
-0.2561325430870056 -0.15667089819908142 -0.19427785277366638
0.33556610345840454 0.30389466881752014 0.19570031762123108
-0.29738467931747437 0.10268866270780563 0.06909052282571793
0.3870943486690521 -0.037274379283189774 0.19346870481967926
0.028214456513524055 0.2868523895740509 -0.00804742518812418
-0.18588858842849731 -0.16780424118041992 -0.09425922483205795
-0.11630141735076904 -0.11654616892337799 -0.4900129437446594
0.3877239525318146 -0.05706513673067093 0.2714325189590454
-0.14065802097320557 -0.11499173194169998 0.022695576772093773
0.316413015127182 0.1938006728887558 -0.30540844798088074
0.09265737235546112 -0.015229777432978153 -0.4924831986427307
0.47685855627059937 0.2679927945137024 0.02933971956372261
0.22950106859207153 0.2017579823732376 0.19570031762123108
0.0789823904633522 0.09093593806028366 0.1346154510974884
-0.4755074679851532 0.044650085270404816 -0.3607674837112427
-0.07432884722948074 0.37751466035842896 -0.13504865765571594
-0.41917967796325684 0.17826592922210693 -0.23474237322807312
0.09010425209999084 -0.11674663424491882 0.015641536563634872
0.32291877269744873 0.34605488181114197 0.06012987345457077
-0.1457085758447647 -0.09694139659404755 -0.4900129437446594
0.0735296830534935 -0.18345195055007935 -0.37695205211639404
-0.16482628881931305 0.11198396980762482 0.137535959482193
0.06608638912439346 -0.14627422392368317 -0.024284202605485916
-0.3299127221107483 -0.09044387191534042 -0.10649891942739487
0.36789441108703613 0.31498613953590393 0.193592831492424
0.32082682847976685 0.23488309979438782 -0.4650972783565521
0.12401754409074783 0.3044933080673218 -0.2574128806591034
0.4188668131828308 0.212015300989151 -0.1770821362733841
-0.03637929633259773 0.3579704165458679 -0.3558679223060608
-0.28087252378463745 0.04374862462282181 -0.48380011320114136
0.30590301752090454 0.20648714900016785 -0.4226054549217224
0.15405280888080597 -0.14752739667892456 -0.43577203154563904
-0.10817671567201614 0.30764490365982056 -0.014881202019751072
0.4723360538482666 0.21442584693431854 0.20449551939964294
-0.42542174458503723 -0.025384893640875816 -0.347989559173584
0.28439903259277344 -0.002235334599390626 -0.3448854386806488
-0.08704239875078201 0.27274858951568604 -0.48753422498703003
0.06618010997772217 0.25038212537765503 0.03557566553354263
-0.44378170371055603 0.19164146482944489 -0.3619575798511505
0.07308603078126907 0.08262695372104645 -0.4924831986427307
-0.4593510329723358 0.17065992951393127 -0.26291725039482117
-0.02757631242275238 -0.05393015220761299 0.08985410630702972
-0.14762909710407257 0.35381168127059937 -0.3473522663116455
0.4593568444252014 0.2685396671295166 0.1813582479953766
-0.41448771953582764 -0.029324546456336975 -0.2738739252090454
-0.3433963656425476 -0.09078649431467056 -0.30454960465431213
0.06335462629795074 0.11207998543977737 -0.491249144077301
0.29341575503349304 0.024555020034313202 -0.34880343079566956
-0.0009966600919142365 0.15265649557113647 0.12392011284828186
-0.30868783593177795 0.26359644532203674 -0.3865518271923065
0.09895805269479752 0.0193016454577446 0.3370197117328644
0.4457431733608246 0.20304150879383087 0.25679633021354675
-0.06714973598718643 0.37054383754730225 -0.10649891942739487
-0.13386984169483185 -0.21327917277812958 -0.1746090203523636
0.3563419580459595 0.03419909626245499 0.315597802400589
-0.3300758898258209 -0.020206395536661148 0.0008365275571122766
-0.10814452916383743 0.17468588054180145 0.1235087588429451
0.2228272259235382 0.2835698425769806 -0.25487759709358215
-0.01041764672845602 -0.13755705952644348 0.37232309579849243
0.2897726893424988 -0.21588613092899323 0.35935261845588684
0.3620975911617279 -0.18545131385326385 0.24746088683605194
-0.40509286522865295 0.09331656992435455 -0.14415617287158966
0.013958295807242393 -0.23536454141139984 -0.2606091797351837
0.3926502764225006 -0.15538078546524048 0.3112817406654358
0.0350058451294899 0.19678251445293427 0.09546390920877457
0.24760840833187103 0.053070858120918274 0.3231089115142822
0.32456472516059875 0.11463532596826553 -0.32314956188201904
0.30995169281959534 -0.296969473361969 0.42065003514289856
0.03662612661719322 -0.2090790569782257 -0.30541932582855225
0.23010021448135376 0.2498091608285904 -0.3458111882209778
-0.2550375461578369 -0.15514688193798065 -0.3289153277873993
0.39414986968040466 0.08126461505889893 -0.26349443197250366
-0.07153892517089844 0.021836061030626297 0.13269749283790588
0.16137847304344177 -0.14278167486190796 -0.43534335494041443
-0.2025039792060852 -0.12720242142677307 -0.032903991639614105
-0.4145638048648834 -0.03207667917013168 -0.34428250789642334
0.15951630473136902 -0.038652822375297546 0.39842450618743896
0.10696057975292206 0.27564460039138794 -0.01360304281115532
0.22763904929161072 -0.04876444861292839 -0.39213019609451294
0.05869181081652641 0.3572802245616913 -0.17554841935634613
-0.19374030828475952 -0.1550092250108719 -0.0702599287033081
0.06750472635030746 0.16178473830223083 0.11525002866983414
0.4450182318687439 0.025409366935491562 -0.16788728535175323
-0.03288679197430611 0.04452350735664368 0.13540738821029663
0.039779528975486755 -0.11222811788320541 0.35579776763916016
0.08371742814779282 -0.2033606767654419 -0.13654236495494843
-0.21692679822444916 -0.14876514673233032 -0.08457251638174057
-0.32576465606689453 0.11344168335199356 -0.4737481474876404
-0.11359011381864548 0.2657163143157959 0.04745977744460106
0.4298461377620697 0.16640296578407288 -0.1969786435365677
0.09281615167856216 0.17425794899463654 -0.4900129437446594
0.24434660375118256 0.29067856073379517 -0.2255925089120865
0.10685908794403076 -0.037341635674238205 0.43604618310928345
-0.12858377397060394 0.3555085361003876 -0.3653416931629181
-0.2296106070280075 0.28566041588783264 -0.4545214772224426
0.3366072177886963 0.2500353157520294 -0.2373480647802353
0.23518884181976318 0.22389176487922668 0.13907110691070557
-0.32855722308158875 0.11271094530820847 0.035044312477111816
0.014149625785648823 -0.10527867078781128 0.03865693137049675
-0.3929588496685028 0.20182901620864868 -0.40486592054367065
0.3471478223800659 0.3144945204257965 0.1806563287973404
0.42586925625801086 0.018002493306994438 0.26997581124305725
-0.09319251775741577 -0.22488060593605042 -0.21342262625694275
0.2872426509857178 0.1419866383075714 0.2990533113479614
-0.0809677392244339 0.16477827727794647 0.12821882963180542
-0.04760393500328064 -0.038063015788793564 -0.4924831986427307
0.4483632743358612 0.24299514293670654 0.22611095011234283
0.14518456161022186 0.25351524353027344 0.011828101240098476
-0.2775135934352875 0.3056175708770752 -0.3033446967601776
0.04133262485265732 -0.13526155054569244 -0.0026657457929104567
0.11533493548631668 0.332687109708786 -0.46057647466659546
0.1546332985162735 -0.1359197497367859 -0.4924831986427307
0.09264060109853745 0.3046548366546631 -0.4846145808696747
0.40957143902778625 0.11485232412815094 0.29200679063796997
0.14758948981761932 -0.03224775567650795 0.10263141989707947
0.1406777799129486 -0.14443901181221008 -0.05130385607481003
0.2545430660247803 -0.032861385494470596 -0.35409030318260193
0.06824100762605667 0.18847373127937317 0.09546390920877457
0.45443013310432434 0.05353635177016258 -0.16232414543628693
-0.1043819934129715 -0.11044793576002121 0.031672026962041855
0.13187900185585022 0.172296404838562 0.09120523184537888
-0.09686155617237091 0.26292943954467773 -0.48753422498703003
0.3830438554286957 -0.275086373090744 0.35277077555656433
0.11709196120500565 0.32849517464637756 -0.472481906414032
-0.27319344878196716 0.24377867579460144 0.004684865474700928
0.23885470628738403 -0.10542723536491394 -0.0011969765182584524
0.4852132797241211 0.14224651455879211 0.197139710187912
0.14330726861953735 -0.03021557815372944 0.26749739050865173
0.20382650196552277 -0.06900160759687424 -0.3363254964351654
-0.14545734226703644 0.3752956688404083 -0.21771717071533203
0.09533067792654037 -0.08602987229824066 0.05643033608794212
-0.27782902121543884 0.15216822922229767 -0.4825512766838074
-0.2788887619972229 0.254084974527359 -0.018725179135799408
0.25740692019462585 0.212015300989151 0.26934757828712463
-0.2759571075439453 0.31089872121810913 -0.14563600718975067
-0.21493451297283173 0.3232477307319641 -0.3622148633003235
0.3103996515274048 0.044521745294332504 -0.337314635515213
-0.4817712604999542 0.03154067322611809 -0.3025258481502533
-0.09752688556909561 0.31417909264564514 -0.47753387689590454
-0.156061589717865 -0.1973949372768402 -0.12439211457967758
-0.018935000523924828 0.37235963344573975 -0.2323293536901474
0.3218519687652588 0.26350536942481995 -0.22634820640087128
-0.3179396092891693 0.12229651212692261 0.04735245183110237
0.3514982759952545 -0.32154104113578796 0.33843356370925903
0.4971048831939697 0.12222424149513245 0.05393987521529198
-0.17532221972942352 0.362218976020813 -0.25757452845573425
0.26800036430358887 0.3050301969051361 -0.47593414783477783
0.28122851252555847 0.3164093792438507 0.014987089671194553
0.03289509937167168 0.33468350768089294 -0.36567971110343933
0.2998645305633545 0.29860684275627136 -0.11573602259159088
0.17510533332824707 0.18394096195697784 0.07064449787139893
0.18431143462657928 0.002531742909923196 0.2090478241443634
-0.2602405846118927 0.32186684012413025 -0.2281118780374527
0.3828698992729187 0.25586220622062683 -0.07777172327041626
0.23484572768211365 -0.03565274924039841 0.19149714708328247
-0.3271760046482086 0.024337271228432655 -0.4673948884010315
-0.40537503361701965 -0.03700634837150574 -0.35402798652648926
-0.2043658047914505 0.2219146341085434 -0.4847830832004547
0.44966980814933777 0.12195419520139694 0.2762567698955536
0.4132978022098541 0.014525694772601128 -0.22708328068256378
-0.03236020728945732 -0.1372012048959732 0.44146302342414856
-0.30907654762268066 0.28025051951408386 -0.32767173647880554
0.28321337699890137 0.2749689519405365 -0.041838858276605606
0.1935906559228897 0.00294148875400424 0.18144814670085907
-0.09492321312427521 -0.19759127497673035 -0.35413646697998047
-0.39269042015075684 -0.05395461991429329 -0.3028332591056824
-0.04795750975608826 -0.1999794989824295 -0.3737339377403259
0.4457431733608246 0.014591995626688004 0.03469512611627579
-0.2757268249988556 0.19240786135196686 -0.47627419233322144
0.09047713875770569 -0.07450113445520401 0.3167310953140259
0.18279287219047546 0.06592413783073425 0.3158515691757202
0.03148496523499489 -0.22309163212776184 -0.2804099917411804
0.25572922825813293 -0.04766184464097023 0.1211032047867775
0.46171867847442627 0.16321970522403717 0.005142313428223133
0.4640810787677765 0.2949680984020233 0.03162567690014839
-0.2446305751800537 0.16291171312332153 0.09365378320217133
0.41902634501457214 0.02171398513019085 0.2888091206550598
0.10244304686784744 0.08262695372104645 -0.4924831986427307
0.012975861318409443 0.37624531984329224 -0.15761779248714447
0.2587791979312897 0.243547260761261 0.16159754991531372
0.12725147604942322 -0.15776433050632477 -0.0680161789059639
-0.4523983597755432 0.03261376917362213 -0.3908699154853821
0.12918183207511902 0.2951836585998535 -0.292294979095459
-0.1505269706249237 -0.14753326773643494 -0.035379648208618164
0.19090314209461212 -0.13541671633720398 -0.09737997502088547
0.18885013461112976 -0.06563608348369598 -0.38523122668266296
0.44478851556777954 0.3249714970588684 0.11211136728525162
0.23763756453990936 -0.02949880063533783 0.20555077493190765
0.21696950495243073 -0.07630012184381485 -0.3150751292705536
-0.22749997675418854 0.3461564779281616 -0.18208758533000946
0.3456976115703583 -0.005855740513652563 -0.47222116589546204
0.381225049495697 0.14468400180339813 -0.2664892375469208
0.2635802924633026 0.23307397961616516 -0.39689764380455017
0.0989827886223793 -0.1683008372783661 -0.2785201370716095
-0.4355054795742035 -0.009432880207896233 -0.36356157064437866
-0.2858683466911316 0.1826704740524292 -0.47501224279403687
0.35065144300460815 0.35409390926361084 0.07259715348482132
0.10244304686784744 0.014127240516245365 -0.4924831986427307
-0.3860062062740326 0.00289717735722661 -0.09427452087402344
0.42762354016304016 0.1136924996972084 -0.22166068851947784
-0.33620160818099976 0.2666330933570862 -0.16233347356319427
-0.07562538236379623 -0.1629052609205246 -0.4545214772224426
0.1546332985162735 -0.12613406777381897 -0.4924831986427307
-0.21552234888076782 0.24646279215812683 0.04637614265084267
-0.10110415518283844 0.1007051020860672 0.13925793766975403
-0.2649785280227661 -0.1408807337284088 -0.36356157064437866
-0.012187398038804531 0.3490840792655945 -0.3502745032310486
0.32518109679222107 0.25586220622062683 -0.2352301925420761
0.12201439589262009 -0.0054441047832369804 -0.4924831986427307
-0.15433922410011292 -0.18698430061340332 -0.3420202434062958
0.2897590398788452 -0.11436168849468231 -0.18595801293849945
-0.25380414724349976 -0.15649692714214325 -0.17284062504768372
-0.3065167963504791 -0.06525672972202301 -0.437974214553833
-0.41941261291503906 0.06224919855594635 -0.23493212461471558
0.02422039397060871 0.22346119582653046 -0.4887745976448059
0.22294750809669495 -0.08616967499256134 -0.2952535152435303
0.37733790278434753 0.005146986339241266 0.31540077924728394
0.2305717170238495 0.2550848424434662 -0.33537641167640686
0.0735296830534935 -0.16242888569831848 -0.33911052346229553
0.4651719033718109 0.18378379940986633 0.24680161476135254
-0.07043857127428055 0.1907586306333542 0.11466402560472488
0.3713744580745697 -0.11517049372196198 0.24364489316940308
0.42364341020584106 -0.006161530036479235 0.02765505015850067
-0.004092339426279068 0.3014010190963745 -0.020009834319353104
-0.25101959705352783 -0.12477847933769226 -0.0654732808470726
0.4853459298610687 0.21401721239089966 0.1254812479019165
-0.199630469083786 0.17822383344173431 0.11525002866983414
0.3988978862762451 0.33858901262283325 0.15998661518096924
0.26339781284332275 0.20831000804901123 0.2754758596420288
0.2520597577095032 -0.03799916431307793 -0.4949449896812439
0.31721410155296326 0.16924047470092773 -0.3157823383808136
0.3065730035305023 0.2551417946815491 -0.2563322186470032
0.04380473867058754 0.20462828874588013 0.08321738243103027
0.046653226017951965 0.021907739341259003 0.12691882252693176
0.24727101624011993 -0.0435192696750164 0.12304583936929703
0.4765615463256836 0.2939159572124481 0.08747126162052155
0.04376658424735069 0.1447267234325409 -0.491249144077301
0.03397256135940552 0.1349327117204666 -0.491249144077301
0.004684176295995712 -0.17522554099559784 -0.46355634927749634
-0.33344197273254395 -0.09694220870733261 -0.2142890840768814
0.4740665853023529 0.1826704740524292 0.23210197687149048
0.34076863527297974 -0.3366990387439728 0.45654380321502686
0.2812665104866028 0.26504600048065186 0.16660895943641663
-0.3054616153240204 -0.1063118427991867 -0.1031939759850502
0.13234533369541168 0.24367108941078186 0.02376740425825119
0.34410569071769714 -0.04314029589295387 -0.2607294023036957
0.4417940080165863 0.2544063329696655 0.0008324395748786628
0.1318000704050064 0.04348425939679146 -0.4924831986427307
-0.4569818079471588 0.1648392379283905 -0.25156018137931824
-0.3288184702396393 0.11324699223041534 0.033441103994846344
0.2770127058029175 0.11482014507055283 0.3034675121307373
0.09701947867870331 -0.1659213751554489 -0.37378230690956116
0.17631064355373383 -0.10502668470144272 -0.41704821586608887
0.14484763145446777 0.023912914097309113 -0.4924831986427307
0.40138643980026245 -0.21888235211372375 0.3711133599281311
0.11280731111764908 0.3027249574661255 -0.485046923160553
0.09004788845777512 -0.023494338616728783 0.4366421401500702
0.14192616939544678 -0.16257904469966888 -0.15115408599376678
-0.3223989009857178 0.18319270014762878 0.020531928166747093
-0.07285838574171066 0.37366628646850586 -0.3053639829158783
0.12201439589262009 -0.11634839326143265 -0.4924831986427307
-0.3423500061035156 0.1942415088415146 -0.02553325705230236
0.39414986968040466 0.04644934460520744 0.30399444699287415
-0.2846265435218811 -0.07769235968589783 -0.017013275995850563
-0.15694671869277954 -0.056941743940114975 0.08540896326303482
0.351829469203949 0.27029308676719666 -0.057083066552877426
-0.011707584373652935 0.34832140803337097 -0.08457251638174057
-0.1359061896800995 -0.047929469496011734 -0.4900129437446594
0.4896984100341797 0.2549015283584595 0.08685223758220673
-0.4858975112438202 0.14440014958381653 -0.27577778697013855
0.1406777799129486 0.30951669812202454 -0.4282492399215698
0.28299638628959656 0.024577002972364426 -0.35738468170166016
-0.22459186613559723 -0.17413192987442017 -0.3024669289588928
0.06736310571432114 0.34325817227363586 -0.4119449257850647
0.31774184107780457 0.08196797221899033 0.31026431918144226
0.2693633735179901 -0.03394891321659088 0.14151808619499207
0.004194966983050108 0.35956504940986633 -0.41651326417922974
0.3358133137226105 0.044443223625421524 -0.3155483603477478
0.11375454813241959 -0.18454459309577942 -0.18606001138687134
0.2130281627178192 0.285252183675766 -0.25592610239982605
-0.03409280255436897 0.15494252741336823 0.12431532889604568
0.3904789686203003 -0.03749119117856026 -0.2146802693605423
0.19420038163661957 0.15686210989952087 0.1552095264196396
0.38363370299339294 0.2547588646411896 -0.09487173706293106
-0.009262973442673683 -0.05608129873871803 0.34900858998298645
0.12387549877166748 0.03575604036450386 0.27916011214256287
-0.3607126474380493 0.20118549466133118 -0.07259317487478256
-0.0470278263092041 0.35957273840904236 -0.407486230134964
0.18518853187561035 -0.022940516471862793 0.25937241315841675
-0.2686087191104889 0.07159723341464996 0.0898212119936943
-0.04564596340060234 -0.12517665326595306 0.3561995327472687
0.19819051027297974 0.005629576276987791 -0.49504905939102173
-0.24784548580646515 0.17485713958740234 -0.485046923160553
-0.051678672432899475 -0.01904524490237236 0.11525002866983414
-0.3645441234111786 0.25255388021469116 -0.2863318622112274
-0.3134690225124359 -0.11311183869838715 -0.23760256171226501
0.32868313789367676 0.26745009422302246 -0.21575431525707245
-0.3084760308265686 -0.08507952094078064 -0.054242901504039764
0.48921045660972595 0.13245467841625214 0.03291315212845802
-0.20707158744335175 0.21456794440746307 0.08540896326303482
0.2696802318096161 0.22330202162265778 -0.39755547046661377
0.2643725574016571 0.10226727277040482 -0.36305105686187744
0.20449884235858917 -0.12234503775835037 -0.18689534068107605
-0.22458040714263916 -0.05353198200464249 0.0618336945772171
-0.31558823585510254 0.03405645117163658 -0.4753408432006836
0.044299423694610596 0.35464417934417725 -0.4737481474876404
-0.030806375667452812 0.36330369114875793 -0.09910091012716293
0.13634341955184937 0.11162405461072922 0.12884917855262756
0.23282171785831451 0.26350536942481995 -0.31537845730781555
0.4094479978084564 0.1976526975631714 0.27684637904167175
0.035432785749435425 -0.056941743940114975 0.08531195670366287
0.1083684116601944 -0.14687895774841309 -0.36734864115715027
0.42038485407829285 0.19281205534934998 0.27486079931259155
-0.3146611452102661 -0.10913141071796417 -0.34439462423324585
0.2238975614309311 0.26292943954467773 -0.48753422498703003
-0.04945368692278862 -0.21352232992649078 -0.3245922923088074
0.16637778282165527 0.29523852467536926 -0.4389607310295105
0.1310325413942337 0.1142759695649147 0.12470192462205887
0.09978815168142319 -0.1518581211566925 -0.035875000059604645
0.3879773020744324 0.3467597961425781 0.054003871977329254
-0.3957471549510956 -0.04605971649289131 -0.35777491331100464
0.21674932539463043 0.27225640416145325 -0.025381408631801605
-0.15359970927238464 0.005580459255725145 0.12498442083597183
0.2949461340904236 -0.29580390453338623 0.40635648369789124
0.39923301339149475 0.325845330953598 0.02406132221221924
0.24486331641674042 0.2148820459842682 0.207852303981781
-0.15338672697544098 -0.2029884308576584 -0.15116599202156067
-0.0261092372238636 -0.08318880200386047 0.3784337639808655
-0.4412277042865753 0.11415418237447739 -0.23534215986728668
-0.06174103170633316 -0.11642295867204666 0.025920065119862556
-0.3094623386859894 0.28907325863838196 -0.26135319471359253
0.4403262436389923 0.30722740292549133 0.024783778935670853
0.10686469823122025 -0.18524140119552612 -0.10789752006530762
0.06320421397686005 -0.11177795380353928 0.4217270314693451
0.2790173888206482 -0.04675312712788582 -0.31626269221305847
0.3249881863594055 -0.281329482793808 0.42560818791389465
-0.35441914200782776 -0.01614113338291645 -0.03749176114797592
-0.1648608148097992 -0.19855603575706482 -0.15364116430282593
0.19450563192367554 0.2730613052845001 -0.00359531631693244
-0.17343322932720184 -0.09516047686338425 0.04543083906173706
0.12091519683599472 -0.1349971741437912 -0.017013275995850563
0.2649565041065216 -0.016535798087716103 -0.4960927963256836
-0.4327853322029114 0.20190243422985077 -0.2810486853122711
0.3432791829109192 0.23477685451507568 0.2735125720500946
0.26713693141937256 -0.02592911384999752 0.20636466145515442
0.2790573239326477 -0.036326050758361816 -0.3257777690887451
-0.2557159662246704 0.22190211713314056 -0.47753387689590454
0.3170621693134308 0.3021749258041382 0.13763608038425446
-0.405341774225235 0.11066284030675888 -0.162677600979805
-0.16851569712162018 -0.1508181393146515 -0.05138417333364487
0.3502107262611389 0.022499646991491318 0.31455740332603455
0.09073400497436523 -0.1056448370218277 0.027947379276156425
0.033005841076374054 0.3572765588760376 -0.4669840335845947
0.27295443415641785 -0.0812806710600853 0.027522260323166847
0.284529447555542 -0.24881763756275177 0.32360783219337463
0.1623651087284088 0.29392972588539124 -0.4251386821269989
0.37231016159057617 -0.21811939775943756 0.27889758348464966
0.453308641910553 0.12374613434076309 -0.02880832925438881
0.29891684651374817 0.2677845060825348 0.2255806028842926
-0.22404879331588745 0.0918193981051445 0.1172051802277565
0.20052583515644073 -0.12465929239988327 -0.18104538321495056
0.3549635112285614 0.08421680331230164 -0.30184558033943176
0.4159422516822815 0.12776635587215424 -0.23541942238807678
-0.1462034285068512 -0.01904524490237236 0.11525002866983414
0.46474406123161316 0.252912312746048 0.0157349593937397
0.4294013977050781 0.3379647433757782 0.11404181271791458
-0.05781193822622299 -0.22850586473941803 -0.23398233950138092
-0.049915846437215805 -0.08098839223384857 0.06350678205490112
0.2790173888206482 0.23388037085533142 -0.31626269221305847
0.26630836725234985 -0.12503618001937866 -0.18167735636234283
-0.10872337222099304 -0.18865607678890228 -0.38378873467445374
0.24456891417503357 0.24618682265281677 0.1273498684167862
-0.23252010345458984 -0.06659366190433502 0.04828373342752457
0.35362154245376587 -0.30932459235191345 0.32028859853744507
0.2661130130290985 0.2571338415145874 -0.29659736156463623
0.1937759965658188 0.15438854694366455 -0.4924831986427307
0.03918946906924248 0.33383429050445557 -0.3659871816635132
-0.16545438766479492 0.25289347767829895 -0.4887745976448059
0.4753285348415375 0.22869077324867249 0.1758277416229248
0.46644923090934753 0.2234455943107605 0.21008381247520447
-0.473263144493103 0.0835016518831253 -0.3824666738510132
0.012160741724073887 -0.13735631108283997 0.47492122650146484
0.028177712112665176 0.23409403860569 0.0607299767434597
0.05296336114406586 0.3605237305164337 -0.18650543689727783
-0.34442973136901855 0.2433495819568634 -0.38285019993782043
0.45143505930900574 0.18329554796218872 -0.007036503404378891
-0.34829553961753845 0.18268932402133942 -0.4480000138282776
0.30158016085624695 -0.27828702330589294 0.4077371656894684
-0.04398457705974579 -0.11760847270488739 0.3881780207157135
0.3418828845024109 0.26823124289512634 -0.1962479203939438
-0.21571677923202515 0.24471783638000488 0.046177543699741364
-0.0215948186814785 -0.23851506412029266 -0.17077510058879852
0.08168872445821762 0.31550776958465576 -0.2999533414840698
0.21481262147426605 0.2841057777404785 -0.002749878913164139
-0.08862374722957611 -0.22569341957569122 -0.21296319365501404
0.17243140935897827 -0.04386856034398079 0.2886198163032532
0.014344059862196445 -0.20661069452762604 -0.3585318326950073
0.3217355012893677 0.17494790256023407 -0.4367159307003021
0.20492896437644958 -0.006413676310330629 0.36478427052497864
-0.01824691705405712 -0.038063015788793564 -0.4924831986427307
0.27122336626052856 0.2942025661468506 0.00048193795373663306
-0.35791563987731934 0.11133870482444763 -0.00804742518812418
0.2920800745487213 0.2647266387939453 0.22038236260414124
0.27682173252105713 0.3041244447231293 0.06958664208650589
0.07636129856109619 0.022252745926380157 0.12759792804718018
0.20823633670806885 0.005754923913627863 0.1380242109298706
-0.4655136466026306 0.10224731266498566 -0.3936895728111267
-0.04425275698304176 0.2025151252746582 0.1035386323928833
0.17523938417434692 -0.1292436718940735 -0.15717028081417084
0.1558533012866974 0.27529385685920715 -0.330087274312973
-0.2791766822338104 -0.13621309399604797 -0.1512531042098999
0.24763169884681702 0.2919548451900482 -0.21517576277256012
0.34484022855758667 0.3130391836166382 0.1885174810886383
-0.022646315395832062 0.11520950496196747 0.1365293562412262
0.29290834069252014 -0.11496006697416306 -0.1572442203760147
-0.13326892256736755 0.10185836255550385 0.14064925909042358
0.3062344789505005 -0.021276509389281273 -0.43569284677505493
-0.19276227056980133 0.255605548620224 0.038621220737695694
0.39835235476493835 0.28242072463035583 0.23025210201740265
-0.11659687012434006 0.13398195803165436 0.13384900987148285
0.01916072517633438 -0.03771600499749184 0.3681122362613678
-0.24354158341884613 -0.1684022694826126 -0.27096012234687805
0.15688453614711761 -0.03723933547735214 0.2687142491340637
-0.043628159910440445 -0.08080599457025528 0.06340152770280838
0.43484175205230713 0.19358587265014648 -0.05861715227365494
0.16441898047924042 -0.08699137717485428 -0.4924831986427307
-0.355163037776947 -0.08659275621175766 -0.27677515149116516
-0.1116856262087822 -0.2217550277709961 -0.19436565041542053
0.07944080233573914 0.300606906414032 -0.4846842885017395
-0.1832071989774704 -0.06572277843952179 0.07319704443216324
0.3281548023223877 -0.3189832270145416 0.28471070528030396
-0.2897014021873474 0.2534976899623871 -0.021527254953980446
-0.44322267174720764 0.007267465349286795 -0.26531118154525757
-0.18646575510501862 0.3561919331550598 -0.2767281234264374
0.2522747218608856 0.023892076686024666 -0.4937151074409485
0.0701121836900711 -0.16924507915973663 -0.34632986783981323
0.29679057002067566 -0.30795228481292725 0.4146033823490143
0.10261853784322739 0.19386272132396698 -0.4900129437446594
0.45391416549682617 0.22365280985832214 0.2337137758731842
-0.008944259956479073 -0.09732881933450699 0.3364143967628479
0.06330035626888275 -0.05763436108827591 -0.4924831986427307
-0.272672563791275 0.24566763639450073 0.005248224828392267
-0.05813980475068092 -0.14734993875026703 -0.014977158978581429
0.38425418734550476 -0.04434932395815849 0.2498857080936432
0.3857627213001251 -0.03528431057929993 0.13428467512130737
0.3504283130168915 -0.16488157212734222 0.23624901473522186
0.373750239610672 -0.1381487101316452 0.3635229766368866
0.28441476821899414 0.014538908377289772 -0.3541250228881836
-0.4327375888824463 -0.01670599915087223 -0.3524463474750519
0.18399031460285187 -0.04784868657588959 -0.4924831986427307
-0.005835338495671749 0.3603399395942688 -0.42539849877357483
0.3178148567676544 0.16511449217796326 -0.42389094829559326
-0.2950136661529541 0.2142353057861328 -0.4622724652290344
0.1221187636256218 0.1447267234325409 -0.491249144077301
0.3834749162197113 -0.06478417664766312 -0.18064650893211365
0.16794157028198242 0.29198092222213745 -0.11765959858894348
-0.21139177680015564 -0.12275853008031845 -0.032903991639614105
0.012720421887934208 -0.22573120892047882 -0.28847628831863403
-0.03382154554128647 -0.14586354792118073 0.3741096556186676
-0.23760640621185303 0.21154862642288208 0.0752435103058815
-0.08715120702981949 0.37623900175094604 -0.29621776938438416
-0.12905503809452057 0.2827686369419098 0.012846938334405422
0.006701171863824129 0.37085625529289246 -0.13395258784294128
-0.30000799894332886 -0.11572306603193283 -0.12225198745727539
0.13261619210243225 0.3147086501121521 -0.15294642746448517
0.2574463486671448 -0.006279109977185726 0.24437454342842102
0.2745169401168823 0.1464771330356598 0.29620036482810974
-0.3387124836444855 0.22221848368644714 -0.43077272176742554
0.37243926525115967 -0.14125663042068481 0.2502818703651428
-0.22918756306171417 0.32945898175239563 -0.30737942457199097
0.288709431886673 -0.09564683586359024 0.2839808762073517
-0.1679760366678238 0.36744245886802673 -0.23824214935302734
0.3240296244621277 0.05444199964404106 -0.3273320496082306
0.2909906506538391 0.31362712383270264 0.06749861687421799
0.12143584340810776 -0.12959328293800354 -0.0067840158008039
-0.131556436419487 -0.14531922340393066 -0.4712587893009186
-0.03652161359786987 0.3437269628047943 -0.07562678307294846
-0.24084894359111786 -0.12419456988573074 -0.05605848878622055
0.03597239404916763 -0.13570062816143036 0.41746091842651367
0.45697328448295593 0.16312694549560547 -0.07710367441177368
0.2343502789735794 0.05311938375234604 0.3344038426876068
0.3865867555141449 0.1323484182357788 0.2957603633403778
-0.06199898198246956 -0.07501330226659775 0.07500419020652771
0.18452583253383636 0.2946464419364929 -0.1402948945760727
0.31747958064079285 -0.05719507858157158 0.037732455879449844
0.12918183207511902 0.28702545166015625 -0.3290069103240967
0.3653438985347748 0.3408571183681488 0.14603844285011292
0.12510114908218384 -0.09474284946918488 0.04187415540218353
0.3861619532108307 0.044404059648513794 -0.26701879501342773
0.4466581344604492 0.03345142677426338 -0.05025272071361542
0.05902458727359772 0.3368200361728668 -0.25639310479164124
0.11351582407951355 0.32480576634407043 -0.18366889655590057
-0.3158000409603119 0.2433408945798874 -0.046731673181056976
0.20016638934612274 -0.005075952038168907 0.12825290858745575
0.12872569262981415 -0.03646819293498993 0.10572290420532227
0.05852454900741577 0.27181476354599 0.005248224828392267
-0.3752326965332031 0.20805126428604126 -0.17348378896713257
-0.0037581520155072212 -0.16039906442165375 0.4369891285896301
-0.26519715785980225 0.29603567719459534 -0.07021423429250717
0.2900553047657013 -0.04402300342917442 0.1955140382051468
0.21547961235046387 -0.016189681366086006 0.34538596868515015
0.39555320143699646 -0.28751611709594727 0.4219818115234375
0.2079167664051056 -0.08513016998767853 0.062052249908447266
0.21052631735801697 0.27736353874206543 -0.034289345145225525
-0.2638244926929474 0.1135706976056099 0.09746185690164566
-0.12562575936317444 -0.17524705827236176 -0.406764954328537
-0.39582744240760803 0.15392257273197174 -0.4334489703178406
-0.3347894847393036 0.2431664913892746 -0.4039227068424225
-0.31520766019821167 0.2362174391746521 -0.4359278082847595
-0.2612970471382141 -0.15598997473716736 -0.25398606061935425
-0.2668907940387726 -0.1368103176355362 -0.11303480714559555
0.4853459298610687 0.2762584686279297 0.09599855542182922
0.3328096568584442 0.051936786621809006 -0.42597338557243347
0.20893868803977966 0.1807945817708969 0.1702984869480133
0.39637258648872375 -0.1840878576040268 0.36303967237472534
-0.37400826811790466 -0.036177609115839005 -0.11086654663085938
0.1544160544872284 0.04495536908507347 0.32331398129463196
-0.4131999611854553 0.07080019265413284 -0.23493212461471558
0.12412413209676743 -0.1456444263458252 -0.034411415457725525
-0.22527897357940674 0.2844138443470001 -0.4609861969947815
0.07388464361429214 -0.2118256390094757 -0.23655910789966583
-0.20964796841144562 0.344059020280838 -0.2794223725795746
-0.3385266661643982 0.2577179968357086 -0.22264006733894348
0.35219094157218933 0.29470136761665344 0.2224421352148056
0.009071163833141327 -0.11949829012155533 0.49542316794395447
-0.23739999532699585 0.023975642397999763 -0.4887745976448059
0.03037526085972786 -0.016794562339782715 0.3370197117328644
0.18523730337619781 -0.009103801101446152 0.11854253709316254
0.37366363406181335 -0.26258477568626404 0.3172357678413391
-0.05159459263086319 0.34376096725463867 -0.06805077940225601
-0.18776218593120575 -0.16698387265205383 -0.3851998448371887
-0.1650570183992386 -0.19644977152347565 -0.1331125795841217
0.15765032172203064 -0.16716954112052917 -0.4683748185634613
0.08565407246351242 -0.19583293795585632 -0.11157165467739105
-0.20029664039611816 0.22460399568080902 0.07387101650238037
-0.19746622443199158 0.27027249336242676 0.016189849004149437
0.3756706416606903 -0.2101818174123764 0.3992443382740021
-0.16890059411525726 -0.17979338765144348 -0.36502283811569214
0.41544222831726074 -0.015705585479736328 0.24431851506233215
-0.4054212272167206 -0.04538533836603165 -0.3132370412349701
0.3417290449142456 -0.2868121862411499 0.43652135133743286
0.1253170669078827 -0.14566883444786072 -0.3869380056858063
0.3514918088912964 0.013245119713246822 -0.4673358201980591
-0.2876035273075104 0.21367597579956055 -0.4661175608634949
-0.21337246894836426 -0.13754454255104065 -0.06075425446033478
0.10214359313249588 0.1938948631286621 0.08338478952646255
0.033943336457014084 -0.11634839326143265 -0.4924831986427307
-0.3363170325756073 0.27003538608551025 -0.2632383406162262
-0.2695271670818329 0.23517507314682007 0.025022584944963455
-0.014431393705308437 0.3538894057273865 -0.3154529333114624
-0.1923104226589203 -0.1740487664937973 -0.11391397565603256
-0.35750600695610046 0.10244490206241608 -0.005818807985633612
0.1767151653766632 -0.06828611344099045 0.07533228397369385
-0.1560429483652115 0.2863316237926483 -0.485046923160553
0.4138094484806061 -0.0024954748805612326 -0.2146802693605423
0.3949820101261139 -0.028439011424779892 -0.014681840315461159
0.2899813652038574 0.2946215867996216 -0.471742182970047
0.2955187261104584 0.24205857515335083 -0.41363149881362915
-0.048843786120414734 0.36002081632614136 -0.09139959514141083
0.2825705409049988 0.22346119582653046 -0.4887745976448059
-0.2506462335586548 0.29393550753593445 -0.3986155390739441
0.14594779908657074 0.295614093542099 -0.24543707072734833
-0.39209088683128357 0.029233507812023163 -0.09425922483205795
-0.06723233312368393 0.03372780978679657 -0.491249144077301
0.39442288875579834 -0.13697192072868347 0.3328072428703308
-0.32563716173171997 0.05065121501684189 0.03589238226413727
-0.166598841547966 0.07234973460435867 0.13611294329166412
-0.31808996200561523 0.09115805476903915 0.046177543699741364
0.42844924330711365 -0.014105613343417645 0.11554495245218277
0.20492896437644958 0.26325708627700806 -0.3816956579685211
-0.2620883285999298 0.07094758003950119 0.09329233318567276
0.1552983522415161 -0.11453058570623398 -0.3868713080883026
0.43663156032562256 0.32510218024253845 0.14587458968162537
-0.3632712662220001 -0.07517451047897339 -0.31416112184524536
0.21434898674488068 0.29421061277389526 -0.08857710659503937
-0.02287299931049347 0.3774954676628113 -0.22560010850429535
-0.1807875633239746 -0.15696817636489868 -0.41451340913772583
-0.05380725860595703 -0.20515015721321106 -0.09869549423456192
-0.41694796085357666 0.1991407871246338 -0.24873921275138855
0.35842129588127136 -0.0833061933517456 0.346614807844162
0.21022316813468933 0.2507621645927429 -0.37663519382476807
0.3265858590602875 0.27249693870544434 -0.20545877516269684
0.24854935705661774 0.09343111515045166 -0.4950427711009979
-0.4059886336326599 0.22560767829418182 -0.30415475368499756
-0.005486167035996914 0.36103102564811707 -0.10363532602787018
0.3021920621395111 0.20383965969085693 -0.4887745976448059
0.2978755235671997 0.1446392834186554 0.29995855689048767
-0.20749729871749878 -0.1858254224061966 -0.2423529475927353
0.10789363086223602 0.325271874666214 -0.21517281234264374
0.3214084804058075 -0.17982755601406097 0.23904113471508026
0.18318451941013336 -0.06567055732011795 -0.35089242458343506
0.02847466804087162 -0.09545118361711502 0.33178019523620605
0.49185433983802795 0.12187245488166809 0.04210430756211281
0.32671257853507996 0.11390765011310577 -0.42758908867836
0.005163425114005804 -0.14650706946849823 0.39422938227653503
-0.25728997588157654 0.26986920833587646 -0.44930893182754517
0.013865088112652302 0.3349943459033966 -0.33361348509788513
-0.12599647045135498 0.07290390133857727 -0.491249144077301
0.12459980696439743 -0.06562785059213638 0.30276232957839966
-0.44589343667030334 0.10439391434192657 -0.4131426215171814
-0.27548959851264954 0.1823548525571823 -0.47753387689590454
-0.012017326429486275 -0.20800846815109253 -0.10047073662281036
0.3297669589519501 -0.3650374412536621 0.42187464237213135
0.1546332985162735 0.033698584884405136 -0.4924831986427307
0.3316243588924408 0.12208329141139984 -0.4887745976448059
0.4563642144203186 0.032284215092659 -0.11759106069803238
-0.06575464457273483 -0.16668881475925446 -0.45061546564102173
0.0937943086028099 -0.06501439213752747 0.44228488206863403
-0.466218501329422 0.16165047883987427 -0.3666834533214569
-0.16803482174873352 -0.13838741183280945 -0.4661175608634949
0.3277727961540222 0.2498091608285904 -0.24813859164714813
-0.4521787762641907 0.12237183749675751 -0.4034777283668518
-0.2259618639945984 0.3250589370727539 -0.09340592473745346
-0.16682741045951843 -0.1853194534778595 -0.3350970447063446
0.2659284174442291 -0.038288217037916183 -0.417697012424469
0.49411845207214355 0.09463708102703094 0.09355378150939941
0.3002745807170868 -0.035637062042951584 -0.44567474722862244
-0.2850566506385803 0.018432075157761574 0.06703046709299088
-0.10067760944366455 -0.21476063132286072 -0.2710498869419098
0.2933846414089203 0.28907325863838196 -0.07506324350833893
-0.09733505547046661 0.12493463605642319 0.13484525680541992
0.1136232241988182 -0.13837668299674988 -0.019153019413352013
0.0631612241268158 0.004888823721557856 0.3294343054294586
-0.07107748836278915 -0.19916658103466034 -0.08698555082082748
0.2527100741863251 0.3037596046924591 -0.11906693875789642
-0.2562776803970337 0.3238338530063629 -0.23586663603782654
-0.08740510791540146 0.3266679644584656 -0.46624115109443665
0.1257898360490799 -0.07700411230325699 0.38444387912750244
0.033943336457014084 -0.04784868657588959 -0.4924831986427307
-0.01853557489812374 -0.16698722541332245 0.46481651067733765
0.299560546875 -0.06633211672306061 0.1950186938047409
-0.02803526073694229 -0.11827307194471359 0.3490990102291107
-0.37098488211631775 0.21484698355197906 -0.18623165786266327
-0.46849849820137024 0.1344703882932663 -0.3837757706642151
0.4029248058795929 -0.05521124228835106 -0.12708346545696259
0.3048349618911743 -0.06795042008161545 -0.26912033557891846
-0.07673000544309616 0.19118951261043549 0.11488378047943115
-0.44538483023643494 0.15928347408771515 -0.24311873316764832
0.2139955759048462 -0.011592543683946133 0.1641596406698227
-0.2447214126586914 0.020242899656295776 0.09457790106534958
-0.15751565992832184 -0.20522348582744598 -0.17305836081504822
-0.2786809504032135 0.29927805066108704 -0.3188861608505249
-0.2616495192050934 0.2778729796409607 -0.42404037714004517
-0.16673460602760315 0.29770106077194214 -0.47753387689590454
0.305002897977829 0.09335446357727051 -0.4075640141963959
0.07308603078126907 0.09241262078285217 -0.4924831986427307
0.3081401288509369 -0.057521555572748184 0.0416291207075119
-0.2672886848449707 0.10263815522193909 -0.4862915873527527
0.22294269502162933 -0.04780840128660202 -0.4937151074409485
0.28006333112716675 -0.0259688813239336 -0.3361261188983917
0.10866262018680573 -0.08508171141147614 0.3439621031284332
0.39178669452667236 -0.287384569644928 0.39481693506240845
0.38479986786842346 -0.29617026448249817 0.4342888295650482
0.23431365191936493 -0.0913967564702034 -0.27304607629776
0.0399605818092823 -0.21386630833148956 -0.11597182601690292
-0.09864136576652527 0.2943366467952728 0.0012644233647733927
0.3050701320171356 -0.05383221432566643 0.16946861147880554
-0.4354540705680847 0.1395614743232727 -0.4160096347332001
0.02069304883480072 -0.06586632877588272 0.07697393745183945
-0.12154480069875717 0.19877268373966217 0.11525002866983414
0.1482609212398529 -0.16804833710193634 -0.45469748973846436
-0.47534194588661194 0.03263603895902634 -0.34869709610939026
0.07845629006624222 0.3357054591178894 -0.22620074450969696
-0.26157626509666443 -0.06748814135789871 0.022695576772093773
-0.18834617733955383 -0.047969963401556015 -0.4887745976448059
0.46952155232429504 0.2639235854148865 0.1492658406496048
0.17430517077445984 -0.04231330752372742 0.37124183773994446
-0.04196000099182129 -0.21195237338542938 -0.10703396052122116
-0.11257771402597427 0.3792048692703247 -0.15594762563705444
-0.0001925414544530213 -0.09647075086832047 0.45017483830451965
-0.09273237735033035 -0.22124429047107697 -0.23456624150276184
0.39342159032821655 0.07417916506528854 -0.26519694924354553
0.18153436481952667 0.031510286033153534 0.20674915611743927
-0.28952082991600037 -0.028401535004377365 0.03770557790994644
-0.28192374110221863 -0.14300790429115295 -0.22281643748283386
0.25436660647392273 0.254412978887558 -0.3117286264896393
0.022870255634188652 -0.2402229607105255 -0.21300730109214783
-0.21301446855068207 -0.13543196022510529 -0.049933020025491714
0.35231050848960876 0.008388446643948555 -0.2849220931529999
0.3178422451019287 0.2866217792034149 -0.18705354630947113
0.09394031018018723 -0.15139637887477875 -0.3567497432231903
0.2842423617839813 -0.2672039866447449 0.3504946529865265
0.23450741171836853 -0.07546177506446838 -0.4366567134857178
0.08388417214155197 0.008405188098549843 0.34900858998298645
0.21022316813468933 0.2585548162460327 -0.3454645574092865
-0.4057579040527344 0.13850876688957214 -0.2022901475429535
0.09107714891433716 -0.04709673300385475 0.2877991199493408
0.21305041015148163 -0.10576122254133224 -0.2439788281917572
0.23962268233299255 -0.12885721027851105 -0.08681479096412659
-0.012930129654705524 -0.16657455265522003 0.44905951619148254
0.30054372549057007 -0.3682571351528168 0.3414943814277649
-0.37512466311454773 0.004536760970950127 -0.4347835183143616
0.07489872723817825 0.35578039288520813 -0.4662015438079834
0.32547634840011597 -0.02557000145316124 0.3227849304676056
0.3403664529323578 -0.07440914213657379 0.18850906193256378
-0.2800118625164032 0.21082910895347595 0.04406658560037613
0.1406777799129486 0.28114446997642517 -0.3309729993343353
-7.707559416303411e-05 -0.0964372456073761 0.3325081467628479
0.33528581261634827 0.08269523829221725 -0.4361895024776459
0.4002903401851654 -0.031177189201116562 0.21956346929073334
0.32275938987731934 0.2745381295681 -0.052200380712747574
0.22732526063919067 0.2854495942592621 -0.2570738196372986
-0.3272217810153961 0.26393336057662964 -0.3592269718647003
0.3156708776950836 0.1111498475074768 0.3045896589756012
-0.39495524764060974 0.09479731321334839 -0.10070154815912247
-0.08099893480539322 0.36484599113464355 -0.09778857976198196
0.30229923129081726 -0.08759543299674988 0.21752071380615234
-0.27510473132133484 0.022523391991853714 0.07728556543588638
0.006336187943816185 0.30279892683029175 -0.026062095537781715
0.3561352789402008 0.25665363669395447 -0.20570634305477142
0.21501871943473816 0.13404658436775208 0.2687283456325531
0.3929011821746826 -0.12527264654636383 0.3027151823043823
0.25548890233039856 0.17433181405067444 0.2836676239967346
-0.37300363183021545 0.24504022300243378 -0.27329906821250916
-0.06723233312368393 0.1447267234325409 -0.491249144077301
0.02736608311533928 -0.21639753878116608 -0.30279940366744995
0.4002913534641266 0.2124495506286621 -0.20587463676929474
0.34418147802352905 -0.04837874695658684 0.3275223672389984
-0.3093705177307129 0.28774112462997437 -0.2779274880886078
-0.0028796037659049034 0.3456323742866516 -0.325042188167572
0.3916740417480469 0.2198159098625183 -0.20940764248371124
0.17420464754104614 -0.0967770516872406 -0.4924831986427307
-0.08415433019399643 0.3468182384967804 -0.4213305115699768
-0.23391927778720856 -0.03632979840040207 0.07114604860544205
0.0773715153336525 0.29462525248527527 -0.030618036165833473
-0.3867669403553009 0.17630821466445923 -0.12245981395244598
-0.044736575335264206 0.37729695439338684 -0.25570449233055115
-0.14604339003562927 -0.18629658222198486 -0.3685046136379242
-0.20796769857406616 0.0141648780554533 -0.4887745976448059
0.37178167700767517 0.14468400180339813 -0.2759326100349426
-0.3325570523738861 -0.09814032912254333 -0.31268855929374695
0.3533153533935547 -0.1657259315252304 0.23415490984916687
-0.2645467221736908 0.20449914038181305 0.06289676576852798
0.22609944641590118 -0.10545503348112106 0.005570982117205858
0.21273240447044373 0.24578075110912323 0.06707024574279785
-0.05816848948597908 0.381552129983902 -0.16836737096309662
0.3166663646697998 0.22281414270401 -0.2862645387649536
0.20922338962554932 0.10330268740653992 0.32177653908729553
-0.3827066719532013 0.2327837198972702 -0.35067906975746155
-0.30263566970825195 0.014317377470433712 -0.4737481474876404
0.47117358446121216 0.0741506963968277 0.014876279979944229
0.22880302369594574 -0.005759342107921839 0.3340400755405426
0.11070822924375534 -0.036199379712343216 0.2734193503856659
0.08518093824386597 -0.20549695193767548 -0.1424209624528885
-0.3240160048007965 0.14368665218353271 0.03345923125743866
0.014384516514837742 -0.15562328696250916 -0.491249144077301
0.3321708142757416 -0.1075337827205658 0.22163596749305725
-0.36397531628608704 -0.06710977107286453 -0.16196200251579285
0.43649980425834656 0.04177393391728401 0.2753211557865143
0.06583206355571747 -0.09032820165157318 0.049648016691207886
0.23450741171836853 0.181923046708107 -0.37519168853759766
0.18881040811538696 0.05432428792119026 0.13634245097637177
0.37134310603141785 -0.30968546867370605 0.4462805688381195
0.0365116111934185 -0.15932084619998932 -0.04080367088317871
-0.2916613221168518 -0.13463881611824036 -0.22391164302825928
-0.02795146033167839 0.22422847151756287 0.08338868618011475
-0.02933003567159176 -0.16725294291973114 -0.04824713617563248
0.18635332584381104 0.044045038521289825 0.34964656829833984
-0.4152163863182068 0.1886754035949707 -0.3992980122566223
0.20115411281585693 -0.020292116329073906 0.2113979607820511
0.30431845784187317 0.12173965573310852 -0.33606263995170593
0.38432425260543823 -0.1361754685640335 0.35465726256370544
0.25445789098739624 -0.12439804524183273 -0.09173911809921265
-0.2343403548002243 -0.15440592169761658 -0.11845464259386063
-0.05854511260986328 -0.2080739587545395 -0.10237852483987808
-0.07549665868282318 0.3580102324485779 -0.08564379811286926
0.3357250392436981 -0.35666516423225403 0.38165318965911865
-0.41574084758758545 0.08480331301689148 -0.20377857983112335
0.2531496584415436 -0.09089206159114838 -0.2666209638118744
0.22859540581703186 0.15391100943088531 0.2871979773044586
-0.23480047285556793 -0.16491881012916565 -0.3414077162742615
0.21752746403217316 -0.11643505841493607 -0.02719423547387123
0.027012258768081665 -0.04532046243548393 0.40483030676841736
-0.377023845911026 0.21992385387420654 -0.3992980122566223
0.40456077456474304 -0.021022172644734383 -0.0028350630309432745
-0.40634849667549133 0.205806702375412 -0.38916492462158203
0.22263632714748383 -0.0961604043841362 0.025430327281355858
-0.08696827292442322 0.22346119582653046 -0.4887745976448059
-0.25580182671546936 0.043069884181022644 0.09546390920877457
0.2954194247722626 -0.10158030688762665 0.24536484479904175
0.3859865367412567 -0.03718600794672966 0.07379266619682312
0.005507879424840212 0.11416737735271454 0.13280315697193146
0.34368035197257996 0.27325332164764404 -0.182244211435318
-0.27448031306266785 0.2725764214992523 -0.41862985491752625
0.02415766566991806 -0.12613406777381897 -0.4924831986427307
-0.4214673936367035 0.09357602149248123 -0.23557111620903015
0.44705435633659363 0.30709120631217957 0.15570373833179474
-0.29761484265327454 0.2958318889141083 -0.26660001277923584
-0.3952256143093109 0.09083670377731323 -0.10066922754049301
0.2437726855278015 -0.10713563114404678 -0.23194436728954315
0.19466790556907654 -0.04167395830154419 0.30306220054626465
-0.12621133029460907 0.22346119582653046 -0.4887745976448059
-0.14696097373962402 -0.1373189091682434 -0.47753387689590454
0.2955187261104584 0.1346435397863388 -0.4062235653400421
0.03400183469057083 0.19386272132396698 -0.4900129437446594
0.2755533456802368 -0.01731477677822113 -0.39406171441078186
-0.16124258935451508 0.337187796831131 -0.07259317487478256
0.39413613080978394 -0.255940705537796 0.40474820137023926
0.1431475579738617 -0.15676197409629822 -0.17954878509044647
-0.23426944017410278 0.334865540266037 -0.24287603795528412
-0.4349901080131531 0.021551286801695824 -0.24031946063041687
0.4419858753681183 0.18238134682178497 -0.15521202981472015
0.10150537639856339 -0.03718770295381546 0.27748677134513855
-0.052989598363637924 -0.19994604587554932 -0.09087967872619629
0.38476383686065674 -0.08218241482973099 0.2684724032878876
-0.37633925676345825 0.21594960987567902 -0.40670546889305115
-0.0637354701757431 -0.0025973638985306025 0.12304583936929703
-0.3279268443584442 -0.046384163200855255 -0.4334489703178406
0.28431352972984314 -0.021062077954411507 -0.33440595865249634
0.3205833435058594 -0.35857096314430237 0.3338865637779236
-0.27299290895462036 -0.049935419112443924 0.033441103994846344
-0.20735928416252136 -0.14600156247615814 -0.4213305115699768
-0.017636997625231743 -0.22847822308540344 -0.2932753264904022
0.04655320569872856 0.04223369434475899 0.1307753622531891
0.15578028559684753 -0.1472489982843399 -0.43269410729408264
-0.23241160809993744 0.31402409076690674 -0.3681320548057556
-0.3577480614185333 -0.02977604977786541 -0.05605848878622055
0.019348610192537308 0.2811722457408905 0.0008365275571122766
0.23038595914840698 -0.1253630816936493 -0.056414637714624405
-0.18477651476860046 -0.027496324852108955 0.09945551306009293
-0.4150104224681854 0.03187413886189461 -0.42539161443710327
-0.06248084083199501 -0.2151583731174469 -0.11387555301189423
-0.33620160818099976 0.2666330933570862 -0.1419089287519455
0.23351670801639557 0.23327195644378662 -0.4887745976448059
0.0208099614828825 0.3587867021560669 -0.4251216650009155
0.2547856271266937 -0.07456998527050018 -0.29481610655784607
0.1937759965658188 0.033698584884405136 -0.4924831986427307
-0.4091220796108246 0.08129844069480896 -0.17471711337566376
0.315487265586853 0.31116774678230286 0.1307753622531891
0.1131211444735527 -0.11599505692720413 0.015944460406899452
-0.29268133640289307 -0.09599947929382324 -0.0544508695602417
0.2875306308269501 0.20229677855968475 -0.40447425842285156
-0.005207709968090057 0.1644555628299713 -0.4900129437446594
-0.27544331550598145 0.21608272194862366 0.04509195312857628
-0.3767935037612915 -0.005661951843649149 -0.42808693647384644
0.4448010325431824 0.008799167349934578 0.04881266877055168
0.006474342662841082 -0.13818763196468353 0.3718383014202118
0.198159858584404 -0.016528967767953873 0.1996236890554428
0.3011062443256378 -0.21726952493190765 0.2702346444129944
0.3194979131221771 -0.16829247772693634 0.24108165502548218
-0.24817761778831482 -0.08539305627346039 -0.46355634927749634
-0.02430606819689274 -0.2367967963218689 -0.16228453814983368
0.393155574798584 -0.028795842081308365 0.013326131738722324
0.021772027015686035 -0.07085064053535461 0.3150539696216583
0.2240334302186966 0.1771344095468521 0.22784124314785004
0.39555320143699646 -0.05794424191117287 -0.08238066732883453
-0.3159830868244171 -0.09613718092441559 -0.0941847488284111
0.3640771806240082 -0.055566176772117615 0.32767564058303833
0.36365899443626404 0.27638936042785645 0.24559013545513153
-0.13075372576713562 -0.14593756198883057 -0.023387320339679718
-0.09661440551280975 0.023933786898851395 -0.491249144077301
-0.21769854426383972 0.34022772312164307 -0.13016624748706818
0.10771938413381577 -0.08516514301300049 0.4017927050590515
0.005185633432120085 -0.2184065580368042 -0.31532400846481323
-0.4810466468334198 0.07094341516494751 -0.24873921275138855
-0.03486834838986397 0.05027495697140694 0.1346154510974884
0.3582157790660858 0.2755477726459503 -0.1057349145412445
-0.3408380448818207 -0.09027469903230667 -0.1960112601518631
-0.15694481134414673 -0.1783093363046646 -0.37805336713790894
0.3284679055213928 -0.02686411887407303 -0.4716947376728058
-0.35868796706199646 -0.0472966767847538 -0.4034777283668518
-0.4306308329105377 0.011743712238967419 -0.24311873316764832
-0.06401186436414719 -0.19740788638591766 -0.08650895208120346
-0.2775390148162842 -0.14604413509368896 -0.2346857488155365
0.3837825357913971 0.18268932402133942 -0.24921391904354095
-0.0023395658936351538 0.11126642674207687 0.1346154510974884
0.011224756017327309 0.35497695207595825 -0.4619142711162567
0.3214995563030243 -0.3426285684108734 0.30827122926712036
0.2547856271266937 0.19113822281360626 -0.3859160542488098
-0.02303231507539749 -0.03567295894026756 0.1054103747010231
0.10771938413381577 -0.035635072737932205 0.4348127543926239
0.4685875177383423 0.12383520603179932 -0.07559606432914734
0.3670337498188019 0.29179900884628296 0.22888585925102234
0.17589761316776276 0.15463034808635712 0.10249965637922287
0.2810839116573334 -0.0734134390950203 0.034857798367738724
-0.3516920506954193 0.23140911757946014 -0.09913750737905502
0.3008970618247986 -0.09730150550603867 0.318693071603775
0.1540302038192749 -0.13477067649364471 -0.21646521985530853
0.4538460373878479 0.02490450255572796 0.16828341782093048
0.23348550498485565 0.22695085406303406 0.14548474550247192
0.3050857186317444 -0.22538192570209503 0.3849901258945465
0.10277226567268372 -0.009825992397964 0.11506431549787521
0.3962498903274536 -0.14771273732185364 0.32970842719078064
0.29385218024253845 0.2941889464855194 -0.17972330749034882
0.3580741584300995 -0.18901053071022034 0.39581605792045593
0.3523547351360321 -0.3481835722923279 0.42378637194633484
0.30494052171707153 0.11207998543977737 -0.491249144077301
0.2754383683204651 -0.025273224338889122 0.2511068880558014
-0.39514026045799255 0.11851987987756729 -0.09980782866477966
0.4533931612968445 0.1445433348417282 -0.04141607508063316
-0.45969879627227783 0.1838293820619583 -0.3421778082847595
-0.03238319978117943 -0.1356695294380188 -0.004490652121603489
0.37376824021339417 0.05429866164922714 -0.283040851354599
0.4439215362071991 0.16368648409843445 -0.03393285721540451
-0.4046498239040375 0.13238176703453064 -0.18068905174732208
-0.0445864237844944 -0.17802847921848297 0.42408648133277893
0.3451674282550812 0.1924367994070053 0.2902495265007019
-0.4046275019645691 0.06287519633769989 -0.14438779652118683
0.4011586308479309 -0.22830116748809814 0.38010695576667786
-0.1249849870800972 -0.0025951778516173363 0.12498442083597183
-0.41358986496925354 0.10408977419137955 -0.20760169625282288
0.2879435420036316 -0.12723441421985626 0.3093715012073517
-0.20450349152088165 0.35239216685295105 -0.15761835873126984
-0.299466997385025 -0.12512527406215668 -0.3031279146671295
0.3743218183517456 0.2639246881008148 -0.11932215839624405
-0.21873706579208374 -0.17538458108901978 -0.17494720220565796
0.2779507339000702 0.2500353157520294 -0.2960045635700226
-0.299175500869751 0.24428489804267883 -0.44142085313796997
-0.1557765007019043 0.28256773948669434 -0.48753422498703003
0.37092477083206177 -0.07502230256795883 -0.07376381009817123
-0.31232333183288574 0.2824971675872803 -0.28133320808410645
-0.16466636955738068 0.3447614014148712 -0.3685704171657562
0.043729010969400406 0.07284127920866013 -0.4924831986427307
2.7124464395456016e-05 0.15157970786094666 0.1264241337776184
0.22032570838928223 0.29491931200027466 -0.19931839406490326
0.26187843084335327 0.3036124110221863 0.0041891783475875854
-0.2853470742702484 0.306580513715744 -0.26754316687583923
-0.2384575754404068 0.31787821650505066 -0.3469662368297577
0.24229073524475098 0.1117924228310585 -0.4949449896812439
-0.29320913553237915 -0.13537073135375977 -0.21410667896270752
0.3742307126522064 -0.05168479308485985 -0.027087533846497536
0.30492356419563293 0.2644728720188141 -0.4462102949619293
-0.06186114251613617 -0.20512424409389496 -0.09219672530889511
-0.26396405696868896 -0.015316090546548367 0.06703046709299088
0.39252597093582153 0.18290042877197266 0.2849218547344208
0.4522760808467865 0.2423553615808487 0.22216485440731049
0.22298896312713623 0.21067418158054352 0.1535736620426178
-0.3647525906562805 0.1448039710521698 -0.034017376601696014
0.17450270056724548 0.2036651074886322 -0.4900129437446594
-0.02335590310394764 -0.07679154723882675 0.3652031719684601
0.22330591082572937 -0.07238008081912994 -0.32087767124176025
0.0829426720738411 0.11207998543977737 -0.491249144077301
0.300730437040329 -0.1054135113954544 -0.04197154566645622
-0.008135304786264896 -0.1652439534664154 -0.038860905915498734
0.22936126589775085 0.2132996916770935 -0.37632328271865845
-0.44542059302330017 0.004506511148065329 -0.37505459785461426
0.29358741641044617 -0.06443634629249573 -0.28232401609420776
0.42038485407829285 0.22361329197883606 0.2611713707447052
-0.2942327857017517 0.2624354064464569 -0.41451340913772583
0.2795241177082062 0.014808135107159615 0.3202209174633026
-0.31602346897125244 0.2778800129890442 -0.3151814937591553
0.4285048246383667 0.014869112521409988 0.26826211810112
0.11814471334218979 0.296694278717041 -0.044413648545742035
-0.3703550696372986 -0.044980112463235855 -0.2353176474571228
0.11778602004051208 0.03033447079360485 0.3263799250125885
-0.4662690758705139 0.17765459418296814 -0.3047507405281067
-0.18555091321468353 0.2797743082046509 -0.485046923160553
0.3570142686367035 0.08385016024112701 0.30753272771835327
0.08188329637050629 -0.005797427147626877 0.38676169514656067
0.0977853536605835 0.02244742214679718 0.12683209776878357
0.14092974364757538 -0.1609664112329483 -0.11666860431432724
-0.04109898954629898 0.1977967917919159 0.10636212676763535
-0.20796769857406616 0.023975642397999763 -0.4887745976448059
0.17533230781555176 -0.05218055844306946 0.08678613603115082
0.08540154248476028 0.30519092082977295 -0.32892897725105286
-0.0010441903723403811 0.35145896673202515 -0.36576777696609497
-0.01190105639398098 -0.11815302819013596 0.4686645567417145
0.055730268359184265 -0.18796446919441223 -0.3584567606449127
0.2955187261104584 -0.09870640188455582 -0.02841891162097454
-0.23778323829174042 0.2701389789581299 -0.4661175608634949
0.35694992542266846 -0.207330122590065 0.40349528193473816
0.3640771806240082 0.029618198052048683 -0.2828124165534973
-0.07715750485658646 0.23327195644378662 -0.4887745976448059
0.1815803349018097 0.26460909843444824 -0.005818807985633612
0.15429478883743286 -0.12762700021266937 -0.4038833975791931
0.19781944155693054 -0.026059256866574287 0.3584348261356354
-0.20369607210159302 0.3344188332557678 -0.35131776332855225
0.3838072717189789 0.13431471586227417 -0.26937347650527954
0.48198679089546204 0.2586916387081146 0.11383643001317978
0.38584670424461365 -0.17974655330181122 0.2993777394294739
0.1944618970155716 0.07772015035152435 0.32331398129463196
0.38425418734550476 -0.04434932395815849 -0.026917990297079086
0.37262582778930664 -0.05609285458922386 0.2111722081899643
-0.04935835301876068 -0.15043559670448303 0.38690900802612305
0.3070410490036011 -0.3543001115322113 0.4435552954673767
-0.4728602468967438 0.17450784146785736 -0.2994346022605896
-0.4436751902103424 0.12437581270933151 -0.23474237322807312
-0.31804656982421875 0.2726943790912628 -0.2390253245830536
0.1144452765583992 0.3235257863998413 -0.15347132086753845
0.11568967252969742 0.33042871952056885 -0.45237600803375244
0.2847490906715393 -0.1325882524251938 0.28322064876556396
0.3735210597515106 0.03444444760680199 -0.27784064412117004
-0.26542556285858154 -0.028123648837208748 0.056661881506443024
0.035767920315265656 -0.02382851392030716 0.10896386206150055
0.24305610358715057 0.30155375599861145 -0.10706494003534317
0.2848597764968872 -0.3255867063999176 0.3493519723415375
-0.41744908690452576 0.21503028273582458 -0.3460024297237396
0.15578028559684753 -0.1231343001127243 -0.018725179135799408
0.4936012029647827 0.1439370959997177 0.04604194313287735
0.03139849007129669 -0.10691102594137192 0.3438784182071686
-0.2366245836019516 0.28839510679244995 -0.4352237284183502
0.32430681586265564 0.3359382748603821 0.105518639087677
-0.3979017734527588 0.1633020043373108 -0.21491996943950653
0.3990170359611511 -0.24327735602855682 0.37571483850479126
-0.24763354659080505 0.10263815522193909 -0.4862915873527527
0.08985308557748795 -0.0657823234796524 0.07609821856021881
-0.2126549333333969 0.2531321942806244 0.03386741504073143
-0.3644023537635803 0.22412462532520294 -0.21957139670848846
-0.19815693795681 0.15478584170341492 -0.4887745976448059
0.007273380644619465 0.21248403191566467 0.08748024702072144
0.2845087945461273 -0.2567059397697449 0.34900858998298645
0.2943570017814636 0.04460054636001587 -0.349697083234787
0.21986639499664307 0.1345127820968628 0.29677441716194153
-0.23050418496131897 0.3011641204357147 -0.044413648545742035
0.0990164577960968 0.31957653164863586 -0.2382207214832306
0.31058192253112793 0.27277541160583496 -0.035681769251823425
0.4902361333370209 0.26199495792388916 0.05148220434784889
0.49987754225730896 0.16348131000995636 0.06999686360359192
-0.29738467931747437 0.11111640930175781 0.06909052282571793
-0.10811085253953934 0.3399735391139984 -0.4213305115699768
0.37299442291259766 -0.08131061494350433 -0.1175999566912651
0.40336254239082336 0.3453449308872223 0.14542260766029358
-0.39898180961608887 0.1434146910905838 -0.15331317484378815
0.1703242063522339 -0.034228820353746414 0.2753109037876129
0.29496142268180847 0.2848193347454071 -0.44696590304374695
0.29741472005844116 0.26259589195251465 0.23417475819587708
0.33159521222114563 -0.3578702211380005 0.3736591041088104
-0.03510160371661186 -0.09561001509428024 0.34434592723846436
0.4066891372203827 0.014988345094025135 0.29806673526763916
0.1042986586689949 0.2944103479385376 -0.34302932024002075
0.05545641481876373 -0.1056470274925232 0.4506250023841858
-0.0770263597369194 -0.047889042645692825 -0.491249144077301
0.023242387920618057 0.34461110830307007 -0.288452684879303
0.33050084114074707 0.3312336802482605 0.022522512823343277
0.1171860322356224 0.3278553783893585 -0.4449578523635864
-0.24503710865974426 0.3359571695327759 -0.1790747344493866
0.4444567561149597 0.2317274808883667 -0.003102495102211833
0.04117690771818161 -0.06805141270160675 0.3092576563358307
-0.14558450877666473 0.014139764942228794 -0.491249144077301
-0.42563414573669434 -0.005802226718515158 -0.3866211771965027
0.13110801577568054 0.29486870765686035 -0.3653300404548645
-0.25808489322662354 0.22314071655273438 0.04828373342752457
-0.17459742724895477 0.0014992129290476441 0.11915627866983414
0.27946433424949646 -0.09218553453683853 0.0012309292796999216
0.05890359356999397 0.14032796025276184 0.12691882252693176
-0.058177586644887924 0.3620491623878479 -0.3355642855167389
-0.3257836699485779 0.2739882469177246 -0.1899251937866211
0.28243666887283325 -0.20916748046875 0.32724690437316895
0.39473167061805725 0.03444444760680199 -0.2566300332546234
0.13494810461997986 -0.1489638388156891 -0.40521591901779175
-0.26652491092681885 0.2930537462234497 -0.37533318996429443
-0.3364366888999939 0.1750391274690628 -0.45581895112991333
0.2770618796348572 0.07316133379936218 0.313093900680542
0.4449383318424225 0.1649160087108612 -0.03655282407999039
0.3620975911617279 -0.1805206537246704 0.24746088683605194
-0.31915634870529175 0.022987980395555496 0.03983072191476822
0.027012258768081665 -0.04532046243548393 0.30626314878463745
0.05392981693148613 0.31433749198913574 -0.34265589714050293
0.15528345108032227 0.26460909843444824 -0.005818807985633612
0.46679145097732544 0.2755064070224762 0.1465357393026352
-0.14700265228748322 0.3530104458332062 -0.35709521174430847
0.29118892550468445 -0.08631692081689835 -0.25500473380088806
0.028560442849993706 -0.13539934158325195 0.45631128549575806
-0.369441956281662 0.16294707357883453 -0.44405943155288696
0.052308205515146255 -0.08870147168636322 0.05532365292310715
0.2663573622703552 -0.12391762435436249 -0.1657479852437973
0.29646164178848267 0.03434322401881218 -0.495147705078125
-0.014093774370849133 -0.07553275674581528 0.06737574189901352
0.305002897977829 0.04548095166683197 -0.4038814306259155
0.31000781059265137 -0.3777502477169037 0.4013644754886627
0.23410646617412567 0.25858670473098755 -0.3260563611984253
-0.19539101421833038 -0.16608926653862 -0.09258071333169937
-0.3352622985839844 0.2654959261417389 -0.3264659345149994
0.06386713683605194 -0.20607496798038483 -0.2685425281524658
-0.34829407930374146 0.13431471586227417 -0.4622724652290344
-0.048693813383579254 0.3553577661514282 -0.4259346127510071
0.09273669123649597 0.1447267234325409 -0.491249144077301
0.2606640160083771 0.26863881945610046 0.11525002866983414
0.3282827138900757 -0.1631435751914978 0.235170379281044
-0.0766175240278244 -0.19754013419151306 -0.36502283811569214
0.21922655403614044 -0.10106724500656128 -0.4555370807647705
0.305002897977829 0.23329241573810577 -0.4222943186759949
0.3493412435054779 -0.3498530685901642 0.4525575339794159
-0.01696319878101349 -0.11366521567106247 0.022410228848457336
0.20596365630626678 0.2918536961078644 -0.07259317487478256
-0.3145318031311035 0.25283530354499817 -0.4086247980594635
0.23101592063903809 0.25161102414131165 0.08944407850503922
-0.35451042652130127 0.1996239572763443 -0.05468858405947685
0.3925849497318268 -0.21882431209087372 0.33843356370925903
-0.0755702555179596 -0.19133608043193817 -0.3866211771965027
-0.2525818347930908 -0.15552034974098206 -0.3418182134628296
0.01848284900188446 -0.19356930255889893 -0.42404037714004517
-0.47663983702659607 0.1552475094795227 -0.2672441601753235
0.02254735492169857 -0.022828714922070503 0.3185775876045227
0.21145004034042358 -0.13273318111896515 -0.09457576274871826
0.07320656627416611 -0.1977977156639099 -0.26643720269203186
0.16710726916790009 -0.11836675554513931 -0.2288811057806015
0.00598864397034049 -0.046192239969968796 0.34983524680137634
0.25895339250564575 0.2638710141181946 0.10987129807472229
0.26294898986816406 0.25289347767829895 -0.4887745976448059
0.17972919344902039 0.09210556000471115 0.16641375422477722
0.31945323944091797 -0.005572526250034571 0.3214876353740692
0.2848658263683319 0.06300143152475357 -0.4937151074409485
-0.044309891760349274 0.2362287938594818 0.07932309061288834
0.236187145113945 0.193642720580101 0.2324627935886383
0.4165020287036896 0.14841270446777344 -0.22571717202663422
0.1776135265827179 0.0563097782433033 0.31093254685401917
0.2656647562980652 -0.12487487494945526 -0.148522287607193
0.23792096972465515 -0.0944809839129448 0.020447105169296265
0.19340409338474274 -0.1325564831495285 -0.10300474613904953
0.21919696033000946 0.25626590847969055 -0.34503763914108276
-0.3353877365589142 0.09353557229042053 -0.47501224279403687
0.3029634654521942 -0.3754427134990692 0.3539200723171234
-0.2698216140270233 0.28720927238464355 -0.38582611083984375
0.008602865040302277 -0.2099764347076416 -0.10543835163116455
-0.2516474425792694 0.1635473519563675 0.09546390920877457
-0.3075937330722809 0.2828899919986725 -0.12194793671369553
-0.3797827363014221 0.10947438329458237 -0.053718529641628265
-0.277445524930954 -0.07613463699817657 -0.44930893182754517
0.39873000979423523 -0.02770223654806614 0.2767069637775421
-0.15593267977237701 0.3726479113101959 -0.22956986725330353
0.061155758798122406 0.3486316204071045 -0.41754236817359924
0.4246090352535248 0.17372284829616547 -0.2023272067308426
-0.49542292952537537 0.12849916517734528 -0.2830651104450226
0.2888782322406769 -0.35326915979385376 0.3454895615577698
0.36575764417648315 0.0969432070851326 0.30624035000801086
0.4137282967567444 0.10416223853826523 -0.24308079481124878
-0.033527445048093796 0.2783965766429901 0.018945908173918724
-0.20322461426258087 0.05565023422241211 0.12390416115522385
-0.02809196151793003 0.36244702339172363 -0.3086170256137848
0.23327131569385529 0.07488133013248444 -0.4952371418476105
0.14862991869449615 0.1903391033411026 0.07728556543588638
0.21206849813461304 0.30282923579216003 -0.16591763496398926
-0.12610380351543427 -0.1263485550880432 -0.4900129437446594
0.00691006425768137 0.3641341030597687 -0.11620935052633286
0.3523121476173401 0.347693532705307 0.04158032685518265
0.043917521834373474 0.28281015157699585 -0.4862915873527527
-0.10914871841669083 0.12266527861356735 0.13814347982406616
0.1840319186449051 0.28549766540527344 -0.24518689513206482
0.28985628485679626 -0.10916346311569214 -0.06174807250499725
0.36261510848999023 0.044404059648513794 -0.2905656099319458
0.2440069317817688 -0.11431150883436203 -0.03563487157225609
0.16350634396076202 -0.08056005835533142 -0.3480056822299957
-0.40478000044822693 0.14219516515731812 -0.21588434278964996
0.09848912060260773 -0.11631883680820465 0.014753593131899834
0.38132187724113464 0.0731554627418518 0.3045487105846405
0.3920917212963104 0.34921735525131226 0.07428153604269028
0.4507610499858856 0.14176024496555328 -0.03135591000318527
-0.22488771378993988 -0.10868296027183533 -0.46355634927749634
-0.22265750169754028 -0.10842451453208923 -0.014764034189283848
0.37476614117622375 0.01449933648109436 -0.26928797364234924
0.09281615167856216 0.2036651074886322 -0.4900129437446594
0.07790858298540115 0.22141051292419434 0.06289676576852798
0.24132093787193298 -0.08664072304964066 -0.45786982774734497
0.24640433490276337 0.0046662744134664536 0.3124801814556122
0.21197402477264404 0.3042225241661072 -0.1501287966966629
0.17420464754104614 0.07284127920866013 -0.4924831986427307
0.285923570394516 -0.065749391913414 0.086912602186203
-0.10769118368625641 -0.1475856602191925 -0.4737481474876404
-0.28256461024284363 0.12369553744792938 -0.48536643385887146
-0.2374015748500824 0.2957346737384796 -0.4154715836048126
0.3347647488117218 0.10451236367225647 -0.43993985652923584
0.3362007141113281 -0.09720927476882935 -0.11791844666004181
-0.3450639545917511 0.26540520787239075 -0.2748273015022278
0.39555320143699646 -0.1240331158041954 0.3245876729488373
0.17341670393943787 -0.08974427729845047 -0.28505486249923706
0.16378432512283325 0.0005108239711262286 0.11468673497438431
-0.12445443123579025 0.013695213943719864 0.13269749283790588
0.23327131569385529 0.062041740864515305 -0.4952371418476105
0.4548802375793457 0.16129836440086365 -0.005761403124779463
0.39053359627723694 -0.034894123673439026 0.18276748061180115
0.3856755197048187 -0.1983373612165451 0.38618144392967224
0.385274201631546 0.3261668086051941 0.1853393018245697
0.21479816734790802 0.1498316526412964 0.24942877888679504
-0.1856076419353485 0.36314699053764343 -0.22525258362293243
0.2848658263683319 0.023892076686024666 -0.4937151074409485
0.052787549793720245 -0.033092793077230453 0.4186936914920807
-0.24034929275512695 -0.10698734223842621 -0.02149553969502449
0.02244584634900093 0.3342939615249634 -0.07519909739494324
0.34770843386650085 -0.08902963995933533 -0.1951884776353836
0.35909515619277954 0.20161902904510498 0.2855123281478882
0.32554298639297485 0.1802263706922531 -0.44431373476982117
0.39696842432022095 0.23927262425422668 -0.048395805060863495
0.3847717344760895 -0.30458903312683105 0.3998740613460541
0.18450455367565155 0.13958019018173218 0.1365293562412262
0.45684629678726196 0.06173567473888397 -0.05259159207344055
0.4561685025691986 0.06461106240749359 -0.042409881949424744
-0.007928861305117607 0.3732268512248993 -0.22699086368083954
-0.1538413017988205 0.30457013845443726 -0.47247201204299927
-0.45342811942100525 0.00470891036093235 -0.3591400384902954
0.35360443592071533 -0.24556654691696167 0.25594574213027954
0.41483035683631897 0.014538908377289772 -0.22370941936969757
-0.46590104699134827 0.051924560219049454 -0.24494892358779907
0.38082000613212585 0.12410766631364822 -0.2759890556335449
-0.23206281661987305 0.2830728590488434 -0.02614714577794075
-0.4032455384731293 0.04223528876900673 -0.14201879501342773
0.11657547950744629 -0.18519346415996552 -0.1684122532606125
-0.10233341157436371 -0.134128600358963 0.0029937217477709055
-0.29007384181022644 -0.12764596939086914 -0.14092548191547394
-0.3680146634578705 0.18415005505084991 -0.43611568212509155
0.034031160175800323 0.24308271706104279 -0.4887745976448059
0.46773210167884827 0.2956112027168274 0.03340628743171692
-0.17156410217285156 -0.20019175112247467 -0.19196973741054535
-0.3404611647129059 0.08394574373960495 0.016189849004149437
0.45042362809181213 0.03350389748811722 -0.16232414543628693
0.33747774362564087 -0.05542750656604767 0.02939431741833687
-0.17296887934207916 -0.1778179556131363 -0.10403915494680405
0.054906927049160004 0.3243146240711212 -0.3594779372215271
0.3586694300174713 0.2697203457355499 -0.16725513339042664
0.36732447147369385 0.03441398963332176 -0.2858562469482422
0.1218697652220726 -0.07366973161697388 0.06611591577529907
0.34065183997154236 -0.015721216797828674 -0.2867717742919922
0.2846722900867462 -0.23829424381256104 0.3560194671154022
0.35978707671165466 -0.07626271992921829 -0.0656314268708229
-0.3650663495063782 -0.06638787686824799 -0.3606717884540558
-0.23777642846107483 -0.09565000236034393 -0.46511030197143555
-0.15147849917411804 -0.2096967250108719 -0.2135447859764099
-0.16531334817409515 -0.08713901042938232 -0.4900129437446594
-0.128400981426239 -0.1486085057258606 -0.46355634927749634
-0.39693620800971985 0.16694645583629608 -0.18389931321144104
0.31534433364868164 -0.10015269368886948 -0.06912462413311005
-0.030965156853199005 0.0014926408184692264 0.12498442083597183
0.37365448474884033 0.2511723041534424 -0.19046694040298462
0.20669731497764587 0.0014008734142407775 0.3644113838672638
0.20166954398155212 0.2922005355358124 -0.07497759908437729
-0.17043381929397583 -0.20020665228366852 -0.2422269880771637
0.4668762981891632 0.24223706126213074 0.014939689077436924
0.1150667816400528 0.19872988760471344 0.07728556543588638
-0.0836615264415741 0.04214276000857353 0.1346154510974884
0.16703800857067108 0.1502653956413269 0.1054103747010231
-0.10241012275218964 -0.1958020180463791 -0.35028690099716187
-0.08674662560224533 0.08262695372104645 -0.4924831986427307
-0.13189829885959625 0.05398405343294144 0.1361626386642456
0.06891600042581558 -0.0035499571822583675 0.37522855401039124
0.2026277780532837 0.15903784334659576 0.1903187334537506
0.24249736964702606 0.043446753174066544 -0.4937151074409485
-0.2773989140987396 0.22676406800746918 -0.4673948884010315
-0.005199353210628033 0.033698584884405136 -0.4924831986427307
0.3182176351547241 -0.1002122014760971 -0.20587463676929474
-0.3397635817527771 -0.0567527711391449 -0.05605848878622055
0.2831833064556122 -0.006038167979568243 0.315597802400589
-0.1056826114654541 -0.15619605779647827 -0.02460421808063984
-0.26751744747161865 0.03387467935681343 -0.485046923160553
0.016208793967962265 0.24898339807987213 0.0490543432533741
-0.2667425572872162 0.31508636474609375 -0.2581675946712494
0.3468073904514313 -0.326876163482666 0.45364615321159363
-0.03863735496997833 -0.13119113445281982 0.0017382183577865362
0.18577633798122406 0.2022581398487091 0.08338478952646255
-0.07246179133653641 0.3678132891654968 -0.3254489600658417
0.38125380873680115 -0.03442906215786934 0.1391788125038147
-0.27575090527534485 0.2765064239501953 -0.40756523609161377
0.2722937762737274 -0.06747708469629288 -0.491249144077301
-0.18917077779769897 0.33631986379623413 -0.3657089173793793
0.16543202102184296 -0.08521761745214462 -0.3166849613189697
-0.3856712877750397 -0.01958126202225685 -0.131749227643013
0.1155826672911644 -0.1793263703584671 -0.11365789920091629
0.15840578079223633 0.034094877541065216 0.24844048917293549
0.05351468175649643 -0.038063015788793564 -0.4924831986427307
-0.2616495192050934 -0.10816308856010437 -0.42404037714004517
-0.03572695702314377 -0.2052457183599472 -0.09362328797578812
0.2742389142513275 -0.036326050758361816 -0.3305961787700653
0.14484763145446777 -0.015229777432978153 -0.4924831986427307
-0.45693129301071167 0.1660975217819214 -0.2544713020324707
0.266008585691452 -0.024747509509325027 0.20924685895442963
-0.15789572894573212 0.3197106719017029 -0.43611568212509155
0.1190745159983635 0.3069784641265869 -0.2560971677303314
-0.157705619931221 0.31536316871643066 -0.4461403787136078
-0.0707680881023407 -0.12794221937656403 0.007915936410427094
0.041330233216285706 0.2821403443813324 -0.005818807985633612
0.1595340222120285 -0.05966388061642647 0.33399689197540283
-0.09125575423240662 -0.14335370063781738 -0.011448266915977001
0.4799503982067108 0.053156256675720215 0.06125769391655922
0.3389909267425537 0.09471326321363449 -0.4437406361103058
-0.017870675772428513 -0.11654914915561676 0.34737902879714966
0.4419858753681183 0.004577683750540018 -0.15521202981472015
-0.06734674423933029 0.24308271706104279 -0.4887745976448059
-0.405357301235199 0.034858714789152145 -0.1937885880470276
0.3841851055622101 -0.2244926244020462 0.3176436424255371
0.36497917771339417 -0.07247228175401688 0.20075447857379913
0.21419218182563782 0.28668347001075745 -0.24648553133010864
0.2037356197834015 0.17410878837108612 -0.491249144077301
-0.17841671407222748 0.36048778891563416 -0.2681669294834137
0.41493603587150574 0.22441819310188293 -0.15691566467285156
-0.03581884875893593 0.3814893364906311 -0.1677088439464569
0.3472219407558441 0.21313701570034027 0.2826418876647949
-0.271471232175827 -0.04111921787261963 0.04406658560037613
-0.001974936109036207 -0.08838672190904617 0.05525690317153931
0.43461793661117554 0.008690755814313889 0.01143710594624281
0.10198661684989929 0.2344314306974411 0.04301290586590767
0.4220409393310547 0.051518965512514114 -0.22858472168445587
0.18535101413726807 0.0347091369330883 0.13404540717601776
0.3940849304199219 0.24471783638000488 -0.06872253865003586
-0.47998327016830444 0.09908798336982727 -0.2470964938402176
0.22418400645256042 -0.04113215580582619 -0.377461701631546
0.19394159317016602 0.1839028149843216 -0.491249144077301
-0.015073148533701897 -0.13673242926597595 0.48252180218696594
0.31375375390052795 0.31761434674263 0.1172051802277565
0.22479619085788727 0.29818159341812134 -0.08979914337396622
-0.4051676392555237 -0.016189681366086006 -0.39789968729019165
-0.05702138692140579 -0.23262740671634674 -0.16484664380550385
-0.2423250675201416 -0.1457623988389969 -0.10649891942739487
0.3658220171928406 -0.08230763673782349 -0.09698544442653656
0.2849651873111725 -0.30266377329826355 0.356578528881073
0.30469459295272827 -0.22178249061107635 0.2616569995880127
0.10855589061975479 -0.1352878361940384 -0.004077740479260683
0.44260933995246887 0.023339496925473213 0.006067270413041115
0.1850249469280243 0.11702460795640945 0.1702984869480133
-0.024031532928347588 0.2733648419380188 0.02485433779656887
0.2522747218608856 0.05322409048676491 -0.4937151074409485
0.04182080179452896 0.3549646735191345 -0.12770186364650726
0.29506972432136536 0.2713513672351837 0.20282438397407532
0.1044854149222374 -0.16863203048706055 -0.2683505117893219
0.2953936755657196 -0.00563029246404767 0.3213980495929718
0.28476232290267944 0.2941749095916748 -0.1841164231300354
0.05115718021988869 -0.12604482471942902 0.00952608697116375
0.3143783509731293 -0.07927209138870239 -0.006131308153271675
0.015010839328169823 -0.2066064178943634 -0.35548457503318787
-0.16494913399219513 -0.20233243703842163 -0.24120759963989258
0.15829463303089142 -0.05511067435145378 0.3745039999485016
0.4757539927959442 0.2540857493877411 0.024783778935670853
0.10856904089450836 0.2905242145061493 -0.032903991639614105
0.2955187261104584 0.053156256675720215 -0.3988156318664551
0.1929648369550705 -0.03925180807709694 -0.49500611424446106
-0.23854070901870728 0.0246814526617527 0.10175100713968277
0.35585618019104004 0.25953245162963867 -0.19634610414505005
-0.4009006917476654 0.03022245690226555 -0.2328026443719864
-0.23533500730991364 0.2344772219657898 -0.4813001751899719
0.10751193761825562 0.31229445338249207 -0.2559345066547394
0.09888859838247299 -0.07438423484563828 0.31783950328826904
0.028305107727646828 -0.1372012048959732 0.40293142199516296
0.1750635802745819 -0.14282023906707764 -0.4671556055545807
-0.19798797369003296 0.07296662777662277 -0.4900129437446594
0.04369300231337547 -0.023431019857525826 0.3767750561237335
0.005925076548010111 0.20509131252765656 0.09546390920877457
-0.3951091468334198 0.16487260162830353 -0.19419823586940765
0.4629499018192291 0.14450976252555847 -0.13807342946529388
0.2748541235923767 -0.03799916431307793 -0.4949449896812439
0.033943336457014084 -0.0250154510140419 -0.4924831986427307
0.08574160188436508 0.335703045129776 -0.11133156716823578
-0.19229602813720703 0.3103697896003723 -0.43211203813552856
0.49582451581954956 0.10190291702747345 0.09070142358541489
-0.11321669071912766 -0.14777447283267975 -0.014628981240093708
0.32208913564682007 0.17455703020095825 -0.48753422498703003
0.25987473130226135 -0.009426377713680267 -0.4961603581905365
-0.2736258804798126 0.293433278799057 -0.3613608181476593
0.2731962502002716 -0.04679448530077934 -0.3201625943183899
0.376249223947525 -0.32608118653297424 0.4457986354827881
0.4632910490036011 0.07840202748775482 -0.14352519810199738
0.16542720794677734 0.1242605447769165 0.12304583936929703
0.3567245304584503 0.1238914281129837 0.30242207646369934
-0.19666996598243713 -0.11550021171569824 -0.0036811213940382004
0.4740665853023529 0.0968368649482727 0.23210197687149048
-0.1324525773525238 -0.19469210505485535 -0.10713758319616318
-0.04269205778837204 0.37509870529174805 -0.12400367856025696
-0.21980459988117218 -0.15997619926929474 -0.11143632978200912
-0.15817537903785706 -0.15502510964870453 -0.4334489703178406
-0.35346829891204834 0.014512504450976849 -0.4545214772224426
-0.15505042672157288 0.352145254611969 -0.34753820300102234
-0.1429823338985443 0.19583375751972198 0.11569199711084366
0.043729010969400406 0.04348425939679146 -0.4924831986427307
0.2327200323343277 -0.038031063973903656 -0.4937151074409485
0.2872702181339264 -0.047460947185754776 0.12884917855262756
0.07256033271551132 -0.054449308663606644 0.29531601071357727
0.36399373412132263 -0.3117835521697998 0.3522263169288635
0.08665253221988678 0.22639063000679016 0.056661881506443024
-0.3988771438598633 0.09167470037937164 -0.12055789679288864
-0.2844744622707367 0.27019140124320984 -0.046731673181056976
-0.09744321554899216 -0.14707951247692108 -0.4787915349006653
-0.27837324142456055 0.26861733198165894 -0.03519519418478012
0.24885134398937225 0.30060476064682007 0.016189849004149437
0.4094479978084564 0.3424277603626251 0.14585942029953003
0.2522747218608856 0.06300143152475357 -0.4937151074409485
0.014371992088854313 -0.04784868657588959 -0.4924831986427307
0.028362026438117027 -0.137914776802063 0.41925936937332153
0.11495139449834824 -0.1307814121246338 -0.32601019740104675
0.21216677129268646 -0.003094820072874427 0.35448211431503296
0.19424280524253845 0.005347289610654116 0.3749023973941803
0.023170480504631996 -0.05670453608036041 0.30944713950157166
0.1309693604707718 0.3029058277606964 -0.2465335726737976
0.24414405226707458 0.06350725144147873 0.32461005449295044
0.37681084871292114 -0.30918624997138977 0.3806588351726532
-0.10083391517400742 -0.2060208022594452 -0.10176415741443634
0.19844599068164825 0.0947062149643898 -0.49509021639823914
0.39372366666793823 -0.2339334785938263 0.3552217185497284
0.34827932715415955 -0.08532606065273285 0.2045074999332428
-0.25615671277046204 -0.05832388997077942 -0.47501224279403687
-0.2431565374135971 -0.14206817746162415 -0.3894563317298889
-0.07542569190263748 -0.22569575905799866 -0.23707787692546844
0.35511907935142517 -0.04524102807044983 0.03762282431125641
0.21959403157234192 -0.026518480852246284 -0.49535632133483887
-0.14657501876354218 0.3639591336250305 -0.12138291448354721
0.2915283441543579 0.014538908377289772 -0.3470114469528198
0.20848533511161804 -0.07543042302131653 -0.32521361112594604
0.22429193556308746 -0.10426295548677444 0.0016825644997879863
0.3448786735534668 -0.31258654594421387 0.302407443523407
0.13062132894992828 -0.07440689206123352 0.37719404697418213
-0.1832677125930786 -0.17640717327594757 -0.36356157064437866
0.3647463917732239 0.3133843243122101 0.20007053017616272
0.3348390460014343 -0.05413391813635826 0.08239375799894333
0.45357581973075867 0.2521853744983673 0.2119274139404297
0.31282326579093933 0.13321906328201294 -0.41660991311073303
-0.3862564265727997 -0.04480203613638878 -0.2521176338195801
0.23663124442100525 -0.01542686577886343 0.28683456778526306
-0.010562529787421227 0.18255062401294708 0.11113646626472473
0.41744518280029297 -0.015157820656895638 0.2273613065481186
-0.19646263122558594 0.34329885244369507 -0.10896464437246323
0.1194889172911644 -0.0559142641723156 0.4238104820251465
0.4849475920200348 0.21302944421768188 0.03301098197698593
0.08308497816324234 0.24308271706104279 -0.4887745976448059
0.008697465993463993 0.23539762198925018 0.06548158824443817
0.08103254437446594 -0.09971316903829575 0.3729340136051178
0.2535034716129303 0.29814139008522034 -0.18966154754161835
0.3002745807170868 -0.09103568643331528 -0.017258744686841965
-0.35350072383880615 -0.08237746357917786 -0.31235596537590027
0.18274743854999542 0.04172315075993538 0.22949063777923584
0.2542343735694885 -0.1260310560464859 -0.18100865185260773
-0.31329822540283203 -0.029005061835050583 -0.4545214772224426
0.08795878291130066 0.15339983999729156 0.1172051802277565
0.20212817192077637 0.09245926886796951 0.32023635506629944
0.1968865990638733 0.03590524569153786 0.36595651507377625
-0.03783633932471275 0.18417638540267944 0.11497426778078079
0.47496429085731506 0.23477685451507568 0.14182743430137634
0.10376235097646713 0.30347636342048645 -0.3088032305240631
0.18613052368164062 -0.13258549571037292 -0.12312120944261551
0.32518109679222107 0.17220957577228546 -0.43890613317489624
0.3057164251804352 0.22462032735347748 0.27864450216293335
-0.22618445754051208 -0.14687371253967285 -0.40810349583625793
0.09137191623449326 -0.15873552858829498 -0.31602391600608826
0.01255070511251688 -0.11597573012113571 0.3511771857738495
0.4587521255016327 0.17791569232940674 0.25788775086402893
-0.20844954252243042 0.30312180519104004 -0.04508489370346069
-0.37751349806785583 0.014672331511974335 -0.438772976398468
0.15720033645629883 0.29528161883354187 -0.41885027289390564
-0.1350734382867813 -0.11656560003757477 0.02222888357937336
-0.2840651571750641 -0.14000648260116577 -0.25486645102500916
0.2910926640033722 -0.24634015560150146 0.30827122926712036
0.08584921807050705 -0.14414416253566742 -0.021527254953980446
-0.05743831396102905 0.07290390133857727 -0.491249144077301
-0.37955525517463684 0.02473198063671589 -0.44405943155288696
0.4284915626049042 0.06347740441560745 -0.21817751228809357
-0.002374732168391347 -0.03984735906124115 0.10342971235513687
0.010468650609254837 0.37502896785736084 -0.2058740109205246
-0.32392627000808716 0.21299374103546143 -0.014764034189283848
0.3254833221435547 0.013662425801157951 -0.31599611043930054
0.03372238576412201 0.3638167083263397 -0.14505763351917267
0.07906673848628998 0.06254029273986816 0.13269749283790588
0.45357581973075867 0.14171770215034485 0.27218249440193176
0.4743465781211853 0.046577997505664825 0.07657739520072937
0.29639676213264465 -0.11522799730300903 0.32331398129463196
0.056994520127773285 0.32395443320274353 -0.30817726254463196
-0.18421830236911774 0.22838595509529114 0.08151428401470184
0.3766891062259674 0.043672770261764526 0.30918148159980774
0.28917282819747925 0.0147399315610528 0.3200763165950775
-0.06826575100421906 -0.22157041728496552 -0.1307741403579712
-0.4046035408973694 0.0011691444087773561 -0.4131426215171814
-0.04522275552153587 -0.16524414718151093 -0.46355634927749634
0.0027419840916991234 -0.055571991950273514 0.08544554561376572
0.14484763145446777 0.1021982952952385 -0.4924831986427307
0.14842216670513153 0.09113079309463501 0.1307753622531891
0.25670579075813293 -0.01021338440477848 0.22385135293006897
-0.02872328832745552 0.3147011399269104 -0.03592933714389801
-0.1599242240190506 0.3580102324485779 -0.11391397565603256
0.18446800112724304 0.03425094485282898 0.13976256549358368
-0.3254651129245758 0.0331043116748333 0.0362766832113266
-0.1557765007019043 0.27274858951568604 -0.48753422498703003
0.3861657977104187 0.06316424161195755 0.30496758222579956
0.2920999825000763 0.2415914386510849 -0.2954743206501007
0.345115065574646 -0.03572988510131836 -0.26750436425209045
0.28395408391952515 0.1210210993885994 -0.3977343738079071
0.38221028447151184 0.06306549906730652 0.3045632243156433
0.062096528708934784 -0.005900101270526648 0.3564108908176422
0.31282326579093933 -0.061022788286209106 0.03417778015136719
-0.3996348977088928 0.019132420420646667 -0.20496827363967896
0.3109716773033142 -0.34548118710517883 0.44541051983833313
0.22294269502162933 0.004337400663644075 -0.4937151074409485
-0.05743831396102905 0.014139764942228794 -0.491249144077301
0.4117364287376404 -0.02161642350256443 0.07209265977144241
0.04797620326280594 -0.19242002069950104 -0.35714688897132874
0.26385951042175293 -0.10643573850393295 -0.22673487663269043
0.3210945725440979 0.2873075604438782 -0.1779138445854187
0.29872453212738037 -0.2471207231283188 0.38676169514656067
-0.05490409582853317 0.2942756414413452 0.0008365275571122766
0.006265982054173946 0.3587838113307953 -0.39511701464653015
-0.36671650409698486 0.17336682975292206 -0.44142085313796997
-0.27492865920066833 0.19432984292507172 -0.4746786653995514
0.11165948957204819 0.2939300835132599 -0.33218806982040405
-0.33863866329193115 -0.09558585286140442 -0.29255160689353943
0.19717639684677124 -0.028259895741939545 0.22705484926700592
-0.27360638976097107 -0.015381494536995888 0.058744706213474274
-0.3962188959121704 0.0016792146489024162 -0.12024606764316559
0.1599324494600296 -0.09761810302734375 -0.3680359125137329
-0.25511857867240906 -0.15670321881771088 -0.31290286779403687
-0.41492602229118347 0.011491621844470501 -0.4131426215171814
0.05865190550684929 0.11126642674207687 0.1346154510974884
0.38270214200019836 -0.045268017798662186 -0.2146802693605423
-0.008501737378537655 -0.1963919848203659 -0.08461888134479523
-0.20265354216098785 0.14456629753112793 0.12498442083597183
0.3083401620388031 -0.35511231422424316 0.32325202226638794
0.1205999031662941 -0.03511403128504753 0.10678613185882568
0.363734632730484 -0.2591460347175598 0.287628710269928
0.33860647678375244 0.1753871738910675 0.2951860725879669
0.04773665964603424 0.33699682354927063 -0.27685120701789856
0.39643311500549316 0.30384403467178345 0.21092194318771362
0.3501090705394745 0.23367087543010712 -0.24708886444568634
0.19065138697624207 -0.05374763906002045 -0.3730137348175049
-0.17712080478668213 0.2538924217224121 0.04476979747414589
-0.15775395929813385 0.2848277986049652 0.0012952194083482027
-0.12166370451450348 -0.09239794313907623 0.05224743112921715
0.014371992088854313 0.05326993018388748 -0.4924831986427307
0.1409783661365509 0.033330246806144714 0.2660607099533081
0.07557614892721176 -0.06985123455524445 0.4550606310367584
-0.08633778989315033 -0.15629294514656067 -0.46844759583473206
0.15450133383274078 0.043446753174066544 -0.4937151074409485
0.28535404801368713 0.13237294554710388 -0.3457880914211273
0.2084619700908661 -0.006401724647730589 0.3601389527320862
0.2829411029815674 -0.3778044581413269 0.41839975118637085
0.462723970413208 0.09368131309747696 -0.04878806695342064
-0.30354416370391846 -0.1254652440547943 -0.2515919506549835
-0.018766244873404503 -0.11634410917758942 0.4493371546268463
-0.07715750485658646 0.24308271706104279 -0.4887745976448059
0.3320852220058441 -0.21968360245227814 0.2446470707654953
-0.3570720851421356 -0.07561719417572021 -0.19143153727054596
0.2647876739501953 -0.11043737828731537 -0.21732930839061737
0.2397197037935257 0.2746048867702484 0.05250827223062515
-0.3938004970550537 -0.001499268808402121 -0.16326171159744263
-0.4764368236064911 0.059834472835063934 -0.3753875494003296
0.1546332985162735 -0.04784868657588959 -0.4924831986427307
-0.4672146141529083 0.1236078143119812 -0.3880400061607361
0.2952612340450287 -0.04655738174915314 0.18606379628181458
-0.3338838517665863 -0.03810632973909378 -0.021527254953980446
0.44683921337127686 0.02251950092613697 -0.06880979239940643
0.029551932588219643 0.2108524590730667 0.08546117693185806
0.33306387066841125 -0.071590356528759 0.33506762981414795
-0.24031837284564972 0.22028034925460815 0.06507726013660431
0.4229724407196045 -0.017978284507989883 0.1100681722164154
0.2810839116573334 0.05362829566001892 -0.38736915588378906
-0.34621185064315796 -0.046047061681747437 -0.4205400049686432
0.14484763145446777 0.05326993018388748 -0.4924831986427307
0.33735814690589905 0.2035801112651825 0.2869230806827545
-0.28509649634361267 0.2853783965110779 -0.3651967942714691
-0.1828131526708603 -0.09717243164777756 0.033441103994846344
0.3788652718067169 -0.04013262689113617 0.0013623415725305676
0.004854721482843161 -0.1949579268693924 -0.4131426215171814
0.4534553587436676 0.12271107733249664 -0.170236736536026
-0.2399047315120697 0.18458734452724457 -0.4845803380012512
0.31999191641807556 -0.13810816407203674 0.23273847997188568
-0.20539861917495728 -0.09735473990440369 -0.48380011320114136
-0.3892768323421478 0.2350384145975113 -0.30837348103523254
0.1828257441520691 -0.04512487351894379 0.32117360830307007
-0.3331000804901123 0.26454779505729675 -0.3331381678581238
-0.3174877464771271 0.28216156363487244 -0.1374233365058899
0.2463953197002411 0.21498233079910278 -0.38402193784713745
0.17972919344902039 0.09210556000471115 0.20760487020015717
-0.03682931885123253 -0.11011967062950134 0.395220547914505
-0.2753145098686218 -0.09791434556245804 -0.42404037714004517
0.3143148720264435 0.00783951673656702 -0.3223803639411926
-0.04424191638827324 -0.19924722611904144 -0.0872320607304573
0.21352963149547577 0.17410878837108612 -0.491249144077301
0.24132093787193298 0.21180272102355957 -0.38134586811065674
0.1777060627937317 0.22893483936786652 0.03557566553354263
-0.015001507475972176 0.10498815774917603 0.13481292128562927
0.3565140664577484 -0.08651269972324371 -0.09104517102241516
-0.27776795625686646 0.09135189652442932 0.08633861690759659
0.18245410919189453 -0.03672966733574867 0.10597657412290573
-0.01824691705405712 0.014127240516245365 -0.4924831986427307
0.4351700246334076 0.004532254301011562 0.19761823117733002
-0.18348225951194763 -0.06267514079809189 0.07353226095438004
0.41782814264297485 0.19353124499320984 0.27679869532585144
0.3856755197048187 0.018702244386076927 0.30916738510131836
0.3724612891674042 -0.09839203208684921 0.24188782274723053
0.12439709901809692 -0.03770941495895386 0.2751704156398773
0.042283616960048676 0.3264924883842468 -0.3234078288078308
0.26491034030914307 0.004492050502449274 -0.3680860996246338
0.02415766566991806 -0.0054441047832369804 -0.4924831986427307
0.17197003960609436 0.05497976392507553 0.3030601441860199
0.2957683205604553 -0.2865039110183716 0.3052988648414612
0.31351974606513977 -0.1618969738483429 0.3652031719684601
0.19950947165489197 0.011599085293710232 0.13389797508716583
0.02419944852590561 0.2036651074886322 -0.4900129437446594
-0.23760280013084412 0.014177466742694378 -0.48753422498703003
0.30970415472984314 0.16285163164138794 -0.4174083471298218
-0.28969278931617737 0.2828384339809418 -0.0898510292172432
0.30534714460372925 0.24995461106300354 -0.43491271138191223
-0.07929680496454239 0.2427709400653839 0.07159009575843811
-0.0340566411614418 -0.08759105950593948 0.36228325963020325
0.1318000704050064 -0.16527676582336426 -0.4924831986427307
-0.0764700397849083 -0.2052123099565506 -0.10164128243923187
0.20897172391414642 0.24254971742630005 0.06289676576852798
-0.13602209091186523 0.20383965969085693 -0.4887745976448059
0.3157632648944855 0.0246431864798069 0.3178059756755829
-0.17382526397705078 -0.12574833631515503 -0.010281168855726719
0.3470824658870697 -0.21872715651988983 0.24188244342803955
-0.1929149180650711 0.26996615529060364 0.01836327277123928
0.49978673458099365 0.13360457122325897 0.06324467062950134
0.2437530905008316 -0.005850711837410927 0.2808931767940521
0.26654109358787537 0.23096974194049835 0.24477779865264893
0.2172318398952484 0.06347740441560745 0.34278735518455505
-0.25568172335624695 0.23596686124801636 0.03645818307995796
-0.08631519228219986 0.3539816439151764 -0.39774289727211
0.3763096034526825 -0.27613595128059387 0.3296414613723755
0.14017613232135773 -0.05565239116549492 0.08583608269691467
0.03711492195725441 -0.13240334391593933 0.4157930612564087
0.1561260223388672 0.29793769121170044 -0.42653778195381165
-0.017279645428061485 -0.22514714300632477 -0.3086799681186676
-0.2950071394443512 0.2673048973083496 -0.40934669971466064
-0.15192434191703796 -0.1810261458158493 -0.0955948606133461
0.15390631556510925 -0.03877301886677742 0.40370672941207886
-0.28679436445236206 0.14376986026763916 0.07580182701349258
-0.4699747860431671 0.060923635959625244 -0.24311873316764832
0.2804620563983917 -0.037341635674238205 0.22038236260414124
0.360503226518631 -0.30569490790367126 0.33329710364341736
0.027209211140871048 -0.12523137032985687 0.005744932219386101
0.3829149603843689 -0.01569453254342079 -0.24822717905044556
-0.04760393500328064 -0.015229777432978153 -0.4924831986427307
-0.03738807514309883 0.3738623261451721 -0.266204297542572
-0.09171802550554276 0.13487035036087036 0.1359434872865677
-0.18484090268611908 0.2748037576675415 -0.48435884714126587
0.15502630174160004 0.283481627702713 -0.2881387174129486
0.44123542308807373 0.02148442715406418 0.21224568784236908
-0.2581232786178589 0.1817268282175064 -0.4825512766838074
0.15202853083610535 0.29144805669784546 -0.3852727711200714
-0.3118852972984314 -0.11373817175626755 -0.22791849076747894
0.28772565722465515 0.2268679440021515 0.2751174569129944
0.09938551485538483 -0.19832302629947662 -0.1861770898103714
-0.0770263597369194 -0.07727111130952835 -0.491249144077301
0.10905683785676956 0.3252132534980774 -0.41350215673446655
0.23278988897800446 0.29447460174560547 -0.20267672836780548
0.3066607117652893 -0.10947512835264206 -0.1825534850358963
-0.4451201856136322 0.19541801512241364 -0.33085113763809204
-0.16476225852966309 -0.04843078926205635 0.09145502001047134
0.24540433287620544 0.3050779700279236 -0.4313109517097473
0.3164385259151459 0.26769760251045227 -0.2251710593700409
0.4087962806224823 -0.030196398496627808 -0.18618209660053253
0.1183764860033989 0.01893400028347969 0.3666589558124542
0.1294923573732376 -0.028728608042001724 0.26576948165893555
0.045173272490501404 -0.08718884736299515 0.4774254858493805
-0.3650240898132324 0.22565285861492157 -0.19035440683364868
0.27182939648628235 0.014114738442003727 -0.4937151074409485
0.45396825671195984 0.23493516445159912 0.002031623153015971
0.03944765031337738 -0.20531301200389862 -0.31510770320892334
-0.3336986303329468 -0.09260087460279465 -0.2326711118221283
-0.21084140241146088 -0.18348218500614166 -0.2524643838405609
0.2041214406490326 -0.00713728554546833 0.16746732592582703
0.14858072996139526 0.054516617208719254 0.12884917855262756
0.28869694471359253 -0.05597534403204918 0.22372175753116608
-0.23648200929164886 0.3298093378543854 -0.12724751234054565
-0.001741330954246223 -0.11370285600423813 0.022562706843018532
-0.33987051248550415 -0.03828059881925583 -0.030618036165833473
0.4661698341369629 0.11368905007839203 -0.13676105439662933
0.3470821678638458 -0.0154199143871665 0.3210493326187134
0.3520438075065613 0.344248503446579 0.11279238015413284
0.40192893147468567 0.27301445603370667 -0.005466902162879705
0.1887788623571396 0.2775154709815979 -0.03519519418478012
-0.005809198599308729 -0.2224927693605423 -0.3122108578681946
-0.14672969281673431 0.3755248188972473 -0.186892569065094
0.020284568890929222 -0.2270532101392746 -0.2787873148918152
0.4677242934703827 0.15362396836280823 0.25963515043258667
-0.21589554846286774 0.34877434372901917 -0.16902460157871246
-0.0207697544246912 0.10201093554496765 0.1357828676700592
0.0018157666781917214 0.3255203664302826 -0.054141830652952194
-0.04484448581933975 0.2964003086090088 -0.004338597878813744
-0.30132803320884705 -0.12540316581726074 -0.1697525829076767
-0.3767888844013214 0.1859203428030014 -0.0940949022769928
-0.1411304473876953 0.2695066034793854 0.03505433723330498
-0.031079577282071114 -0.23773260414600372 -0.2041492611169815
-0.4632715880870819 0.10477940738201141 -0.23474237322807312
0.02344616875052452 -0.20536074042320251 -0.3662658631801605
-0.3519149124622345 0.05404631048440933 0.0008365275571122766
-0.27697667479515076 -0.0455905981361866 0.03557566553354263
0.38283011317253113 -0.05841769278049469 0.3132423460483551
0.2762157618999481 0.2861325442790985 -0.422232985496521
0.40499940514564514 0.044404059648513794 -0.2481813281774521
0.32414186000823975 -0.15063971281051636 0.23395584523677826
-0.3026392161846161 0.29458531737327576 -0.19054381549358368
0.1440475881099701 -0.13787302374839783 -0.2381039559841156
0.17645487189292908 -0.12719066441059113 -0.4472372233867645
-0.15737713873386383 0.3531339466571808 -0.10671565681695938
0.12476717680692673 0.01882634498178959 0.37533798813819885
0.08565407246351242 -0.19583293795585632 -0.4268535077571869
-0.015652231872081757 -0.0977407917380333 0.42546215653419495
-0.4087654948234558 0.13202446699142456 -0.22317276895046234
-0.22252057492733002 -0.1549304872751236 -0.39381805062294006
-0.33135583996772766 0.15416023135185242 -0.46355634927749634
0.0343775674700737 0.31414368748664856 -0.050210822373628616
0.04470190033316612 -0.024935077875852585 0.38736334443092346
-0.2018045336008072 0.3232039511203766 -0.07021423429250717
-0.2268359661102295 0.2722761631011963 -0.472481906414032
-0.1162024438381195 0.11207998543977737 -0.491249144077301
-0.0023504262790083885 0.0014926408184692264 0.12498442083597183
0.48081934452056885 0.12486521899700165 0.23614373803138733
0.2810839116573334 0.06483785808086395 -0.38736915588378906
0.4549288749694824 0.03181639313697815 -0.1499062329530716
-0.3832637369632721 0.14284680783748627 -0.442741334438324
-0.1290586143732071 0.34393271803855896 -0.07693979889154434
0.014409629628062248 0.22346119582653046 -0.4887745976448059
0.08570270985364914 -0.1894921511411667 -0.46411046385765076
0.10543816536664963 0.014316193759441376 0.3512687087059021
0.24808010458946228 0.13473761081695557 -0.3760181665420532
-0.4055356979370117 0.19945454597473145 -0.3964988589286804
0.2533550262451172 0.27274858951568604 -0.48753422498703003
0.10505855083465576 0.16679325699806213 0.1054103747010231
0.14484763145446777 -0.0250154510140419 -0.4924831986427307
0.1937759965658188 0.1021982952952385 -0.4924831986427307
0.29823192954063416 0.2745570242404938 -0.009855967015028
-0.005207709968090057 0.2036651074886322 -0.4900129437446594
0.03477736562490463 -0.19672992825508118 -0.42844757437705994
0.27946433424949646 -0.09966588765382767 -0.017469942569732666
0.3698953092098236 0.2593614459037781 -0.03776954859495163
-0.2697892487049103 0.31445610523223877 -0.22715647518634796
0.25204139947891235 0.294933021068573 0.02485433779656887
-0.3860119879245758 0.1931585818529129 -0.41861099004745483
-0.027140775695443153 -0.17077389359474182 0.41783231496810913
0.13655897974967957 -0.007213642820715904 0.1133800595998764
-0.2555396854877472 -0.13621574640274048 -0.10158535093069077
0.22958801686763763 0.2931567132472992 -0.0753508135676384
-0.4702683389186859 0.020622573792934418 -0.3395337760448456
0.05119539052248001 0.3557026982307434 -0.42670539021492004
0.49550721049308777 0.21487952768802643 0.06340187788009644
0.22239872813224792 -0.097457155585289 -0.26474234461784363
-0.20289626717567444 -0.17951060831546783 -0.3245771527290344
0.07761820405721664 0.34556862711906433 -0.4264715015888214
-0.4126334488391876 0.0653463751077652 -0.2352534383535385
-0.3337201774120331 -0.09440755099058151 -0.1251518875360489
0.49399933218955994 0.18343187868595123 0.11170453578233719
0.1763809770345688 0.07459168881177902 0.1365293562412262
0.29578280448913574 0.024555020034313202 -0.34643638134002686
-0.28518691658973694 -0.12787044048309326 -0.1240055114030838
-0.348341703414917 0.15486067533493042 -0.00359531631693244
-0.07544353604316711 0.35502615571022034 -0.40527984499931335
0.09432525187730789 -0.09440141171216965 0.3709651827812195
0.23203711211681366 0.10224731266498566 0.3228744566440582
-0.45347338914871216 0.08028390258550644 -0.23474237322807312
-0.40392470359802246 0.12250975519418716 -0.1655604988336563
0.24132093787193298 0.23475991189479828 -0.3851720690727234
0.2970418334007263 -0.06930338591337204 0.2110222429037094
0.3745579123497009 -0.06819484382867813 -0.19153732061386108
0.30525097250938416 0.10824264585971832 -0.33696821331977844
0.38425418734550476 -0.10741852223873138 0.27791646122932434
0.025248199701309204 0.37577253580093384 -0.17245563864707947
-0.08314655721187592 0.007432890590280294 0.12433555722236633
-0.38627544045448303 0.17821530997753143 -0.14313755929470062
0.28290751576423645 0.22281414270401 -0.32002338767051697
-0.11200817674398422 -0.2095079869031906 -0.2944760322570801
0.12237363308668137 0.022562382742762566 0.3608192503452301
0.28571629524230957 0.2572488784790039 -0.2753714621067047
0.2536446750164032 0.2044908106327057 0.26934757828712463
0.24476507306098938 0.30221790075302124 -0.16663290560245514
0.3161819577217102 -0.1064164787530899 -0.11226615309715271
0.0945192500948906 -0.09463810175657272 0.3787705600261688
0.018550466746091843 0.2746215760707855 0.012201023288071156
-0.07728910446166992 0.3024652898311615 -0.4862915873527527
-0.015424676239490509 0.22314071655273438 0.08366641402244568
-0.4742835462093353 0.12469655275344849 -0.24031946063041687
0.4668461084365845 0.30681130290031433 0.061723001301288605
0.05365268886089325 0.20383965969085693 -0.4887745976448059
0.224141463637352 0.17522285878658295 0.23596948385238647
0.29489460587501526 0.09241262078285217 -0.4924831986427307
-0.026441723108291626 -0.13809433579444885 0.36855027079582214
0.4853459298610687 0.09281059354543686 0.13530881702899933
0.10050463676452637 -0.08892163634300232 0.3545380234718323
0.48756709694862366 0.14307478070259094 0.14792335033416748
0.44179567694664 0.163091242313385 0.2743477523326874
0.23831157386302948 0.2544282376766205 0.08898020535707474
-0.028204554691910744 -0.22185392677783966 -0.31478509306907654
0.1696835607290268 -0.0854574590921402 -0.30603349208831787
-0.14984795451164246 0.3311900794506073 -0.41451340913772583
-0.014621028676629066 -0.06656041741371155 0.35439223051071167
-0.30753540992736816 -0.046308763325214386 0.005248224828392267
0.31166040897369385 0.28420835733413696 -0.005916869267821312
0.09962259232997894 -0.1151745468378067 0.0180413369089365
-0.493181973695755 0.11271536350250244 -0.2719016671180725
0.45875638723373413 0.1430322825908661 -0.1454230099916458
0.3046802878379822 0.033698584884405136 -0.4924831986427307
0.15951630473136902 -0.12688800692558289 -0.0307193323969841
0.35906845331192017 0.05292993411421776 -0.4659014940261841
0.06462530046701431 -0.22114330530166626 -0.22845496237277985
0.1846209317445755 0.22365280985832214 -0.48753422498703003
0.03828040882945061 0.09083881974220276 0.1365293562412262
-0.1847497820854187 -0.13410921394824982 -0.4649970829486847
0.16804157197475433 -0.1367732584476471 -0.08401723951101303
0.024512959644198418 -0.05256373807787895 0.427182674407959
0.377158522605896 -0.19671247899532318 0.28112655878067017
0.16385586559772491 -0.12270396202802658 -0.22061307728290558
0.00458631943911314 -0.05763436108827591 -0.4924831986427307
-0.2749265432357788 0.2260599583387375 0.03536007180809975
-0.3783804774284363 0.13254883885383606 -0.06376323103904724
-0.10111891478300095 -0.1847803145647049 -0.39437782764434814
-0.0056803906336426735 -0.0524987168610096 0.34900858998298645
0.3024987578392029 -0.22634246945381165 0.38534286618232727
0.4163019359111786 0.21735328435897827 -0.04010218754410744
0.2146933525800705 0.26535680890083313 -0.017068443819880486
0.27995988726615906 -0.11932054907083511 -0.16979016363620758
0.26474472880363464 0.3069784641265869 -0.44401025772094727
0.11502470821142197 -0.08537854254245758 0.3813023269176483
0.47551587224006653 0.2800855040550232 0.03455429896712303
-0.14321479201316833 -0.20161248743534088 -0.29243505001068115
-0.021341422572731972 0.3603714406490326 -0.3852800130844116
0.39495494961738586 0.03708989545702934 -0.254292756319046
0.4257948100566864 0.19894301891326904 -0.03303566575050354
-0.4039478600025177 -0.02493736892938614 -0.38454559445381165
-0.21789902448654175 0.34813711047172546 -0.22651831805706024
-0.29174795746803284 0.11117502301931381 -0.4851929545402527
0.40090346336364746 0.3422362506389618 0.06125970184803009
-0.4032041132450104 -0.029430190101265907 -0.25538790225982666
0.4457528293132782 0.04504590854048729 -0.18073351681232452
0.486793577671051 0.1440882682800293 0.16409723460674286
-0.2766353189945221 0.26605743169784546 -0.4373292326927185
0.16978737711906433 0.05248876288533211 0.315597802400589
0.32627302408218384 0.28351494669914246 0.22385135293006897
-0.25639066100120544 0.23831713199615479 0.02915731631219387
0.16422680020332336 0.283937007188797 -0.2587115168571472
-0.09085705876350403 0.3045711815357208 -0.4845505952835083
0.4457530677318573 0.00463796965777874 -0.12624257802963257
-0.39690330624580383 -0.0267581045627594 -0.3894563317298889
0.17430517077445984 -0.07810933887958527 -0.38842952251434326
-0.12599647045135498 -0.057683065533638 -0.491249144077301
0.38664788007736206 -0.09484421461820602 0.27323153614997864
0.4435708820819855 0.24293406307697296 -0.0017933639464899898
0.4014362692832947 -0.029833396896719933 0.10835599899291992
0.46363234519958496 0.14485827088356018 -0.08055124431848526
-0.3396538496017456 0.23858612775802612 -0.0821652039885521
0.49520790576934814 0.1668684184551239 0.11305636167526245
-0.4221136271953583 -0.02414996363222599 -0.33759814500808716
0.113368920981884 -0.16158653795719147 -0.06611782312393188
0.33172133564949036 -0.14577001333236694 0.229869082570076
-0.04646729677915573 -0.20626771450042725 -0.34940430521965027
0.3807787299156189 -0.2537555694580078 0.3293002247810364
0.033943336457014084 -0.12613406777381897 -0.4924831986427307
-0.2601909935474396 -0.08135568350553513 0.0008365275571122766
0.38425418734550476 0.02222372032701969 0.30945107340812683
-0.07138769328594208 0.0542827844619751 0.1365293562412262
0.4498635530471802 0.014988345094025135 -0.12604786455631256
-0.2580978572368622 0.3118743896484375 -0.31691089272499084
0.1389448195695877 0.232962504029274 0.03770557790994644
-0.019156688824295998 -0.09910523146390915 0.33816614747047424
0.242911696434021 0.1839028149843216 -0.491249144077301
0.04896172136068344 0.36317870020866394 -0.17211098968982697
-0.13321971893310547 -0.132029190659523 -0.4848240911960602
-0.2808648347854614 -0.13803531229496002 -0.31246641278266907
-0.1305055469274521 0.039646368473768234 0.134442999958992
0.09828521311283112 0.20292527973651886 0.07728556543588638
0.28587785363197327 -0.31795576214790344 0.39941540360450745
0.484101265668869 0.2830529808998108 0.056737422943115234
-0.002636722754687071 -0.22658123075962067 -0.1289062201976776
-0.10605267435312271 0.38520899415016174 -0.18206991255283356
-0.33510443568229675 0.26585653424263 -0.19314156472682953
0.2747518718242645 -0.0641140565276146 0.09274114668369293
-0.09098520129919052 0.31571829319000244 -0.02379211224615574
0.4645040035247803 0.06350725144147873 -0.10552841424942017
-0.025002287700772285 0.33366483449935913 -0.4787915349006653
-0.37800949811935425 0.04191238060593605 -0.044413648545742035
0.04746409133076668 -0.1893589049577713 -0.07976361364126205
0.3582157790660858 -0.041520800441503525 0.14364485442638397
-0.35929131507873535 0.18005599081516266 -0.03979369252920151
0.05285931006073952 -0.20525287091732025 -0.28918614983558655
0.02306465432047844 -0.20403198897838593 -0.3332906663417816
0.19424565136432648 0.27362337708473206 -0.3015556037425995
0.1515686959028244 -0.125113382935524 -0.014632567763328552
-0.37182295322418213 0.09052682667970657 -0.03815090283751488
0.4751043915748596 0.209830641746521 0.19963745772838593
-0.3746022880077362 0.19369223713874817 -0.1194271445274353
-0.4024541676044464 0.09249555319547653 -0.1400412917137146
0.28497543931007385 0.28372764587402344 -0.06654667109251022
0.20460984110832214 0.2830529808998108 -0.485046923160553
0.07147868722677231 0.342501699924469 -0.41524919867515564
-0.05497027933597565 0.37889212369918823 -0.2668538987636566
-0.04772728309035301 -0.128517746925354 0.36683622002601624
0.4218175411224365 0.2034391164779663 -0.014724510721862316
0.38330450654029846 0.22301338613033295 -0.21771883964538574
0.14673680067062378 -0.06837508082389832 0.33851927518844604
0.25270572304725647 0.1839028149843216 -0.491249144077301
0.0890129879117012 0.18431933224201202 0.09546390920877457
0.31284061074256897 0.28188398480415344 -0.20074184238910675
-0.2579349875450134 0.2537529468536377 -0.46483808755874634
-0.25724416971206665 -0.15644603967666626 -0.16140295565128326
-0.13795633614063263 0.26368603110313416 0.04031403362751007
0.31107422709465027 -0.09637076407670975 -0.034202300012111664
0.278517484664917 0.2742023169994354 0.13269749283790588
-0.20963042974472046 -0.1550092250108719 -0.08311530202627182
0.05415165796875954 -0.04846314340829849 0.2949947714805603
-0.13802026212215424 0.3751067817211151 -0.14429166913032532
0.17293420433998108 0.06092124432325363 0.28559091687202454
0.19199343025684357 -0.1288234293460846 -0.16333074867725372
0.18444941937923431 0.29042333364486694 -0.09189898520708084
-0.28365251421928406 -0.13484890758991241 -0.3214211165904999
0.05720661208033562 0.3451269865036011 -0.2277297079563141
-0.12677951157093048 0.2222103476524353 0.09292551875114441
0.19754663109779358 -0.06611108779907227 0.08597584068775177
-0.18306532502174377 -0.139716237783432 -0.4519197344779968
0.1572428196668625 0.1242605447769165 0.12304583936929703
0.005042315926402807 -0.04512487351894379 0.3564108908176422
-0.07722324132919312 0.28256773948669434 -0.48753422498703003
0.4258785843849182 0.1142670214176178 0.28603842854499817
-0.16730543971061707 -0.05523647367954254 0.08523063361644745
0.3669916093349457 0.2669283449649811 -0.07680884748697281
-0.09839391708374023 0.32805517315864563 -0.45668336749076843
-0.31810396909713745 -0.11536815762519836 -0.2535792887210846
0.3626159131526947 -0.055617257952690125 -0.016626058146357536
0.42491719126701355 -0.006001693196594715 -0.03789028152823448
-0.2811477780342102 0.0057834964245557785 0.06496600061655045
0.01770911179482937 0.16336937248706818 0.12008100003004074
-0.3054543733596802 0.2854962646961212 -0.11734682321548462
-0.42113161087036133 0.0980781614780426 -0.23517467081546783
0.33574292063713074 0.15044191479682922 -0.45336323976516724
0.27532675862312317 -0.047511011362075806 0.12691882252693176
0.20800384879112244 0.2836187779903412 -0.407489150762558
-0.18249738216400146 0.35452648997306824 -0.3026082515716553
-0.13316062092781067 0.0014926408184692264 0.12498442083597183
-0.24569489061832428 0.3111060559749603 -0.35759595036506653
-0.029308302327990532 0.3530872166156769 -0.3477020263671875
0.09670203924179077 0.3130345344543457 -0.06311126798391342
0.17609530687332153 0.27627238631248474 -0.38252806663513184
0.007387431804090738 -0.2248646765947342 -0.12531763315200806
0.2825978100299835 -0.2676407992839813 0.3374290466308594
0.22903616726398468 0.26847830414772034 -0.3070695698261261
0.19641782343387604 0.07344596087932587 0.3370197117328644
0.3579057455062866 0.13098469376564026 -0.2952750027179718
0.34486648440361023 0.008430417627096176 -0.455112487077713
0.06322940438985825 -0.20560167729854584 -0.1169048473238945
0.08444194495677948 -0.19898954033851624 -0.2406899780035019
0.32019397616386414 0.2960701584815979 -0.1471310257911682
0.3236466348171234 0.2925114929676056 -0.12623748183250427
0.03419274091720581 0.34486091136932373 -0.38830769062042236
-0.3809654414653778 -0.029333779588341713 -0.21423760056495667
-0.38051775097846985 0.2041778564453125 -0.4131426215171814
-0.07222753018140793 -0.01904524490237236 0.11525002866983414
0.0654924213886261 -0.1173493042588234 0.40479931235313416
-0.08868464082479477 -0.22162474691867828 -0.14330564439296722
-0.4009006917476654 0.03022245690226555 -0.14281679689884186
0.2561582624912262 -0.00495145982131362 0.25245562195777893
0.24775797128677368 -0.06498513370752335 0.09212610125541687
0.1327541470527649 0.0024916301481425762 0.2552090287208557
0.33460381627082825 0.27373841404914856 -0.19412674009799957
0.2778346836566925 -0.066390760242939 -0.46276962757110596
0.301853746175766 0.12305300682783127 -0.3345552086830139
0.44232672452926636 0.1926734745502472 -0.115851491689682
0.37134310603141785 -0.14716920256614685 0.37208837270736694
-0.27854403853416443 -0.10597045719623566 -0.40625160932540894
0.2955187261104584 0.18279510736465454 -0.40992751717567444
-0.0014259712770581245 0.13476042449474335 0.13072113692760468
-0.12506034970283508 -0.21519462764263153 -0.22733350098133087
0.0745873972773552 -0.17021936178207397 -0.35595107078552246
0.2048332393169403 0.24049389362335205 0.049461401998996735
0.46377432346343994 0.17245927453041077 0.007093097548931837
0.02445317804813385 0.3543376922607422 -0.47501224279403687
0.3638940453529358 -0.08274108171463013 -0.18430614471435547
0.0908723846077919 0.3459285497665405 -0.46866995096206665
0.051039084792137146 -0.2230488657951355 -0.2523851990699768
0.37427276372909546 -0.14344531297683716 0.25744539499282837
0.1650911271572113 0.2773178815841675 -0.3664668798446655
-0.32579946517944336 -0.08527685701847076 -0.083100326359272
-0.0211094431579113 -0.19519637525081635 -0.40531712770462036
0.43578365445137024 0.2733747065067291 0.0045404923148453236
0.31221237778663635 -0.2509117126464844 0.40635648369789124
-0.2546207308769226 0.17172609269618988 -0.48380011320114136
-0.20578037202358246 0.20438864827156067 0.0910429060459137
0.4765882194042206 0.25156256556510925 0.1361284852027893
0.25143954157829285 -0.11275091767311096 -0.03296786919236183
-0.23462584614753723 0.0031309970654547215 0.09285811334848404
-0.32861632108688354 -0.10660062730312347 -0.26187002658843994
0.24249736964702606 0.03366941586136818 -0.4937151074409485
-0.3132813274860382 0.2730999290943146 -0.34283575415611267
0.24808010458946228 -0.12821823358535767 -0.15879376232624054
0.0514463372528553 0.3593977391719818 -0.1958245187997818
0.2131686806678772 0.02324637770652771 -0.49510276317596436
-0.20070675015449524 0.195716992020607 0.1054103747010231
-0.11082225292921066 0.05355221405625343 0.13675007224082947
0.4883706867694855 0.17270365357398987 0.03425152599811554
0.0149382334202528 0.2937626242637634 -0.017420727759599686
-0.2436164766550064 0.0842755138874054 0.10426657646894455
-0.3237980604171753 0.03158365562558174 0.03770557790994644
0.23972779512405396 0.15127882361412048 -0.49594932794570923
0.0448058620095253 -0.05234696343541145 0.45583584904670715
-0.3583261966705322 0.041181087493896484 -0.010281168855726719
0.3029668927192688 0.19398675858974457 -0.31493207812309265
0.224409282207489 0.16594752669334412 0.25702497363090515
-0.39282187819480896 0.06162431091070175 -0.09173911064863205
0.4163019359111786 0.33745816349983215 0.14863404631614685
-0.07883596420288086 0.0014144228771328926 0.12555110454559326
0.2689979076385498 -0.07547226548194885 -0.2871919572353363
0.22275270521640778 0.1117924228310585 -0.4949449896812439
0.17197084426879883 0.2832961976528168 -0.48380011320114136
-0.0023417286574840546 0.03404733166098595 0.13269749283790588
-0.0016754529206082225 0.20404697954654694 0.09642907977104187
-0.06326413154602051 0.12739485502243042 0.1365293562412262
0.4702153503894806 0.10496323555707932 -0.10178026556968689
0.35231050848960876 0.27657991647720337 -0.0882483646273613
0.4224671423435211 0.04384961724281311 -0.2268589287996292
0.18391813337802887 0.2950341999530792 -0.1170283704996109
0.23759566247463226 0.08459119498729706 0.32326990365982056
0.04260833561420441 -0.17898671329021454 -0.0654732808470726
0.21334901452064514 0.17390140891075134 0.19926968216896057
0.28391197323799133 -0.015747996047139168 -0.33978015184402466
0.10244304686784744 0.1021982952952385 -0.4924831986427307
0.3839026689529419 -0.23808370530605316 0.32633697986602783
0.1485857367515564 -0.17538519203662872 -0.465777188539505
-0.047684717923402786 0.19386272132396698 -0.4900129437446594
0.26362577080726624 0.29288896918296814 -0.485046923160553
0.17464447021484375 0.2848416268825531 -0.08247324079275131
-0.2311260849237442 -0.006789634935557842 0.09346166998147964
-0.3677457273006439 0.21853221952915192 -0.4090154767036438
0.2696802318096161 0.09162361174821854 -0.38250651955604553
0.3552686870098114 -0.05587409436702728 -0.0024237651377916336
0.04809973016381264 0.22043377161026 0.07114604860544205
-0.2916989326477051 0.2949128746986389 -0.1287044882774353
0.2029857635498047 -0.13528262078762054 -0.10506165772676468
-0.31436729431152344 0.27375054359436035 -0.3500625491142273
0.35082730650901794 -0.07392551004886627 -0.04537954553961754
-0.15609949827194214 0.37276217341423035 -0.21111886203289032
-0.11653634160757065 0.3697253167629242 -0.12317992001771927
0.2174072116613388 -0.03988351672887802 0.11359742283821106
0.0634089931845665 0.1546531766653061 -0.4900129437446594
0.4163019359111786 -0.015993323177099228 0.17265501618385315
-0.3503451645374298 0.24119067192077637 -0.16245374083518982
-0.030864765867590904 0.29871684312820435 -0.009252198971807957
-0.23303844034671783 0.24072128534317017 0.04406658560037613
-0.0020207634661346674 -0.07769235968589783 0.4173326790332794
0.07465457171201706 -0.17481005191802979 -0.31673961877822876
-0.31650468707084656 0.2732732594013214 -0.3386966288089752
0.18219305574893951 0.20292527973651886 0.07728556543588638
0.33069631457328796 -0.2594078779220581 0.2546432614326477
0.3252112865447998 -0.05692585930228233 0.3248484432697296
0.38369593024253845 0.32746273279190063 0.020249491557478905
-0.0511060394346714 -0.23424211144447327 -0.2040003538131714
-0.48951512575149536 0.07729791849851608 -0.26162636280059814
0.32620012760162354 -0.028443794697523117 -0.48380011320114136
-0.32475021481513977 0.2343907207250595 -0.046731673181056976
-0.257585346698761 0.26552343368530273 -0.012520038522779942
0.09742789715528488 0.18452027440071106 0.09346166998147964
-0.49743109941482544 0.11437883973121643 -0.29718145728111267
-0.07705433666706085 -0.19518165290355682 -0.37704920768737793
-0.3975360095500946 0.1932511031627655 -0.23384737968444824
0.2409265637397766 0.019854992628097534 -0.4955362379550934
0.09579542279243469 0.3011641204357147 -0.044413648545742035
-0.2926168143749237 0.29331716895103455 -0.2392834722995758
-0.23322519659996033 -0.133970707654953 -0.06784101575613022
0.17652469873428345 -0.11799240112304688 -0.43021121621131897
0.4176653325557709 0.3440122902393341 0.13478632271289825
0.303141325712204 0.2945185601711273 -0.1075298860669136
0.24477548897266388 0.2860754132270813 -0.05482001602649689
0.21389517188072205 0.23327195644378662 -0.4887745976448059
0.4934097230434418 0.10280870646238327 0.10894075781106949
0.5002462863922119 0.14302439987659454 0.09740011394023895
0.43267422914505005 0.20201216638088226 -0.1373581886291504
0.18495044112205505 0.06731513887643814 0.31093254685401917
-0.037613190710544586 0.3611585795879364 -0.3963368535041809
-0.21385355293750763 -0.16468246281147003 -0.3737339377403259
-0.0846744179725647 -0.19436942040920258 -0.08457251638174057
0.31572532653808594 -0.06046473979949951 0.16541600227355957
0.15729263424873352 0.29765310883522034 -0.0911773145198822
0.19603297114372253 -0.053583789616823196 -0.3757951259613037
0.11511189490556717 0.3255997896194458 -0.157927006483078
-0.19948306679725647 0.2990504205226898 -0.4545214772224426
0.2627241909503937 0.18406033515930176 -0.4900129437446594
-0.1505899727344513 0.17356719076633453 0.12648779153823853
-0.2283988893032074 0.11246746778488159 0.11525002866983414
-0.016767214983701706 -0.2218562215566635 -0.3168761134147644
0.05214768275618553 0.19260193407535553 0.09148754179477692
0.29470980167388916 -0.09761810302734375 -0.23325854539871216
0.02410004660487175 -0.22772005200386047 -0.2739000916481018
-0.04814358055591583 -0.18746721744537354 -0.07127045094966888
-0.17686878144741058 0.0726880207657814 0.13352657854557037
-0.30237478017807007 0.1944005936384201 0.03770557790994644
0.21761737763881683 -0.01626102440059185 0.33330658078193665
0.29438504576683044 0.13213953375816345 -0.34046247601509094
-0.2626050114631653 0.2835657298564911 -0.40100938081741333
-0.22758923470973969 0.023975642397999763 -0.4887745976448059
0.36553582549095154 -0.32501569390296936 0.3841082751750946
0.3996395766735077 -0.02493390440940857 0.010549311526119709
0.11753781884908676 -0.1791345626115799 -0.43375495076179504
0.39472687244415283 0.24453583359718323 -0.09596873819828033
-0.158806711435318 -0.2064974308013916 -0.22245509922504425
-0.005203527864068747 0.1447267234325409 -0.491249144077301
-0.13423526287078857 -0.20317456126213074 -0.12683901190757751
0.29750290513038635 0.22929713129997253 0.275174081325531
0.4608668088912964 0.18347065150737762 0.004569496493786573
0.2345791608095169 -0.04748271033167839 -0.4951570928096771
0.37134310603141785 0.001215212745591998 0.3155609667301178
0.13927581906318665 -0.1795450747013092 -0.4825512766838074
-0.2026226967573166 -0.12260672450065613 -0.027616869658231735
-0.456807941198349 0.012819256633520126 -0.2726690471172333
-0.22468233108520508 -0.12370491772890091 -0.442741334438324
0.1864515244960785 -0.03740914165973663 0.35242214798927307
0.06143870949745178 -0.025868656113743782 0.2907301187515259
0.2037787288427353 -0.10553592443466187 0.006267336662858725
0.17281471192836761 0.2602262794971466 -0.005818807985633612
-0.2948564887046814 -0.12812136113643646 -0.16060225665569305
0.19090314209461212 -0.13541671633720398 -0.10527718812227249
-0.31798627972602844 -0.09006324410438538 -0.38234907388687134
0.48420313000679016 0.25251305103302 0.03848930075764656
-0.3712552487850189 -0.06755232065916061 -0.32484880089759827
-0.11959835141897202 0.25616565346717834 0.06001679226756096
-0.03252040967345238 -0.2249448597431183 -0.12710845470428467
0.19024693965911865 -0.08691102266311646 0.047706302255392075
0.05383779853582382 0.3325183093547821 -0.48380011320114136
0.10297133028507233 0.3027249574661255 -0.485046923160553
-0.15099583566188812 -0.12503375113010406 0.0008365275571122766
-0.15276965498924255 -0.056941743940114975 0.08540896326303482
-0.07712271809577942 0.3883746266365051 -0.24558760225772858
0.12325414270162582 -0.005821513943374157 0.41359835863113403
-0.2858181893825531 0.26444458961486816 -0.4226866364479065
-0.1585010439157486 -0.0785939022898674 0.06703046709299088
0.05366848036646843 -0.19091875851154327 -0.32383444905281067
-0.30214622616767883 -0.04615294933319092 0.011828101240098476
0.26391541957855225 -0.124458447098732 -0.16240856051445007
-0.15551096200942993 0.1546531766653061 -0.4900129437446594
0.014384516514837742 0.12187401205301285 -0.491249144077301
0.17420464754104614 -0.05763436108827591 -0.4924831986427307
-0.12588931620121002 0.09241262078285217 -0.4924831986427307
-0.36720332503318787 -0.0554368831217289 -0.21137180924415588
0.12733344733715057 -0.18597522377967834 -0.4881395101547241
0.2320697009563446 0.30357927083969116 -0.43153098225593567
0.45435360074043274 0.057971805334091187 0.2439148724079132
0.4823260009288788 0.11412546038627625 0.02385442703962326
-0.12166370451450348 0.2615477740764618 0.05224743112921715
0.32518109679222107 -0.05692585930228233 0.033913012593984604
-0.10170753300189972 0.3397054672241211 -0.06075485795736313
0.37414252758026123 0.14468400180339813 -0.27357175946235657
-0.0463920496404171 0.28475484251976013 0.012703152373433113
0.018542177975177765 -0.03579927980899811 0.35183215141296387
0.10244304686784744 0.05326993018388748 -0.4924831986427307
0.04645361006259918 0.05434105545282364 0.1346154510974884
0.4660268723964691 0.10300680249929428 0.003219395177438855
0.07447358220815659 -0.01586541160941124 0.28287437558174133
0.15219230949878693 -0.06393001228570938 0.3547714650630951
-0.1359061896800995 0.1644555628299713 -0.4900129437446594
-0.14895665645599365 -0.09801959246397018 0.04625262692570686
0.3956497609615326 -0.1384131759405136 0.3142812252044678
-0.4652363359928131 0.1763293594121933 -0.3392007052898407
0.19478489458560944 -0.10796118527650833 0.005710235796868801
0.3894639313220978 -0.2863163650035858 0.3839212954044342
-0.25549614429473877 -0.03512534871697426 -0.4787915349006653
0.042424749583005905 -0.1275930106639862 0.4251655042171478
-0.03685421496629715 0.324042946100235 -0.04689396917819977
0.3555479347705841 -0.045885033905506134 0.05382822826504707
-0.1548786461353302 0.2835235595703125 -0.4842151403427124
0.1406777799129486 -0.0390564389526844 0.414811372756958
0.23675738275051117 -0.1142926812171936 -0.21481366455554962
0.0382235012948513 -0.18650048971176147 -0.45322173833847046
0.06498395651578903 0.3525943458080292 -0.14537130296230316
0.15176033973693848 0.2136504203081131 -0.4887745976448059
-0.31735190749168396 0.04135270044207573 0.04546533524990082
0.2480091005563736 0.23396821320056915 0.15758062899112701
0.34370744228363037 -0.19042514264583588 0.3952740728855133
0.10260076075792313 -0.1906604915857315 -0.1290169209241867
0.14598608016967773 0.01872100867331028 0.25091752409935
-0.005211899057030678 0.23327195644378662 -0.4887745976448059
-0.3271600306034088 0.2560262680053711 -0.08478803932666779
0.019553082063794136 -0.15001395344734192 -0.027999211102724075
-0.14620745182037354 -0.18865607678890228 -0.35346347093582153
-0.10640842467546463 0.15452075004577637 -0.491249144077301
-0.36700546741485596 0.22307796776294708 -0.18082822859287262
0.291881799697876 -0.047889042645692825 -0.491249144077301
0.34411659836769104 0.023933786898851395 -0.491249144077301
0.47536519169807434 0.14204992353916168 0.25523650646209717
0.2227180153131485 -0.10815168917179108 -0.23140114545822144
-0.34284287691116333 -0.08255893737077713 -0.23910731077194214
0.2049783319234848 -0.01507651899009943 -0.4950512945652008
-0.07346804440021515 0.0031362406443804502 0.1254635602235794
0.1696392446756363 0.27145129442214966 -0.3165242075920105
-0.4158289134502411 0.10290532559156418 -0.4347835183143616
0.28631463646888733 0.04464004933834076 -0.35590454936027527
