ply
format ascii 1.0
element vertex 4096
property float x
property float y
property float z
end_header
0.3026835322380066 -0.04320324957370758 0.1474299132823944
0.4149908125400543 0.24282805621623993 0.25042980909347534
0.25592541694641113 0.01928761601448059 0.2336725890636444
0.2953488528728485 -0.036444276571273804 0.28592589497566223
0.32217085361480713 0.07352893054485321 0.3087758719921112
0.4634596109390259 0.1392792910337448 0.13864262402057648
0.42707985639572144 0.2690032720565796 0.22071953117847443
0.25592541694641113 0.06141924858093262 0.2883343994617462
0.3743346035480499 0.3191392123699188 0.18923640251159668
0.4342924654483795 0.13558194041252136 0.28092947602272034
0.28625720739364624 -0.016885047778487206 0.13864262402057648
0.34711065888404846 0.007009072694927454 0.31717243790626526
0.2951933741569519 0.27345985174179077 0.17965808510780334
0.25592541694641113 0.20262931287288666 0.20778600871562958
0.3132593035697937 0.18445749580860138 0.13864262402057648
0.35761383175849915 0.10236053168773651 0.3034459054470062
0.25592541694641113 0.13917496800422668 0.22336752712726593
0.2866736054420471 0.27194663882255554 0.1455630213022232
0.25592541694641113 0.08492498099803925 0.2808995544910431
0.446729838848114 0.15789243578910828 0.13864262402057648
0.405381441116333 0.26987046003341675 0.23532310128211975
0.3549116253852844 0.00620247982442379 0.13864262402057648
0.2825472950935364 0.24348947405815125 0.25059887766838074
0.31189703941345215 0.290606290102005 0.17632703483104706
0.3914727568626404 0.29159292578697205 0.13864262402057648
0.25592541694641113 0.1281895488500595 0.2784314453601837
0.3896854817867279 0.12755396962165833 0.2947297990322113
0.41811129450798035 0.006981900427490473 0.27503180503845215
0.4235305190086365 0.2986091077327728 0.13864262402057648
0.2826027572154999 -0.040642768144607544 0.21691474318504333
0.25592541694641113 0.07327412813901901 0.15448004007339478
0.3329991400241852 0.12060073763132095 0.13864262402057648
0.39521652460098267 -0.035692568868398666 0.2258131057024002
0.29172319173812866 -0.04415755346417427 0.21355833113193512
0.2911069393157959 0.15396879613399506 0.13864262402057648
0.34108179807662964 0.013610742054879665 0.13864262402057648
0.31516939401626587 -0.04549484699964523 0.26774680614471436
0.3036920130252838 -0.04549484699964523 0.2742598354816437
0.28866904973983765 0.12634693086147308 0.13864262402057648
0.33701595664024353 0.3202454745769501 0.13864262402057648
0.3400060832500458 0.3239824175834656 0.14354611933231354
0.35847026109695435 0.2948974668979645 0.13864262402057648
0.4543449580669403 0.10670357197523117 0.13864262402057648
0.47928714752197266 0.15891265869140625 0.13864262402057648
0.31228625774383545 0.15682561695575714 0.13864262402057648
0.25592541694641113 0.03595270961523056 0.2437736690044403
0.36688920855522156 -0.014426464214920998 0.3176160454750061
0.26386135816574097 0.24297885596752167 0.17758426070213318
0.37811729311943054 -0.04549484699964523 0.288997620344162
0.2830885648727417 -0.020262135192751884 0.2947414517402649
0.30726954340934753 0.218780979514122 0.2788310647010803
0.4035704433917999 0.20198287069797516 0.2757470905780792
0.39805111289024353 0.1532222032546997 0.13864262402057648
0.27097025513648987 -0.03459020331501961 0.16095516085624695
0.25592541694641113 0.07157526910305023 0.20493097603321075
0.25592541694641113 0.19644105434417725 0.23879830539226532
0.2838192880153656 0.14958108961582184 0.13864262402057648
0.46827784180641174 0.21808047592639923 0.20897318422794342
0.3233473002910614 0.2872699201107025 0.20982897281646729
0.4066298007965088 0.027318699285387993 0.29830071330070496
0.27473220229148865 0.10991218686103821 0.13864262402057648
0.4227398633956909 -0.011623673141002655 0.1827733963727951
0.3770750164985657 0.13641735911369324 0.13864262402057648
0.39006349444389343 -0.016960399225354195 0.13864262402057648
0.34731224179267883 -0.04549484699964523 0.26322492957115173
0.25592541694641113 0.08853781968355179 0.20651017129421234
0.33830899000167847 0.11140564829111099 0.13864262402057648
0.37991228699684143 -0.04549484699964523 0.2729688286781311
0.26532280445098877 0.17758333683013916 0.2854710817337036
0.28391754627227783 0.07439897209405899 0.13864262402057648
0.4257710576057434 0.24341747164726257 0.13864262402057648
0.40369725227355957 0.21991758048534393 0.13864262402057648
0.4235413670539856 0.03994635492563248 0.13864262402057648
0.37320810556411743 0.16841834783554077 0.13864262402057648
0.28604382276535034 -0.04055660963058472 0.17095895111560822
0.4834173023700714 0.12521465122699738 0.18553921580314636
0.464399516582489 0.19206297397613525 0.13864262402057648
0.48641836643218994 0.1466209441423416 0.13877761363983154
0.25592541694641113 0.15017622709274292 0.22418281435966492
0.41495320200920105 0.3018716871738434 0.1972840279340744
0.2745209038257599 0.24579854309558868 0.21565739810466766
0.3766840100288391 0.2898169755935669 0.22750431299209595
0.48531028628349304 0.11267434060573578 0.13864262402057648
0.36761239171028137 -0.00624111108481884 0.31651464104652405
0.38239872455596924 0.07222729176282883 0.13864262402057648
0.46573683619499207 0.048039257526397705 0.1705199033021927
0.3335636556148529 0.19724909961223602 0.28701767325401306
0.43610116839408875 0.0031023561023175716 0.1710929125547409
0.2585568428039551 0.13023632764816284 0.29465749859809875
0.25592541694641113 0.21278688311576843 0.2049754410982132
0.25592541694641113 0.04685044661164284 0.2585236728191376
0.339530885219574 0.00932973064482212 0.31708815693855286
0.2840995788574219 0.18481332063674927 0.2867664396762848
0.28185805678367615 -0.008095802739262581 0.30991265177726746
0.47502392530441284 0.13016821444034576 0.2530733346939087
0.45126062631607056 0.2694055438041687 0.13864262402057648
0.46077761054039 0.21921312808990479 0.22153548896312714
0.31844350695610046 0.16548185050487518 0.2950848937034607
0.36758580803871155 0.3270432949066162 0.17376098036766052
0.43376997113227844 0.2963433861732483 0.18508189916610718
0.3459743559360504 0.17154578864574432 0.29390010237693787
0.3191169500350952 0.015079760923981667 0.13864262402057648
0.25592541694641113 0.015424680896103382 0.2510208189487457
0.2750636041164398 0.08605349808931351 0.30770233273506165
0.32406172156333923 0.04135562852025032 0.13864262402057648
0.25592541694641113 0.11823441088199615 0.2878307104110718
0.25592541694641113 0.09399040788412094 0.2502839267253876
0.25962427258491516 0.16648797690868378 0.13864262402057648
0.4559989869594574 0.17409144341945648 0.13864262402057648
0.4563281834125519 0.16737373173236847 0.26274698972702026
0.45579174160957336 0.2621738910675049 0.13864262402057648
0.4290444552898407 -0.0057576908729970455 0.16811391711235046
0.39610785245895386 0.2927618622779846 0.21993155777454376
0.3747886121273041 -0.04549484699964523 0.2548978328704834
0.31314870715141296 0.08810103684663773 0.30704715847969055
0.3797663450241089 0.28773340582847595 0.13864262402057648
0.4598786532878876 0.08678106963634491 0.13864262402057648
0.25592541694641113 0.028706910088658333 0.1764216423034668
0.25592541694641113 0.18841414153575897 0.23670268058776855
0.25592541694641113 0.1561877727508545 0.1795663833618164
0.3490220010280609 0.23079118132591248 0.27290573716163635
0.2813442349433899 -0.037224385887384415 0.22693520784378052
0.4332318603992462 0.32268059253692627 0.13864262402057648
0.3456323742866516 -0.04549484699964523 0.23703986406326294
0.29542797803878784 -0.03042413480579853 0.2975400686264038
0.30235129594802856 -0.04549484699964523 0.19181352853775024
0.3076966404914856 -0.03227287530899048 0.30906522274017334
0.43916141986846924 0.0418679378926754 0.26698771119117737
0.27782031893730164 0.04560622200369835 0.13864262402057648
0.2756081223487854 0.07771344482898712 0.30941230058670044
0.2775859534740448 -0.02775995247066021 0.2514992654323578
0.3581247925758362 0.32340338826179504 0.13864262402057648
0.45080888271331787 0.2649352550506592 0.1982528567314148
0.25592541694641113 0.14509662985801697 0.24810649454593658
0.42152684926986694 -0.006755559705197811 0.22825798392295837
0.30324140191078186 0.04060153663158417 0.13864262402057648
0.32939624786376953 0.2486521601676941 0.13864262402057648
0.28506889939308167 -0.02615492418408394 0.2868315875530243
0.35103264451026917 0.18369533121585846 0.13864262402057648
0.4705008864402771 0.22011877596378326 0.13864262402057648
0.4298997223377228 0.007871697656810284 0.2275068610906601
0.25592541694641113 0.04207410663366318 0.23145732283592224
0.4211196303367615 0.00034504002542234957 0.24701479077339172
0.25592541694641113 0.04017629474401474 0.23552964627742767
0.31027814745903015 0.16712239384651184 0.29408928751945496
0.38937488198280334 0.20851564407348633 0.13864262402057648
0.45637327432632446 0.17829777300357819 0.13864262402057648
0.3475511968135834 -0.04549484699964523 0.24717681109905243
0.2606206238269806 0.20674993097782135 0.13864262402057648
0.3016344904899597 0.27666163444519043 0.19525055587291718
0.32655030488967896 0.06496012210845947 0.13864262402057648
0.32364407181739807 -0.04549484699964523 0.20109795033931732
0.3013189435005188 0.2588541507720947 0.24049139022827148
0.3574095368385315 0.32670995593070984 0.16489996016025543
0.4783203601837158 0.1058744266629219 0.22509147226810455
0.25592541694641113 0.16131654381752014 0.18961070477962494
0.46462252736091614 0.04233432561159134 0.16161377727985382
0.3574018180370331 -0.04549484699964523 0.20760610699653625
0.4178301990032196 -0.006126173306256533 0.24557331204414368
0.4249435067176819 0.2564541697502136 0.2327924519777298
0.32236889004707336 0.15435917675495148 0.2970595359802246
0.32492345571517944 -0.04549484699964523 0.18779052793979645
0.3496275544166565 0.043662093579769135 0.13864262402057648
0.25592541694641113 0.05952940881252289 0.15672460198402405
0.394937664270401 0.22381889820098877 0.13864262402057648
0.31286612153053284 0.27473607659339905 0.13864262402057648
0.32178300619125366 0.14366008341312408 0.2987535893917084
0.3369497060775757 0.23027577996253967 0.27382466197013855
0.389448881149292 0.06238293647766113 0.30265599489212036
0.38939765095710754 -0.033585187047719955 0.29887428879737854
0.47402381896972656 0.1498877853155136 0.13864262402057648
0.25592541694641113 -0.013316082768142223 0.1587972790002823
0.37015604972839355 -0.03676794469356537 0.13864262402057648
0.3262784779071808 0.23897777497768402 0.13864262402057648
0.2985803782939911 0.2762416899204254 0.18242211639881134
0.4755788743495941 0.22950606048107147 0.14116142690181732
0.4577106237411499 0.12149963527917862 0.13864262402057648
0.29097896814346313 -0.0002058227692032233 0.3192296326160431
0.3155291974544525 0.29114243388175964 0.18658167123794556
0.3948933780193329 0.25619620084762573 0.2505844235420227
0.3307085931301117 -0.04549484699964523 0.19923676550388336
0.3531799912452698 -0.04549484699964523 0.26338016986846924
0.3074328601360321 0.2901841104030609 0.1566273272037506
0.3092072904109955 0.1415099799633026 0.2991575598716736
0.25592541694641113 0.11588945239782333 0.2539292275905609
0.2989922761917114 0.25640907883644104 0.24250741302967072
0.4585999846458435 0.19714468717575073 0.24337637424468994
0.41289442777633667 -0.0029902139212936163 0.13864262402057648
0.34747862815856934 0.32227545976638794 0.13864262402057648
0.31622517108917236 0.27634093165397644 0.22445113956928253
0.25592541694641113 0.09616256505250931 0.22394168376922607
0.37398669123649597 0.21625997126102448 0.13864262402057648
0.2907925546169281 0.27524828910827637 0.13864262402057648
0.3163066804409027 0.06638980656862259 0.13864262402057648
0.4805387854576111 0.14574190974235535 0.13864262402057648
0.41380494832992554 0.02718919701874256 0.2929801940917969
0.3215527832508087 0.19142022728919983 0.28876444697380066
0.28466275334358215 -0.0063245962373912334 0.3148810863494873
0.3844316303730011 0.0009573558927513659 0.13864262402057648
0.2737208306789398 0.2566012442111969 0.15828831493854523
0.2667424976825714 0.21379563212394714 0.2716306447982788
0.4559042751789093 0.13186734914779663 0.2713991403579712
0.38322964310646057 0.28115591406822205 0.23434008657932281
0.34331899881362915 0.32483261823654175 0.13864262402057648
0.3803287148475647 0.28197354078292847 0.23424825072288513
0.3415079414844513 0.12382657825946808 0.13864262402057648
0.27256450057029724 0.18804797530174255 0.2841280400753021
0.4592651128768921 0.14847421646118164 0.2660258710384369
0.4524097740650177 0.14625117182731628 0.13864262402057648
0.42546844482421875 0.04314655438065529 0.28585946559906006
0.38399064540863037 0.1429726630449295 0.13864262402057648
0.4123757779598236 -0.020243363454937935 0.18207527697086334
0.3758106529712677 0.26185640692710876 0.2515851855278015
0.46400880813598633 0.1335173100233078 0.2654325067996979
0.30857351422309875 0.09104225039482117 0.13864262402057648
0.25592541694641113 0.17533305287361145 0.1716236025094986
0.4542642831802368 0.03887508064508438 0.19761693477630615
0.4605354964733124 0.08504991233348846 0.2627926468849182
0.45969223976135254 0.09133501350879669 0.13864262402057648
0.2799956202507019 0.25046923756599426 0.21926318109035492
0.2978249490261078 -0.04549484699964523 0.23080570995807648
0.4607662558555603 0.0633765384554863 0.22852803766727448
0.4198347330093384 0.12534883618354797 0.286905437707901
0.3077391982078552 0.11205949634313583 0.303819864988327
0.25592541694641113 0.041043978184461594 0.23392359912395477
0.38541069626808167 0.2758990228176117 0.13864262402057648
0.28489574790000916 0.09327597171068192 0.30690521001815796
0.39889395236968994 0.05931852385401726 0.3002021312713623
0.2670188248157501 0.13354189693927765 0.29586735367774963
0.46640077233314514 0.24323821067810059 0.18534979224205017
0.48106512427330017 0.15060386061668396 0.2126310169696808
0.4511125087738037 0.29519274830818176 0.1584576666355133
0.36301127076148987 0.22978553175926208 0.27208396792411804
0.40160372853279114 0.005680042318999767 0.2993720471858978
0.3613553047180176 -0.04436501860618591 0.1695362776517868
0.26618826389312744 -0.004133753012865782 0.29467296600341797
0.25953489542007446 0.20747393369674683 0.13864262402057648
0.33864080905914307 -0.04549484699964523 0.27418649196624756
0.35518214106559753 0.150218665599823 0.29717496037483215
0.4663189649581909 0.2415035218000412 0.1880350112915039
0.25592541694641113 0.14481858909130096 0.14147716760635376
0.4280504882335663 0.0031473354902118444 0.22409312427043915
0.45344847440719604 0.026336796581745148 0.17105932533740997
0.2646518349647522 0.20511910319328308 0.13864262402057648
0.30491209030151367 0.186112180352211 0.2892056703567505
0.401349276304245 0.03513113036751747 0.3004208207130432
0.25592541694641113 0.0020098730456084013 0.1515842080116272
0.45114460587501526 0.07500351965427399 0.13864262402057648
0.25592541694641113 0.21674016118049622 0.19277335703372955
0.439374715089798 0.005462548229843378 0.156223326921463
0.3089695870876312 0.2305745929479599 0.27363547682762146
0.3351673483848572 0.13754163682460785 0.13864262402057648
0.29076504707336426 -0.040870849043130875 0.15640388429164886
0.41480761766433716 0.2248745709657669 0.26134178042411804
0.4692949652671814 0.12247607111930847 0.2611684799194336
0.2939261496067047 0.0035406015813350677 0.319091796875
0.33389997482299805 -0.016520101577043533 0.13864262402057648
0.4295515716075897 0.16328822076320648 0.13864262402057648
0.2575252652168274 0.11066906899213791 0.2990202009677887
0.3040837347507477 0.0923202857375145 0.30674728751182556
0.25592541694641113 0.06814272701740265 0.23651060461997986
0.3017994165420532 0.2498502880334854 0.2534385621547699
0.25592541694641113 0.05637185648083687 0.2892777919769287
0.25592541694641113 0.20811088383197784 0.2047000229358673
0.25592541694641113 0.1057484894990921 0.215760737657547
0.33698055148124695 0.027590446174144745 0.13864262402057648
0.4668872058391571 0.2650289833545685 0.15272434055805206
0.25592541694641113 0.21429356932640076 0.20388735830783844
0.25592541694641113 0.06025233119726181 0.1946018934249878
0.26572778820991516 0.032486651092767715 0.3161902129650116
0.2785457968711853 0.24484901130199432 0.24000199139118195
0.29526665806770325 0.070211261510849 0.3100699782371521
0.4055194556713104 0.2655135989189148 0.2389446347951889
0.25592541694641113 0.04918179288506508 0.28064730763435364
0.4227052927017212 0.0037122322246432304 0.13864262402057648
0.32106533646583557 0.1776522994041443 0.13864262402057648
0.2709870934486389 0.1639336794614792 0.2895406186580658
0.3871638774871826 -0.006599912885576487 0.13864262402057648
0.25592541694641113 0.08723510801792145 0.2920396327972412
0.3630823493003845 0.29696863889694214 0.13864262402057648
0.36778077483177185 -0.04181194677948952 0.1575073003768921
0.36122211813926697 0.19633111357688904 0.28601372241973877
0.26934149861335754 -0.02455180697143078 0.22362135350704193
0.39279720187187195 -0.029970651492476463 0.14882777631282806
0.3303900361061096 0.02820313163101673 0.31477004289627075
0.25592541694641113 0.05504344776272774 0.14720980823040009
0.37909337878227234 0.07773406058549881 0.13864262402057648
0.37024518847465515 0.0852217748761177 0.30375611782073975
0.25592541694641113 0.05013290047645569 0.25302013754844666
0.301334947347641 0.28227823972702026 0.16599120199680328
0.38543474674224854 0.3036975562572479 0.2095911204814911
0.28167790174484253 -0.024800481274724007 0.2830958366394043
0.3521338105201721 0.3083272874355316 0.1989600509405136
0.2230529636144638 0.19943855702877045 0.17172923684120178
0.25592541694641113 0.14124058187007904 0.24839292466640472
0.25592541694641113 0.18806204199790955 0.1956830769777298
0.24684181809425354 -0.019126413390040398 0.215333491563797
0.24811005592346191 0.011674736626446247 0.31859952211380005
0.18790237605571747 0.10982649028301239 0.2088775336742401
0.2342485934495926 0.05631733313202858 0.13864265382289886
0.25592541694641113 0.10066723078489304 0.19033299386501312
0.22862611711025238 -0.021211670711636543 0.2779003083705902
0.19692778587341309 0.1435597538948059 0.18652795255184174
0.19276148080825806 -0.03613610193133354 0.3467513918876648
0.24917928874492645 -0.02133362926542759 0.19578440487384796
0.1832251399755478 0.044665247201919556 0.23144514858722687
0.1832251399755478 0.05626727268099785 0.17905132472515106
0.2047312706708908 0.06073417514562607 0.3500596284866333
0.1869937777519226 0.0963546559214592 0.23857064545154572
0.2064470499753952 0.15080110728740692 0.2122558057308197
0.19631999731063843 0.1263194978237152 0.22348561882972717
0.18638615310192108 -0.0007680879207327962 0.2165144979953766
0.22993892431259155 0.15682388842105865 0.2782759666442871
0.25592541694641113 0.04905044659972191 0.1836761236190796
0.25592541694641113 0.1437659114599228 0.19387847185134888
0.2458413541316986 0.18463701009750366 0.27633219957351685
0.2155640721321106 0.16357284784317017 0.21737706661224365
0.2504177987575531 -0.0022893815767019987 0.2795226573944092
0.19856123626232147 0.12359163910150528 0.23958106338977814
0.251016765832901 0.035506464540958405 0.13864265382289886
0.1832251399755478 0.049565404653549194 0.3106895387172699
0.18666833639144897 0.08964020758867264 0.25473451614379883
0.22737103700637817 0.09402415156364441 0.13864265382289886
0.25592541694641113 0.06335517019033432 0.1870744377374649
0.1832251399755478 0.03430438041687012 0.19827748835086823
0.25592541694641113 0.09304291009902954 0.1448972523212433
0.1832251399755478 -0.0006962185725569725 0.30569177865982056
0.25592541694641113 0.1331675946712494 0.15218304097652435
0.23979173600673676 -0.028818853199481964 0.1676095575094223
0.18342971801757812 0.06013698875904083 0.3035823702812195
0.25592541694641113 0.12932360172271729 0.20626693964004517
0.18374289572238922 0.09393243491649628 0.18550294637680054
0.2523096203804016 -0.011281970888376236 0.23015548288822174
0.25592541694641113 0.10770677775144577 0.2161850929260254
0.25592541694641113 0.18025097250938416 0.22824878990650177
0.2145310491323471 0.12366869300603867 0.2923544943332672
0.18878696858882904 -0.0021328553557395935 0.2109169214963913
0.25592541694641113 0.010755068622529507 0.1952642947435379
0.1832251399755478 -0.007682645693421364 0.2641488015651703
0.19075410068035126 0.1066230982542038 0.13864265382289886
0.18360048532485962 0.081739641726017 0.2272113412618637
0.22023198008537292 0.19979014992713928 0.13864265382289886
0.25592541694641113 0.19837525486946106 0.23970767855644226
0.25592541694641113 0.06674652546644211 0.28677916526794434
0.2240169793367386 0.19235984981060028 0.18883177638053894
0.1832251399755478 0.03093895874917507 0.2015305757522583
0.25125327706336975 0.15623216331005096 0.13864265382289886
0.25592541694641113 0.12295036762952805 0.2231132835149765
0.1832251399755478 0.048421990126371384 0.23194141685962677
0.1832251399755478 0.05200561136007309 0.30739152431488037
0.2537081241607666 0.167838916182518 0.2864724397659302
0.18914951384067535 -0.002009214833378792 0.20964659750461578
0.19666215777397156 0.09045510739088058 0.29839178919792175
0.2139473855495453 0.12861813604831696 0.28069591522216797
0.2097432017326355 0.1124204620718956 0.13864265382289886
0.21884466707706451 0.10639418661594391 0.3254850506782532
0.25592541694641113 0.15643467009067535 0.2709481418132782
0.2179660052061081 0.1964910626411438 0.16066184639930725
0.2334134876728058 0.21534593403339386 0.16317686438560486
0.19775450229644775 -0.033735428005456924 0.3394533693790436
0.25592541694641113 0.235270693898201 0.1435767263174057
0.18853823840618134 -0.008751842193305492 0.2218019813299179
0.23562726378440857 0.0018295663176104426 0.3282187581062317
0.24864700436592102 0.08962740004062653 0.13864265382289886
0.1832251399755478 0.08660733699798584 0.1460859328508377
0.1832251399755478 -0.009878505952656269 0.2616526484489441
0.25592541694641113 0.09830676764249802 0.191083163022995
0.214765727519989 0.14233505725860596 0.2564578354358673
0.2364819496870041 -0.014016850851476192 0.2802233397960663
0.1832251399755478 0.03503743186593056 0.19991910457611084
0.25592541694641113 -0.0031363628804683685 0.21802695095539093
0.25592541694641113 0.15028750896453857 0.14539387822151184
0.19854213297367096 -0.00758126238361001 0.19031922519207
0.2529148459434509 0.23018178343772888 0.17612801492214203
0.1941242665052414 0.10006152838468552 0.2711070477962494
0.20612092316150665 0.15611158311367035 0.20074136555194855
0.20210596919059753 0.11959043890237808 0.13864265382289886
0.23023618757724762 0.21248550713062286 0.1614999920129776
0.25592541694641113 0.10623009502887726 0.1603110283613205
0.2156520038843155 0.0686909481883049 0.34057149291038513
0.18353399634361267 0.07433813810348511 0.25313520431518555
0.23910243809223175 0.1724402755498886 0.2779623568058014
0.23864342272281647 -0.004659153986722231 0.13864265382289886
0.20235751569271088 -0.038504041731357574 0.2984470725059509
0.18517380952835083 0.06381630152463913 0.1449802815914154
0.25592541694641113 0.18470153212547302 0.17795763909816742
0.1832251399755478 0.062057770788669586 0.1806415468454361
0.19522330164909363 0.14080128073692322 0.18292991816997528
0.25592541694641113 -0.00423062639310956 0.1726270169019699
0.25592541694641113 0.03144872561097145 0.23564773797988892
0.22628143429756165 0.18829360604286194 0.2043253779411316
0.23890803754329681 0.1786009967327118 0.2652139365673065
0.25592541694641113 0.03153141960501671 0.16553369164466858
0.19601450860500336 0.15575671195983887 0.15102443099021912
0.21691173315048218 0.08355383574962616 0.33592379093170166
0.25592541694641113 0.13043063879013062 0.1735997498035431
0.25476011633872986 -0.024028195068240166 0.16004124283790588
0.21924105286598206 0.1719009131193161 0.2132004052400589
0.2535078525543213 0.18777944147586823 0.13864265382289886
0.25592541694641113 0.1174350306391716 0.19613422453403473
0.19258907437324524 0.14972980320453644 0.14230290055274963
0.1905806064605713 0.1065671443939209 0.13864265382289886
0.1832251399755478 -0.0036288294941186905 0.2433900237083435
0.19253097474575043 -0.02462468296289444 0.23732183873653412
0.1832251399755478 0.08853445202112198 0.16758114099502563
0.1832251399755478 -0.0003906894417013973 0.322921484708786
0.21399499475955963 -0.01568232662975788 0.3442772328853607
0.25592541694641113 0.1230180636048317 0.2541140019893646
0.18333123624324799 0.05481503903865814 0.17268943786621094
0.25592541694641113 0.012150426395237446 0.22895190119743347
0.2195104956626892 0.031631410121917725 0.13864265382289886
0.2519500255584717 -0.0022732201032340527 0.2735185921192169
0.2556670904159546 0.09922390431165695 0.3014433979988098
0.19382652640342712 0.12492772191762924 0.2134050875902176
0.25592541694641113 0.2159002125263214 0.1948574185371399
0.25592541694641113 0.11154041439294815 0.21947571635246277
0.19710195064544678 0.15358984470367432 0.16296109557151794
0.23323868215084076 -0.03182828798890114 0.20743505656719208
0.21570926904678345 0.0409376434981823 0.34737345576286316
0.20824745297431946 0.12353579699993134 0.27179139852523804
0.25592541694641113 0.1712755709886551 0.28253841400146484
0.25592541694641113 0.08423883467912674 0.2693646252155304
0.18325947225093842 0.06527186185121536 0.27903318405151367
0.25592541694641113 0.16785618662834167 0.1478894054889679
0.2339371293783188 0.0037784245796501637 0.13864265382289886
0.2517118453979492 0.021525777876377106 0.31923460960388184
0.19932161271572113 -0.019931280985474586 0.21186453104019165
0.1832251399755478 0.023085778579115868 0.29013901948928833
0.19170764088630676 0.1369665116071701 0.1702132672071457
0.2085031270980835 0.14372722804546356 0.2329680323600769
0.21322126686573029 0.13233718276023865 0.270982563495636
0.2244235873222351 0.11104261875152588 0.3228515386581421
0.19827406108379364 0.1475304812192917 0.18462441861629486
0.2089686393737793 -0.0055697327479720116 0.16013726592063904
0.19408978521823883 -0.04317246749997139 0.3009442985057831
0.20477397739887238 0.028505029156804085 0.13864265382289886
0.25592541694641113 0.21920189261436462 0.1804375797510147
0.25592541694641113 0.15426816046237946 0.21701349318027496
0.1832251399755478 0.0777372345328331 0.21563588082790375
0.25592541694641113 0.00019143206009175628 0.1593809574842453
0.2380315363407135 0.1294611692428589 0.30814966559410095
0.18996474146842957 0.06694059818983078 0.32239580154418945
0.25592541694641113 0.23657995462417603 0.1546381413936615
0.20064958930015564 -0.041701748967170715 0.27915266156196594
0.25592541694641113 0.05594988167285919 0.21802932024002075
0.25592541694641113 0.04113837704062462 0.23452019691467285
0.21892119944095612 0.18647919595241547 0.18349796533584595
0.21527329087257385 -0.03775970637798309 0.23694458603858948
0.25592541694641113 0.2270757108926773 0.18714649975299835
0.1905205100774765 -0.0183953195810318 0.3741410970687866
0.2340976595878601 0.08163454383611679 0.13864265382289886
0.2119271457195282 -0.0009856900433078408 0.14391033351421356
0.1832251399755478 0.036855556070804596 0.34527525305747986
0.25592541694641113 0.1258344203233719 0.1944243162870407
0.1832251399755478 -0.033637262880802155 0.36115244030952454
0.24283690750598907 0.22626599669456482 0.1596834659576416
0.25592541694641113 0.08729734271764755 0.20469467341899872
0.23425805568695068 0.12654808163642883 0.3118072748184204
0.19102446734905243 -0.04023362696170807 0.3355622887611389
0.2241218537092209 -0.017924975603818893 0.311071515083313
0.25592541694641113 0.1763230264186859 0.1902255117893219
0.25592541694641113 0.0690588727593422 0.2212483137845993
0.21035252511501312 0.17853939533233643 0.17070050537586212
0.25592541694641113 0.004169308114796877 0.1870657056570053
0.23863299190998077 0.21218502521514893 0.191048726439476
0.25592541694641113 0.12951628863811493 0.20927011966705322
0.22320903837680817 -0.019646650180220604 0.16189201176166534
0.1832251399755478 0.021968230605125427 0.2627667784690857
0.1832251399755478 -0.011617193929851055 0.37060055136680603
0.1913619041442871 -0.04163359850645065 0.28262943029403687
0.25592541694641113 0.06495127081871033 0.2260141372680664
0.1832251399755478 0.04957222193479538 0.2571173906326294
0.20248602330684662 0.15410348773002625 0.19088253378868103
0.25592541694641113 0.09373729676008224 0.29593512415885925
0.25592541694641113 0.16008664667606354 0.2592756748199463
0.23432070016860962 -0.012796690687537193 0.2944783866405487
0.19876016676425934 0.10926833748817444 0.2683817446231842
0.21776239573955536 0.12250982224941254 0.3053402304649353
0.1832251399755478 0.0816696509718895 0.19559726119041443
0.20443983376026154 0.001338818110525608 0.15893152356147766
0.20153653621673584 0.029628923162817955 0.13864265382289886
0.1832251399755478 -0.011371055617928505 0.3483130931854248
0.25592541694641113 0.09013345092535019 0.21074481308460236
0.25592541694641113 0.005755240097641945 0.2639029324054718
0.1832251399755478 0.04718941077589989 0.26565924286842346
0.25592541694641113 0.1535383015871048 0.2255488634109497
0.2209489345550537 -0.00671019870787859 0.3428175747394562
0.25592541694641113 0.12009625881910324 0.2843242883682251
0.21518981456756592 0.2025512009859085 0.13904066383838654
0.25592541694641113 0.038649894297122955 0.2174096703529358
0.25592541694641113 0.12326588481664658 0.16689759492874146
0.19634659588336945 0.07687081396579742 0.3240354359149933
0.23634620010852814 -0.012635787948966026 0.13864265382289886
0.25592541694641113 0.011115767061710358 0.28176262974739075
0.22107696533203125 0.20889638364315033 0.14130233228206635
0.19846858084201813 0.018988806754350662 0.14968490600585938
0.24349774420261383 0.07511172443628311 0.13864265382289886
0.22687670588493347 0.2034679800271988 0.17616893351078033
0.24418164789676666 0.06331779062747955 0.13864265382289886
0.25592541694641113 0.17800720036029816 0.18200848996639252
0.25592541694641113 0.08945290744304657 0.1833329051733017
0.1832251399755478 0.05866753309965134 0.22603927552700043
0.2092311680316925 0.06470002979040146 0.13864265382289886
0.20258407294750214 0.046817995607852936 0.13864265382289886
0.1832251399755478 0.01472027599811554 0.3080553114414215
0.1832251399755478 0.050567615777254105 0.25702038407325745
0.22200356423854828 -0.034880977123975754 0.21454232931137085
0.1832251399755478 0.0017766134114935994 0.3333905339241028
0.25592541694641113 0.14360147714614868 0.27186816930770874
0.1832251399755478 -0.009501154534518719 0.33407849073410034
0.24250662326812744 -0.029632797464728355 0.16627201437950134
0.23404672741889954 -0.016770245507359505 0.27706822752952576
0.24999094009399414 0.20287197828292847 0.2542573809623718
0.25208935141563416 -0.009157534688711166 0.2409188598394394
0.25592541694641113 0.07033129781484604 0.2524949908256531
0.1832251399755478 0.06832261383533478 0.17545028030872345
0.23820923268795013 0.22081461548805237 0.16168619692325592
0.22110991179943085 0.1268833875656128 0.3073973059654236
0.24651677906513214 0.22513684630393982 0.1749802529811859
0.1832251399755478 -0.006997191812843084 0.2685292959213257
0.20034746825695038 0.018032537773251534 0.1455489546060562
0.25592541694641113 0.03204294294118881 0.1918930560350418
0.2400166243314743 0.14402106404304504 0.3030117452144623
0.25592541694641113 0.09786362946033478 0.149197056889534
0.24754074215888977 0.04438338801264763 0.13864265382289886
0.22744229435920715 0.06717254966497421 0.13864265382289886
0.1832251399755478 -0.018302440643310547 0.37324225902557373
0.22754544019699097 0.18802213668823242 0.20904770493507385
0.25592541694641113 0.05982162803411484 0.2588038146495819
0.25592541694641113 0.15658845007419586 0.27260109782218933
0.20239165425300598 0.1685749739408493 0.13864265382289886
0.25592541694641113 0.09504780173301697 0.2882530093193054
0.2088882476091385 -0.01704549603164196 0.18381991982460022
0.1832251399755478 0.03974354267120361 0.22462138533592224
0.2166803628206253 0.13581295311450958 0.13864265382289886
0.18411843478679657 0.042650409042835236 0.1780756562948227
0.2273537963628769 -0.01786520704627037 0.1498522162437439
0.2355087250471115 0.08080572634935379 0.32211750745773315
0.22852814197540283 0.1419963538646698 0.3009866774082184
0.25592541694641113 0.03525732085108757 0.2760794460773468
0.25592541694641113 0.1761137843132019 0.25837793946266174
0.25592541694641113 -0.0046449946239590645 0.14923252165317535
0.23156189918518066 0.17821849882602692 0.24161997437477112
0.23439255356788635 -0.03101804479956627 0.182891845703125
0.236362487077713 -0.006300310604274273 0.13864265382289886
0.223793625831604 0.2084534764289856 0.15195287764072418
0.18531817197799683 -0.008215270936489105 0.23057952523231506
0.2217085212469101 0.1939040720462799 0.17814742028713226
0.18540337681770325 0.1126578152179718 0.1651848703622818
0.25592541694641113 0.08543935418128967 0.2465657740831375
0.21259349584579468 0.0821671262383461 0.3386082947254181
0.25592541694641113 0.15171387791633606 0.15729354321956635
0.24438373744487762 0.22676539421081543 0.16282294690608978
0.18424835801124573 0.10443465411663055 0.16118969023227692
0.22565466165542603 0.06365972757339478 0.3340221345424652
0.24675224721431732 0.2247147411108017 0.17715740203857422
0.24797189235687256 0.0005864454433321953 0.301736056804657
0.25592541694641113 0.18143248558044434 0.21054045855998993
0.1832251399755478 -0.04116833955049515 0.29439887404441833
0.25592541694641113 0.07737680524587631 0.21608777344226837
0.25592541694641113 0.09483442455530167 0.15589064359664917
0.19474905729293823 -0.0404837392270565 0.2731302082538605
0.23312127590179443 0.1183665543794632 0.13864265382289886
0.25592541694641113 0.08344881981611252 0.25123998522758484
0.25087106227874756 0.12267962098121643 0.299822598695755
0.1832251399755478 0.019304100424051285 0.28520655632019043
0.1832251399755478 0.05163167789578438 0.28444457054138184
0.1856832355260849 -0.024533787742257118 0.25506430864334106
0.19662854075431824 0.07063949853181839 0.33669546246528625
0.1832251399755478 -0.014803178608417511 0.3502362072467804
0.24984103441238403 -0.027242165058851242 0.1636132299900055
0.21870175004005432 0.060108013451099396 0.34031355381011963
0.1838570237159729 0.09429989755153656 0.18757767975330353
0.1832251399755478 0.02097189426422119 0.23445375263690948
0.25592541694641113 0.15845127403736115 0.15242432057857513
0.1839662492275238 -0.03356678783893585 0.2757553160190582
0.24330739676952362 -0.027803903445601463 0.18725626170635223
0.25592541694641113 0.20150630176067352 0.20474188029766083
0.1832251399755478 0.001111011952161789 0.24716797471046448
0.1832251399755478 0.011922917328774929 0.29066622257232666
0.1832251399755478 0.06176289543509483 0.2901989817619324
0.1832251399755478 -0.013483669608831406 0.24754416942596436
0.18518203496932983 0.10856395959854126 0.13864265382289886
0.21973425149917603 -0.004144287668168545 0.3466791808605194
0.25592541694641113 0.09262893348932266 0.25766003131866455
0.1916484385728836 0.05631847307085991 0.34633690118789673
0.20764003694057465 0.24529315531253815 -0.3749263286590576
0.17465484142303467 0.20466963946819305 -0.436484158039093
0.19455356895923615 0.2027248591184616 -0.3732938766479492
0.32706284523010254 -0.026323283091187477 -0.4867262542247772
0.17465484142303467 0.0626845583319664 -0.4653680622577667
0.22709724307060242 -0.09140226989984512 -0.44941428303718567
0.17465484142303467 0.0492514967918396 -0.3962361812591553
0.17465484142303467 -0.10256518423557281 -0.49185943603515625
0.3161083459854126 0.11323174834251404 -0.4214293956756592
0.2851729393005371 0.07576804608106613 -0.3953206539154053
0.1852947473526001 -0.12092117965221405 -0.44754812121391296
0.3324548602104187 0.12955957651138306 -0.48576194047927856
0.17465484142303467 0.038108985871076584 -0.41615235805511475
0.23742163181304932 0.2764540910720825 -0.48674917221069336
0.28131210803985596 0.30060720443725586 -0.46567827463150024
0.34721168875694275 0.10550246387720108 -0.4677165448665619
0.17465484142303467 0.10909225046634674 -0.4110918343067169
0.31807440519332886 0.0006442359881475568 -0.42985621094703674
0.3374496102333069 0.15246562659740448 -0.46879926323890686
0.17465484142303467 0.1253686398267746 -0.4266420304775238
0.19018131494522095 0.07058494538068771 -0.4930500090122223
0.2897739112377167 -0.008260445669293404 -0.4090353846549988
0.17465484142303467 -0.03479860723018646 -0.43843138217926025
0.17465484142303467 0.2542722821235657 -0.4264293909072876
0.3119489252567291 0.1076851412653923 -0.41766440868377686
0.3342170715332031 0.16806285083293915 -0.471040815114975
0.18255174160003662 0.28942322731018066 -0.43517541885375977
0.23552101850509644 -0.09596134722232819 -0.4655623137950897
0.20166319608688354 0.022085506469011307 -0.3732938766479492
0.3449222445487976 0.02338166907429695 -0.44860950112342834
0.31129366159439087 0.10832526534795761 -0.4172210693359375
0.2661869525909424 0.1482204794883728 -0.38956183195114136
0.20398001372814178 0.16222071647644043 -0.3732938766479492
0.2947738468647003 0.26980358362197876 -0.433376282453537
0.26392629742622375 -0.07762648165225983 -0.4857041835784912
0.17465484142303467 0.11111289262771606 -0.46582019329071045
0.21869182586669922 0.16584357619285583 -0.4927920699119568
0.17465484142303467 0.2283676266670227 -0.4391981363296509
0.33469173312187195 0.08273153752088547 -0.4891658127307892
0.23849298059940338 -0.07489581406116486 -0.4385979473590851
0.34044668078422546 0.04188055545091629 -0.43943679332733154
0.19760726392269135 -0.0908820852637291 -0.49243050813674927
0.3490893244743347 0.096529021859169 -0.4699370265007019
0.1774997115135193 -0.12067969143390656 -0.44181302189826965
0.32517945766448975 0.20187880098819733 -0.459248811006546
0.17465484142303467 0.02710653282701969 -0.42830443382263184
0.24312447011470795 0.08073286712169647 -0.3732938766479492
0.22940343618392944 0.161250501871109 -0.3732938766479492
0.17465484142303467 -0.048592664301395416 -0.43844661116600037
0.3310733437538147 0.12159769982099533 -0.440443217754364
0.18901607394218445 0.2971886396408081 -0.4566984176635742
0.23391570150852203 -0.08370921015739441 -0.4458654522895813
0.19202730059623718 0.18371854722499847 -0.49140670895576477
0.31227126717567444 0.014980855397880077 -0.41750818490982056
0.3237645924091339 0.19199778139591217 -0.48093727231025696
0.33054932951927185 0.17791393399238586 -0.47645676136016846
0.17465484142303467 0.2610592842102051 -0.39867812395095825
0.2606583535671234 0.22911760210990906 -0.48897993564605713
0.17465484142303467 0.29257649183273315 -0.45875051617622375
0.17465484142303467 0.04951363056898117 -0.4226682782173157
0.31523606181144714 0.07245111465454102 -0.49154242873191833
0.2522847652435303 -0.058169614523649216 -0.42985954880714417
0.2754289209842682 0.04582185670733452 -0.3856222927570343
0.2796531617641449 0.1525835543870926 -0.3978801667690277
0.2029522955417633 0.1876755803823471 -0.3732938766479492
0.18445615470409393 0.26516270637512207 -0.4858124256134033
0.17465484142303467 0.21043269336223602 -0.40187540650367737
0.17465484142303467 0.003857941599562764 -0.48133376240730286
0.3382892310619354 -0.017170574516057968 -0.4772494435310364
0.34939485788345337 0.07410255074501038 -0.4560943841934204
0.33784130215644836 0.12383509427309036 -0.4506981372833252
0.27164652943611145 0.15104344487190247 -0.39286595582962036
0.3338400721549988 0.15109333395957947 -0.4809163808822632
0.2534787356853485 0.02324395626783371 -0.49363601207733154
0.3316633701324463 0.17342804372310638 -0.46091464161872864
0.2439620941877365 0.15994107723236084 -0.37872806191444397
0.288812518119812 -0.006867400370538235 -0.4071870446205139
0.2561095356941223 0.18099774420261383 -0.38774535059928894
0.2511521875858307 0.28466784954071045 -0.41181331872940063
0.28025123476982117 0.29475247859954834 -0.4481023848056793
0.274140328168869 0.10349706560373306 -0.3896327316761017
0.27528440952301025 0.27218392491340637 -0.4131643772125244
0.23155197501182556 0.275871604681015 -0.4867534637451172
0.24943585693836212 0.2923215925693512 -0.4844081401824951
0.17992161214351654 0.13846991956233978 -0.4916655123233795
0.21525979042053223 -0.07610604912042618 -0.492633581161499
0.18453054130077362 0.08063256740570068 -0.4926704466342926
0.17465484142303467 0.11195744574069977 -0.4596954584121704
0.17465484142303467 0.09796398133039474 -0.47191086411476135
0.29397937655448914 0.08746752142906189 -0.4027663469314575
0.3234591484069824 0.10259091854095459 -0.4262917637825012
0.20221982896327972 0.1495421975851059 -0.3732938766479492
0.17465484142303467 0.04365542158484459 -0.45193588733673096
0.3506164848804474 0.02621356211602688 -0.4593847095966339
0.205299973487854 -0.05035121738910675 -0.4928041100502014
0.20025019347667694 0.29566463828086853 -0.4380244314670563
0.26906442642211914 0.2945539951324463 -0.43243375420570374
0.17465484142303467 0.13366243243217468 -0.4201642870903015
0.17465484142303467 0.14689701795578003 -0.4128141403198242
0.28513169288635254 -0.02779977209866047 -0.42204537987709045
0.17465484142303467 0.11089189350605011 -0.4910867214202881
0.1872773915529251 0.07451719790697098 -0.3732938766479492
0.24626848101615906 0.09476996958255768 -0.3732938766479492
0.17465484142303467 -0.021208247169852257 -0.4390612542629242
0.3477530777454376 0.10296180099248886 -0.47026386857032776
0.17465484142303467 0.148011714220047 -0.48694345355033875
0.2854313254356384 -0.05783439427614212 -0.4650113880634308
0.21489407122135162 0.059183768928050995 -0.3732938766479492
0.3001379370689392 0.24210083484649658 -0.42536816000938416
0.24653233587741852 -0.06578648090362549 -0.4343617856502533
0.28269413113594055 -0.039227940142154694 -0.43460679054260254
0.25578686594963074 0.11323650926351547 -0.37993013858795166
0.17465484142303467 -0.0035433052107691765 -0.3848094344139099
0.18304742872714996 -0.08818764239549637 -0.407785564661026
0.2624518871307373 0.021724659949541092 -0.3753860294818878
0.3535938858985901 0.07499391585588455 -0.4749663472175598
0.20464687049388885 0.023934705182909966 -0.3732938766479492
0.32721519470214844 0.005230342503637075 -0.4923524260520935
0.17465484142303467 0.2545367479324341 -0.439344584941864
0.25629252195358276 0.29292601346969604 -0.4216621518135071
0.17465484142303467 0.22400088608264923 -0.4450918734073639
0.20523372292518616 0.1986934244632721 -0.49097681045532227
0.17465484142303467 0.23620516061782837 -0.41339075565338135
0.2504698634147644 -0.08622761815786362 -0.4684489369392395
0.23125852644443512 0.16562038660049438 -0.49267396330833435
0.290185809135437 0.10984456539154053 -0.49161967635154724
0.23037853837013245 -0.09039950370788574 -0.4513203501701355
0.18136581778526306 0.07151925563812256 -0.4925839602947235
0.17465484142303467 0.14207029342651367 -0.4055616855621338
0.19055116176605225 0.23536087572574615 -0.48801469802856445
0.18285833299160004 0.20151442289352417 -0.4898187816143036
0.33302876353263855 0.17269892990589142 -0.4663938283920288
0.2591940760612488 0.15853099524974823 -0.3868996500968933
0.17465484142303467 0.19352230429649353 -0.4853113889694214
0.34659868478775024 0.02751324698328972 -0.45069727301597595
0.17465484142303467 0.12244358658790588 -0.4021300971508026
0.21493692696094513 0.00745848985388875 -0.49332326650619507
0.28905895352363586 0.2348393201828003 -0.41183534264564514
0.23235557973384857 0.006169016007333994 -0.4934227466583252
0.17465484142303467 0.06621572375297546 -0.46270185708999634
0.20118020474910736 0.30391669273376465 -0.4715391993522644
0.2460865080356598 0.19761663675308228 -0.4909192621707916
0.2657160460948944 -0.041636958718299866 -0.4210233688354492
0.17465484142303467 0.17289923131465912 -0.423482209444046
0.21255789697170258 0.2699587047100067 -0.4864802658557892
0.17465484142303467 0.13945989310741425 -0.4052329659461975
0.23984375596046448 0.2986687123775482 -0.4819890856742859
0.180790975689888 0.05904434248805046 -0.3732938766479492
0.3139600157737732 0.2204274982213974 -0.4843831956386566
0.2670349180698395 0.2895343601703644 -0.42271432280540466
0.29365646839141846 0.004699545446783304 -0.40559518337249756
0.2132214605808258 0.2161172330379486 -0.49009525775909424
0.17465484142303467 0.09690764546394348 -0.4289475381374359
0.22944384813308716 0.10578908026218414 -0.4941944479942322
0.3346998989582062 0.15982426702976227 -0.4614276587963104
0.22647616267204285 -0.040514618158340454 -0.38087764382362366
0.22884723544120789 0.27931302785873413 -0.4024098217487335
0.26078882813453674 0.30376002192497253 -0.43901553750038147
0.2166198343038559 0.1581234633922577 -0.3732938766479492
0.29050102829933167 0.024962620809674263 -0.3959072530269623
0.17486761510372162 0.2251300811767578 -0.3732938766479492
0.28714799880981445 0.29376348853111267 -0.4619494676589966
0.2881874740123749 0.2429877668619156 -0.48700058460235596
0.18271702527999878 0.27396902441978455 -0.4010210335254669
0.19425231218338013 0.16175952553749084 -0.49235817790031433
0.21601824462413788 -0.0856487900018692 -0.43074336647987366
0.21469010412693024 -0.08693403005599976 -0.43114912509918213
0.24597755074501038 0.07253918796777725 -0.3732938766479492
0.17465484142303467 0.25346696376800537 -0.44192737340927124
0.17465484142303467 0.18482936918735504 -0.39658322930336
0.17465484142303467 0.09073277562856674 -0.4611334502696991
0.17465484142303467 -0.002657143399119377 -0.45468923449516296
0.21067292988300323 -0.030495373532176018 -0.49299541115760803
0.33031532168388367 0.041414257138967514 -0.4266221225261688
0.236348494887352 0.11247553676366806 -0.49422487616539
0.17465484142303467 0.21041196584701538 -0.42048701643943787
0.17465484142303467 0.18633554875850677 -0.37689536809921265
0.1827942281961441 0.19846844673156738 -0.4900047481060028
0.2803848087787628 0.24855877459049225 -0.4086831212043762
0.17784561216831207 0.025420673191547394 -0.3732938766479492
0.249596506357193 0.18865306675434113 -0.4910629391670227
0.17465484142303467 0.14934998750686646 -0.4228060245513916
0.2381773144006729 0.11013398319482803 -0.4941965341567993
0.1823030412197113 -0.10594873875379562 -0.42747318744659424
0.17465484142303467 0.2167758345603943 -0.4179687201976776
0.17465484142303467 0.05041452497243881 -0.4504927694797516
0.21037715673446655 0.07515199482440948 -0.49372386932373047
0.22561419010162354 -0.06568271666765213 -0.4927712082862854
0.1818859875202179 0.07664401084184647 -0.3732938766479492
0.20134630799293518 -0.10016585886478424 -0.49234285950660706
0.24720656871795654 0.11422499269247055 -0.4938587248325348
0.3143148422241211 0.06019168347120285 -0.492025762796402
0.17465484142303467 -0.11686241626739502 -0.45633265376091003
0.17465484142303467 0.18432973325252533 -0.47566893696784973
0.3095686733722687 0.25467875599861145 -0.4510735273361206
0.2381654530763626 -0.05952491983771324 -0.41769567131996155
0.21339577436447144 -0.08877921104431152 -0.4323379695415497
0.17465484142303467 0.15630248188972473 -0.4421270489692688
0.347210168838501 0.06426393240690231 -0.4855901002883911
0.1797555536031723 0.03616667166352272 -0.3732938766479492
0.2504282593727112 0.19730889797210693 -0.386476993560791
0.23029613494873047 0.06773747503757477 -0.49389806389808655
0.31224289536476135 0.2337324023246765 -0.44133657217025757
0.2425798922777176 0.13009488582611084 -0.4935570955276489
0.2688736319541931 -0.06156383454799652 -0.45082685351371765
0.17465484142303467 0.19113799929618835 -0.4736681282520294
0.26097896695137024 0.16513484716415405 -0.3886202871799469
0.21889634430408478 -0.0634467825293541 -0.49277663230895996
0.17465484142303467 0.09222565591335297 -0.4629223644733429
0.26957637071609497 -0.06449059396982193 -0.4905339777469635
0.3401751220226288 -0.006362859159708023 -0.4660630524158478
0.17465484142303467 0.05858181416988373 -0.4837603271007538
0.30525749921798706 0.1995237171649933 -0.4222930073738098
0.24602454900741577 0.03455253690481186 -0.3732938766479492
0.31033048033714294 0.21521666646003723 -0.4313852787017822
0.20553995668888092 0.28321677446365356 -0.4068005084991455
0.17465484142303467 0.23745736479759216 -0.40771588683128357
0.17465484142303467 0.2163943499326706 -0.39664143323898315
0.17465484142303467 -0.07919120043516159 -0.41794610023498535
0.17465484142303467 0.17522914707660675 -0.4381101131439209
0.3121199309825897 0.06996094435453415 -0.49180373549461365
0.25963106751441956 0.28650492429733276 -0.41521650552749634
0.19685128331184387 -0.07453655451536179 -0.3989408612251282
0.3215322494506836 0.20758754014968872 -0.4495142102241516
0.3445170223712921 0.04038533195853233 -0.4454801082611084
0.24710774421691895 -0.039938122034072876 -0.4931000769138336
0.3444536328315735 0.11897040903568268 -0.47617173194885254
0.2972295880317688 -0.010789803229272366 -0.41780155897140503
0.3165637254714966 0.16834750771522522 -0.48789799213409424
0.20522759854793549 -0.0903390571475029 -0.42633962631225586
0.2651219367980957 0.26222148537635803 -0.48752033710479736
0.21426165103912354 -0.08490774035453796 -0.4280121922492981
0.2000594437122345 0.03246278688311577 -0.3732938766479492
0.2405136227607727 0.1735188215970993 -0.492105633020401
0.17465484142303467 0.10933435708284378 -0.42737939953804016
0.20743362605571747 0.174162819981575 -0.3732938766479492
0.25750648975372314 0.3068699836730957 -0.47160571813583374
0.17465484142303467 0.2546355724334717 -0.4856075644493103
0.17465484142303467 0.26108163595199585 -0.3939840793609619
0.17465484142303467 -0.12351741641759872 -0.4662680923938751
0.2565079927444458 0.004742850549519062 -0.49350565671920776
0.17893901467323303 0.27055612206459045 -0.39591777324676514
0.18451076745986938 -0.09865615516901016 -0.4202933609485626
0.3553212285041809 0.01958039216697216 -0.47123852372169495
0.2806318998336792 0.13131381571292877 -0.49139511585235596
0.18682849407196045 0.1242140680551529 -0.3732938766479492
0.3259289562702179 0.19178427755832672 -0.45294687151908875
0.2952594459056854 0.09184355288743973 -0.491971492767334
0.17465484142303467 0.1552896946668625 -0.4158892333507538
0.2091539204120636 0.291735976934433 -0.42325881123542786
0.19975833594799042 0.2523244023323059 -0.37574338912963867
0.17465484142303467 0.019718103110790253 -0.44424188137054443
0.17465484142303467 -0.07250609248876572 -0.42247843742370605
0.21229885518550873 0.0442986898124218 -0.4935988187789917
0.25460243225097656 -0.00046945587382651865 -0.37376660108566284
0.2193010300397873 0.042878732085227966 -0.3732938766479492
0.20639313757419586 -0.051082901656627655 -0.4928051829338074
0.33608755469322205 0.00014900040696375072 -0.4513157308101654
0.3251698315143585 0.07183316349983215 -0.49089235067367554
0.23111030459403992 0.0893092229962349 -0.4940742552280426
0.26624152064323425 0.15812331438064575 -0.39070799946784973
0.26388296484947205 0.21547776460647583 -0.3958836793899536
0.19993211328983307 0.049969255924224854 -0.49333521723747253
0.17465484142303467 0.0019679267425090075 -0.4812864065170288
0.23012256622314453 0.15640628337860107 -0.49313920736312866
0.271036297082901 0.017345774918794632 -0.3822958171367645
0.24565453827381134 0.14416024088859558 -0.3778747022151947
0.1931684911251068 0.13622373342514038 -0.3732938766479492
0.19551591575145721 -0.1246945858001709 -0.4631761312484741
0.17465484142303467 -0.014458437450230122 -0.4424936771392822
0.17465484142303467 0.2357475906610489 -0.3735003173351288
0.2970176935195923 0.2641467750072479 -0.432381808757782
0.3048383891582489 0.2540815472602844 -0.48499685525894165
0.17465484142303467 0.031445857137441635 -0.431827574968338
0.18565888702869415 0.020976785570383072 -0.3732938766479492
0.3552050292491913 0.02057536505162716 -0.4706723690032959
0.3403015732765198 0.08374258875846863 -0.44529789686203003
0.26608502864837646 0.17248032987117767 -0.49075445532798767
0.17465484142303467 0.04345975071191788 -0.37552839517593384
0.2750934660434723 0.1927666813135147 -0.39945459365844727
0.17970311641693115 0.2681853771209717 -0.39020591974258423
0.27323222160339355 0.09748134016990662 -0.49299946427345276
0.23456212878227234 0.02230285108089447 -0.3732938766479492
0.26320505142211914 0.02839493937790394 -0.3752134144306183
0.3269014358520508 0.17378418147563934 -0.48259973526000977
0.2494121789932251 0.16562959551811218 -0.49192243814468384
0.17465484142303467 -0.07894530147314072 -0.40181395411491394
0.32825347781181335 0.07733073830604553 -0.4275691509246826
0.2835436463356018 0.03785556182265282 -0.4934771656990051
0.33773890137672424 0.13168777525424957 -0.48196932673454285
0.24000202119350433 0.27011406421661377 -0.4871266186237335
0.22806209325790405 -0.06622793525457382 -0.4166669547557831
0.17465484142303467 0.06985507160425186 -0.39950722455978394
0.17463693022727966 -0.06238779053092003 -0.3528197109699249
-0.31118735671043396 0.06848826259374619 -0.4813588261604309
-0.2613234221935272 0.06041417270898819 -0.3398977220058441
-0.11805574595928192 0.03662729635834694 -0.3398977220058441
0.013799412176012993 0.10666534304618835 -0.49072518944740295
0.17463693022727966 0.19861695170402527 -0.4866265654563904
0.17463693022727966 -0.06079844385385513 -0.3493211269378662
0.04263155162334442 0.11956503987312317 -0.4907393157482147
-0.1485753208398819 0.1693926453590393 -0.48795825242996216
0.12921501696109772 0.24824412167072296 -0.48731160163879395
-0.17289619147777557 -0.13184930384159088 -0.4773063659667969
-0.11577897518873215 0.11388169229030609 -0.3398977220058441
-0.3677328824996948 0.09460493177175522 -0.3398977220058441
-0.3669649362564087 0.2407035380601883 -0.34909453988075256
0.15032924711704254 -0.11353231221437454 -0.37735986709594727
0.04366170987486839 0.29189470410346985 -0.485675185918808
-0.1788780838251114 -0.10436277836561203 -0.3398977220058441
-0.25982382893562317 0.3001824915409088 -0.3588724136352539
0.11465536057949066 0.09270641952753067 -0.4915056526660919
-0.07879248261451721 -0.19744981825351715 -0.369096964597702
0.17463693022727966 -0.0006687561981379986 -0.357680082321167
-0.018132006749510765 -0.037618644535541534 -0.3398977220058441
0.08245813846588135 0.06266725063323975 -0.3398977220058441
0.03171436861157417 -0.1480570286512375 -0.3398977220058441
-0.18795962631702423 0.0036858776584267616 -0.3398977220058441
0.15325893461704254 -0.1627042144536972 -0.49077221751213074
-0.18513786792755127 0.0021538659930229187 -0.3398977220058441
0.0278887040913105 0.348336786031723 -0.4770415425300598
-0.03399083763360977 -0.1825975775718689 -0.4330917298793793
-0.2330891489982605 0.2847278416156769 -0.4481530785560608
0.012043796479701996 0.20280341804027557 -0.4886774718761444
-0.30909836292266846 0.07803042232990265 -0.48154324293136597
-0.3372538983821869 0.23136572539806366 -0.3398977220058441
0.17463693022727966 0.12492841482162476 -0.44399550557136536
-0.3836396634578705 0.09014569222927094 -0.3398977220058441
0.01770409196615219 0.2760607898235321 -0.3398977220058441
-0.037263423204422 -0.13281719386577606 -0.49111461639404297
-0.13151158392429352 0.27879050374031067 -0.3398977220058441
0.03727889806032181 0.06611436605453491 -0.49136844277381897
-0.05678236111998558 0.35320791602134705 -0.4182620942592621
0.018286900594830513 -0.20663563907146454 -0.3801605999469757
-0.2793083190917969 -0.026735881343483925 -0.3398977220058441
-0.12136036157608032 0.32600751519203186 -0.4418196678161621
0.05529933050274849 0.11462929844856262 -0.3398977220058441
0.1472984254360199 0.0064840479753911495 -0.3398977220058441
-0.19694620370864868 0.3181692063808441 -0.40230798721313477
-0.11909601092338562 -0.0474914126098156 -0.48990142345428467
-0.13540935516357422 0.21118438243865967 -0.3398977220058441
-0.21282684803009033 -0.13599812984466553 -0.4382129907608032
0.04315871372818947 0.3581733703613281 -0.46638184785842896
-0.08055037260055542 0.03748173639178276 -0.3398977220058441
-0.29111388325691223 -0.02071545086801052 -0.3398977220058441
-0.16658537089824677 0.10241423547267914 -0.48918816447257996
0.06153617426753044 0.13683542609214783 -0.3398977220058441
0.023960161954164505 -0.2053641676902771 -0.35556480288505554
-0.0788085088133812 0.12111040949821472 -0.3398977220058441
-0.4515996277332306 0.11011478304862976 -0.3398977220058441
0.006061086431145668 0.07845025509595871 -0.3398977220058441
0.17463693022727966 0.180999293923378 -0.4130699038505554
-0.32596203684806824 0.15847386419773102 -0.3398977220058441
-0.13418778777122498 -0.06905998289585114 -0.3398977220058441
0.05310540646314621 -0.16932915151119232 -0.4903950095176697
-0.41698959469795227 -0.029788225889205933 -0.34634914994239807
0.04208928346633911 0.18009324371814728 -0.3398977220058441
-0.31863299012184143 -0.07074132561683655 -0.4163350760936737
-0.024224916473031044 -0.1636379361152649 -0.4783468246459961
0.12934690713882446 -0.06852038949728012 -0.4925289452075958
-0.4286644160747528 -0.013972338289022446 -0.3691019117832184
-0.028726663440465927 -0.2053053081035614 -0.3398977220058441
-0.05497981235384941 -0.09000781923532486 -0.3398977220058441
-0.357915997505188 0.018442992120981216 -0.3398977220058441
0.04590239003300667 0.2381788045167923 -0.3398977220058441
0.16881312429904938 0.0650472566485405 -0.3398977220058441
-0.05857061967253685 0.30470260977745056 -0.4855201542377472
-0.30457597970962524 -0.045288171619176865 -0.45161619782447815
-0.43805792927742004 0.038379136472940445 -0.3398977220058441
-0.35747846961021423 -0.04877403751015663 -0.40465494990348816
-0.262256920337677 0.2584226131439209 -0.4569874703884125
-0.19642215967178345 -0.03496856242418289 -0.3398977220058441
0.04487140476703644 -0.14919623732566833 -0.3398977220058441
-0.0582672618329525 0.25788450241088867 -0.3398977220058441
-0.1246347427368164 0.2723464369773865 -0.3398977220058441
0.0072347200475633144 -0.18759557604789734 -0.3398977220058441
0.07677894830703735 0.17114335298538208 -0.49006187915802
-0.48994678258895874 0.10722430050373077 -0.3398977220058441
0.013347676955163479 0.22811459004878998 -0.4880715310573578
0.055898163467645645 -0.20066460967063904 -0.41160133481025696
-0.183243989944458 0.3379034698009491 -0.3638729155063629
0.01580548845231533 -0.1732536107301712 -0.3398977220058441
-0.4553980827331543 0.03349888324737549 -0.38990283012390137
-0.291891872882843 -0.1253448724746704 -0.3545144200325012
0.15490655601024628 -0.1013462245464325 -0.3658858835697174
0.08616375923156738 0.3359830975532532 -0.4808497130870819
-0.17661193013191223 -0.03184569627046585 -0.4887663424015045
0.17463693022727966 0.005102218594402075 -0.49186572432518005
-0.3306255340576172 0.22178944945335388 -0.43558141589164734
-0.04047461599111557 -0.036932699382305145 -0.49133187532424927
-0.28626710176467896 -0.040040548890829086 -0.3398977220058441
-0.20674929022789001 0.1648651510477066 -0.48667120933532715
-0.362413614988327 0.100933738052845 -0.3398977220058441
0.051950953900814056 0.34730783104896545 -0.47776809334754944
0.16499647498130798 0.209439218044281 -0.4890654981136322
0.0345577597618103 0.24576084315776825 -0.4878407120704651
-0.08975982666015625 0.1813199520111084 -0.3398977220058441
0.13806813955307007 0.3083759844303131 -0.42935606837272644
0.17463693022727966 -0.06033249571919441 -0.3725525438785553
-0.10943103581666946 0.0022357478737831116 -0.3398977220058441
0.06914323568344116 0.22700326144695282 -0.3398977220058441
0.03401936590671539 -0.07546241581439972 -0.4920410215854645
-0.036900799721479416 0.17527934908866882 -0.3398977220058441
0.17463693022727966 -0.0016138532664626837 -0.4871123433113098
0.10975167155265808 0.3051469027996063 -0.37472134828567505
0.02305903099477291 0.05215814337134361 -0.4913933277130127
-0.006653693970292807 -0.18510223925113678 -0.43979611992836
-0.005429341457784176 0.3562653362751007 -0.3834311068058014
-0.12991076707839966 0.008327075280249119 -0.4899912476539612
-0.004500222858041525 0.1425754427909851 -0.4899924397468567
-0.28457191586494446 -0.10883057117462158 -0.39584875106811523
0.17463693022727966 -0.08444278687238693 -0.4835078716278076
-0.351484090089798 0.24937908351421356 -0.3513231873512268
-0.08824275434017181 -0.16124609112739563 -0.45599642395973206
-0.2047182023525238 0.11381042003631592 -0.3398977220058441
-0.45072460174560547 -0.0005118029075674713 -0.3604404926300049
-0.2250290811061859 -0.07443281263113022 -0.3398977220058441
0.16613301634788513 0.03949692100286484 -0.492474228143692
-0.11798271536827087 0.3357519209384918 -0.42126181721687317
0.11939764767885208 0.22313469648361206 -0.3398977220058441
-0.07320411503314972 0.21847565472126007 -0.3398977220058441
-0.46454134583473206 0.1630285680294037 -0.3398977220058441
-0.30468127131462097 0.18865565955638885 -0.4646669328212738
-0.06698145717382431 0.3307383954524994 -0.3398977220058441
0.07220858335494995 0.28157752752304077 -0.48598161339759827
-0.10128982365131378 -0.017672646790742874 -0.49044328927993774
-0.21749013662338257 0.29801374673843384 -0.3398977220058441
-0.15233156085014343 0.08602847903966904 -0.48995736241340637
0.17463693022727966 0.007409442216157913 -0.4322991967201233
0.09432652592658997 -0.1840556114912033 -0.484891802072525
-0.39902132749557495 0.08014308661222458 -0.4434140920639038
-0.19593928754329681 0.19111493229866028 -0.3398977220058441
-0.03163148835301399 -0.058564722537994385 -0.4914844036102295
0.08180763572454453 0.23869332671165466 -0.4882473051548004
-0.015953566879034042 -0.20167207717895508 -0.38748860359191895
-0.029802344739437103 -0.1911686509847641 -0.41213205456733704
-0.26218268275260925 0.04430311545729637 -0.4861184060573578
-0.1565854549407959 -0.08904249221086502 -0.3398977220058441
0.11738067120313644 0.12137836962938309 -0.4911673069000244
0.028526078909635544 0.17032162845134735 -0.3398977220058441
0.17463693022727966 0.05385293439030647 -0.46401092410087585
-0.29800063371658325 0.25101009011268616 -0.3398977220058441
-0.044401150196790695 -0.19011636078357697 -0.4084784984588623
-0.3014667332172394 -0.015539633110165596 -0.3398977220058441
-0.43476739525794983 0.20021067559719086 -0.3513658046722412
-0.2960669994354248 -0.02600483037531376 -0.4663712680339813
-0.27285197377204895 0.09929069876670837 -0.4851577579975128
0.06123857945203781 -0.020013859495520592 -0.491990327835083
-0.14862240850925446 -0.1444547176361084 -0.3398977220058441
-0.11170342564582825 -0.15658250451087952 -0.4558001458644867
-3.971271144109778e-05 -0.10719360411167145 -0.491903156042099
0.012178979814052582 -0.20757165551185608 -0.34158629179000854
-0.4303547739982605 0.20414258539676666 -0.3459080755710602
-0.32177838683128357 0.07696904242038727 -0.4795864522457123
-0.28026214241981506 -0.05079589784145355 -0.4638598561286926
-0.12699374556541443 -0.19235335290431976 -0.35463136434555054
0.01926143653690815 0.3585110604763031 -0.4458947777748108
-0.21055175364017487 0.002210234757512808 -0.3398977220058441
-0.06810332834720612 -0.019036853685975075 -0.3398977220058441
-0.22199754416942596 -0.026399441063404083 -0.3398977220058441
-0.2995023727416992 0.23147329688072205 -0.450265109539032
-0.02239440754055977 -0.060760993510484695 -0.49156850576400757
-0.1582283079624176 0.34866151213645935 -0.35852041840553284
-0.2258727103471756 -0.09438524395227432 -0.47344115376472473
0.13741110265254974 0.203687384724617 -0.3398977220058441
0.1460588574409485 -0.15994888544082642 -0.43960100412368774
0.13083164393901825 -0.15452179312705994 -0.49249839782714844
-0.076691634953022 -0.022358976304531097 -0.3398977220058441
0.17463693022727966 0.08744580298662186 -0.34741899371147156
0.17463693022727966 0.14435350894927979 -0.3722762167453766
-0.3287062346935272 -0.09740360081195831 -0.351250022649765
-0.21277205646038055 -0.08763235807418823 -0.4824923276901245
-0.07010923326015472 0.057311855256557465 -0.4906981587409973
-0.4870228171348572 0.056136224418878555 -0.3414558172225952
-0.09674965590238571 0.24117697775363922 -0.3398977220058441
-0.25591886043548584 0.3058457672595978 -0.34617212414741516
0.09788688272237778 -0.18542101979255676 -0.41799792647361755
0.041652146726846695 0.3113268315792084 -0.3398977220058441
0.0643729418516159 -0.057161420583724976 -0.3398977220058441
0.17463693022727966 -0.0953361839056015 -0.47185084223747253
-0.42419713735580444 0.15296070277690887 -0.3398977220058441
0.17463693022727966 0.15371514856815338 -0.3989751935005188
0.17463693022727966 0.2514732778072357 -0.43813449144363403
0.11794713884592056 0.23124930262565613 -0.4883789122104645
-0.07139161229133606 0.07633586972951889 -0.49058714509010315
-0.30069515109062195 -0.04188799113035202 -0.3398977220058441
-0.39377671480178833 -0.03289547935128212 -0.3853859603404999
0.025953730568289757 0.09772661328315735 -0.49090903997421265
-0.13509178161621094 0.11153702437877655 -0.48951783776283264
-0.029170066118240356 0.34017226099967957 -0.4692282974720001
-0.011482072062790394 -0.1771063655614853 -0.3398977220058441
-0.019330240786075592 0.351679265499115 -0.4487117528915405
0.16478858888149261 0.10331518203020096 -0.4916764795780182
-0.1341688334941864 0.35436567664146423 -0.3398977220058441
-0.011648699641227722 0.07555884122848511 -0.3398977220058441
-0.2660854160785675 0.25063446164131165 -0.45997869968414307
-0.3909069895744324 -0.013940215110778809 -0.41179800033569336
-0.05400722473859787 0.025353947654366493 -0.3398977220058441
-0.31602874398231506 0.26480916142463684 -0.3680189549922943
-0.2834121882915497 0.2211276888847351 -0.4648425579071045
0.039500217884778976 0.35711368918418884 -0.44100573658943176
-0.18859823048114777 0.10867483168840408 -0.4884048402309418
-0.08531427383422852 0.22765380144119263 -0.3398977220058441
0.17463693022727966 0.24364066123962402 -0.4475710690021515
-0.1007208377122879 0.2700744867324829 -0.48595279455184937
-0.15876536071300507 0.1259569227695465 -0.48891720175743103
0.13479164242744446 0.24081890285015106 -0.48767659068107605
0.17463693022727966 0.17846542596817017 -0.3494521379470825
-0.18434898555278778 -0.1801704317331314 -0.3459649980068207
-0.33330658078193665 0.18599890172481537 -0.3398977220058441
-0.28598010540008545 0.07345583289861679 -0.48457592725753784
-0.19206561148166656 -0.10324958711862564 -0.3398977220058441
-0.17195658385753632 0.26521116495132446 -0.48535990715026855
-0.2815030813217163 0.2024943083524704 -0.4708540141582489
-0.3276754319667816 0.2537139356136322 -0.3398977220058441
0.09163488447666168 0.34402233362197876 -0.45818865299224854
-0.16470761597156525 0.317898690700531 -0.43231824040412903
0.15664231777191162 0.27450719475746155 -0.351224809885025
-0.16033834218978882 0.2886178195476532 -0.3398977220058441
0.17463693022727966 0.08419067412614822 -0.410816490650177
0.08813054114580154 -0.07859179377555847 -0.49244534969329834
-0.3749614655971527 0.07174543291330338 -0.3398977220058441
0.08957964181900024 -0.0510963499546051 -0.4923332929611206
-0.0906580239534378 0.13127699494361877 -0.48945510387420654
-0.26086553931236267 0.3026048541069031 -0.34764307737350464
-0.007863204926252365 0.034919269382953644 -0.3398977220058441
0.10152007639408112 -0.14341740310192108 -0.35257670283317566
-0.0846497118473053 0.15344057977199554 -0.48897045850753784
0.0904039517045021 -0.19034351408481598 -0.42228880524635315
0.16268953680992126 0.041725628077983856 -0.4924258887767792
-0.0692409798502922 0.352120578289032 -0.4134538769721985
0.13671165704727173 -0.042154353111982346 -0.49253594875335693
-0.08572608232498169 -0.08208342641592026 -0.4904042184352875
-0.3187859356403351 -0.10075472295284271 -0.3641139566898346
-0.2375318855047226 -0.11918498575687408 -0.3398977220058441
0.05680441856384277 0.3230845332145691 -0.3642919659614563
-0.40509724617004395 0.1932409554719925 -0.3398977220058441
-0.3410206735134125 0.21153701841831207 -0.43548306822776794
-0.08529017865657806 0.14508658647537231 -0.4891684651374817
-0.1724538505077362 0.20769011974334717 -0.4867708384990692
-0.31902191042900085 -0.0304697435349226 -0.3398977220058441
0.17463693022727966 0.014560641720890999 -0.37023770809173584
-0.3106593191623688 0.24917960166931152 -0.4222848117351532
-0.3373812735080719 -0.09076584130525589 -0.35073792934417725
-0.24418720602989197 0.020816965028643608 -0.48688507080078125
-0.4505769610404968 0.0783572793006897 -0.40636807680130005
-0.0752754881978035 -0.009325230494141579 -0.49094489216804504
-0.455326646566391 0.13799503445625305 -0.3968217968940735
0.011204227805137634 -0.0978250727057457 -0.3398977220058441
0.07162512838840485 0.18334262073040009 -0.3398977220058441
0.08686552196741104 0.051710791885852814 -0.4918454587459564
0.14073126018047333 -0.012245219200849533 -0.4925292432308197
-0.29827702045440674 0.17403598129749298 -0.4707292914390564
-0.06544233858585358 0.0621783621609211 -0.49071016907691956
-0.1962156742811203 0.12267079204320908 -0.4878816306591034
0.1430951952934265 0.21415364742279053 -0.48910048604011536
-0.18825209140777588 -0.1747172772884369 -0.36930301785469055
-0.4466957151889801 0.03835851326584816 -0.40164345502853394
-0.024734964594244957 -0.17638930678367615 -0.4509596824645996
-0.1758955866098404 0.2230837196111679 -0.48634108901023865
0.17463693022727966 0.21615716814994812 -0.4478795826435089
-0.06022929400205612 -0.20070673525333405 -0.36939144134521484
-0.19703064858913422 -0.062038175761699677 -0.3398977220058441
0.12174881994724274 0.3148891031742096 -0.41606277227401733
-0.14015360176563263 0.15203207731246948 -0.4884708821773529
0.06623070687055588 -0.09425824135541916 -0.49235716462135315
0.14516004920005798 -0.009856302291154861 -0.3398977220058441
-0.3347567021846771 0.1764736920595169 -0.4550054967403412
-0.38520193099975586 0.07362836599349976 -0.45004209876060486
-0.08440466970205307 0.23663434386253357 -0.3398977220058441
0.17463693022727966 -0.10667502880096436 -0.4109652042388916
0.07728109508752823 -0.04664855822920799 -0.4922247529029846
0.17463693022727966 0.15346086025238037 -0.48654958605766296
0.17463693022727966 0.25302472710609436 -0.4132058918476105
-0.05267392098903656 -0.13039630651474 -0.4907979965209961
-0.10006555169820786 0.11555920541286469 -0.3398977220058441
-0.4097576439380646 0.1482202410697937 -0.3398977220058441
-0.4068600535392761 -0.022336730733513832 -0.3864612579345703
0.1533227264881134 0.17532634735107422 -0.3398977220058441
-0.20771588385105133 -0.11946358531713486 -0.3398977220058441
0.17463693022727966 0.12846338748931885 -0.44297605752944946
0.11071570962667465 -0.1565689891576767 -0.3848641514778137
0.12808038294315338 0.2385270744562149 -0.3398977220058441
-0.41042613983154297 -0.031713925302028656 -0.3398977220058441
0.055792976170778275 0.03301762416958809 -0.3398977220058441
-0.23313981294631958 0.0534086637198925 -0.3398977220058441
0.3027075529098511 -0.0460706427693367 0.2823562026023865
0.322415292263031 -0.045499660074710846 0.19646941125392914
0.3257938325405121 -0.045499660074710846 0.1600920557975769
0.3852958381175995 -0.052478138357400894 0.26914557814598083
0.3510635197162628 -0.09469479322433472 0.26530933380126953
0.38389623165130615 -0.06914577633142471 0.31511563062667847
0.386236310005188 -0.04889371246099472 0.2824937403202057
0.36824992299079895 -0.04832359030842781 0.31978917121887207
0.33163022994995117 -0.045499660074710846 0.2850361168384552
0.35143327713012695 -0.07487694919109344 0.18969391286373138
0.3647441565990448 -0.09469479322433472 0.27253931760787964
0.37134048342704773 -0.0847768560051918 0.33869078755378723
0.3678683936595917 -0.09469479322433472 0.31243669986724854
0.33713865280151367 -0.045499660074710846 0.30734068155288696
0.32663553953170776 -0.09469479322433472 0.23085622489452362
0.29702839255332947 -0.09469479322433472 0.2941634953022003
0.3683426082134247 -0.05219126120209694 0.2057020217180252
0.3248289227485657 -0.07700065523386002 0.3309132158756256
0.3808673620223999 -0.07411659508943558 0.3224126696586609
0.3384210765361786 -0.09469479322433472 0.3449254631996155
0.3647337853908539 -0.09205195307731628 0.22933070361614227
0.379337340593338 -0.09469479322433472 0.30108141899108887
0.29730284214019775 -0.09469479322433472 0.2774462401866913
0.3293426036834717 -0.045499660074710846 0.25299614667892456
0.3168572187423706 -0.045499660074710846 0.18300172686576843
0.31840673089027405 -0.09469479322433472 0.23846402764320374
0.35550543665885925 -0.045499660074710846 0.19114835560321808
0.32092779874801636 -0.08858632296323776 0.20973707735538483
0.38255348801612854 -0.0806419625878334 0.2601870596408844
0.3486115634441376 -0.09469479322433472 0.2662774622440338
0.3072185516357422 -0.07204172015190125 0.308170348405838
0.34019389748573303 -0.09469479322433472 0.2978317141532898
0.32952380180358887 -0.045499660074710846 0.2579416334629059
0.35416460037231445 -0.045499660074710846 0.22251929342746735
0.3575156331062317 -0.045499660074710846 0.2887883484363556
0.3060562312602997 -0.05400954186916351 0.29417145252227783
0.30513817071914673 -0.08846954256296158 0.219586580991745
0.2929075360298157 -0.09227441996335983 0.25818192958831787
0.3657815456390381 -0.05623955652117729 0.19989201426506042
0.3864215314388275 -0.05763296037912369 0.27753913402557373
0.31267935037612915 -0.045499660074710846 0.19583792984485626
0.31542837619781494 -0.045499660074710846 0.16416466236114502
0.3754948079586029 -0.045499660074710846 0.24454475939273834
0.34907248616218567 -0.045499660074710846 0.23701328039169312
0.31143736839294434 -0.045499660074710846 0.2242003083229065
0.3641653060913086 -0.05765552073717117 0.32722750306129456
0.36282777786254883 -0.04629625752568245 0.18758302927017212
0.38602709770202637 -0.08038269728422165 0.2744212746620178
0.3038378059864044 -0.045499660074710846 0.25715458393096924
0.35054925084114075 -0.04561714455485344 0.1520184725522995
0.3311309814453125 -0.09469479322433472 0.22771835327148438
0.3868640661239624 -0.05492866784334183 0.2857710123062134
0.31807494163513184 -0.04626346752047539 0.13924436271190643
0.3172508478164673 -0.07823691517114639 0.1935376226902008
0.35513249039649963 -0.09469479322433472 0.3122137188911438
0.3039338290691376 -0.045499660074710846 0.1933772712945938
0.3423011600971222 -0.08325131237506866 0.20020289719104767
0.30702316761016846 -0.09469479322433472 0.30594760179519653
0.3366489112377167 -0.045499660074710846 0.2555665969848633
0.3853186368942261 -0.06570357084274292 0.26665493845939636
0.33065617084503174 -0.09469479322433472 0.30672043561935425
0.32479965686798096 -0.045499660074710846 0.2391803115606308
0.38558971881866455 -0.09004711359739304 0.2768441140651703
0.38325607776641846 -0.061471134424209595 0.25469937920570374
0.3885723054409027 -0.084368035197258 0.2901519536972046
0.3691185712814331 -0.09469479322433472 0.27659913897514343
0.35058528184890747 -0.045499660074710846 0.2755872309207916
0.36833667755126953 -0.045499660074710846 0.3085162043571472
0.34301289916038513 -0.09469479322433472 0.33829277753829956
0.3873348534107208 -0.06813882291316986 0.28306692838668823
0.362231969833374 -0.05027676373720169 0.1873975694179535
0.292941153049469 -0.08022944629192352 0.28017908334732056
0.29674232006073 -0.09469479322433472 0.28606975078582764
0.3745173215866089 -0.06302152574062347 0.32303082942962646
0.3734009265899658 -0.07774917036294937 0.2300548255443573
0.3036009967327118 -0.060491032898426056 0.2939954698085785
0.3336782455444336 -0.09469479322433472 0.22884009778499603
0.32897159457206726 -0.09469479322433472 0.23781386017799377
0.33847907185554504 -0.09469479322433472 0.32487356662750244
0.361258864402771 -0.05727795138955116 0.18728666007518768
0.3185882568359375 -0.09469479322433472 0.3090618848800659
0.3739640414714813 -0.08042403310537338 0.23270055651664734
0.3665292263031006 -0.09309946000576019 0.23307056725025177
0.3380536139011383 -0.08588752150535583 0.20397405326366425
0.3010520040988922 -0.05226229503750801 0.28349390625953674
0.2951821982860565 -0.05824694037437439 0.2273838222026825
0.36680659651756287 -0.060844648629426956 0.20460672676563263
0.30063167214393616 -0.09469479322433472 0.2631622552871704
0.34997838735580444 -0.09469479322433472 0.2467261552810669
0.3333900570869446 -0.09153053909540176 0.21316282451152802
0.37479066848754883 -0.048373956233263016 0.3137872815132141
0.3014480471611023 -0.09469479322433472 0.24863244593143463
0.328959584236145 -0.09469479322433472 0.2190474271774292
0.3414870798587799 -0.045499660074710846 0.15393397212028503
0.3647213280200958 -0.09469479322433472 0.3255210518836975
0.3057094216346741 -0.06593365222215652 0.18624311685562134
0.34949880838394165 -0.06881172209978104 0.17859476804733276
0.32479333877563477 -0.07783373445272446 0.1910112351179123
0.3130062222480774 -0.045499660074710846 0.2170027196407318
0.3638550341129303 -0.045499660074710846 0.19924908876419067
0.3573181927204132 -0.045499660074710846 0.23490294814109802
0.33445003628730774 -0.045499660074710846 0.31655946373939514
0.31312039494514465 -0.06553475558757782 0.17349614202976227
0.3850894570350647 -0.08522603660821915 0.27266794443130493
0.3794953525066376 -0.06706412136554718 0.24347713589668274
0.2922624945640564 -0.06537517160177231 0.2630232572555542
0.35265809297561646 -0.045499660074710846 0.3217167258262634
0.2922176718711853 -0.05211559683084488 0.25085553526878357
0.3803986608982086 -0.09469479322433472 0.2640087902545929
0.33681589365005493 -0.045499660074710846 0.30639955401420593
0.30967167019844055 -0.07772095501422882 0.31514257192611694
0.29228729009628296 -0.05711553618311882 0.25573936104774475
0.3632812201976776 -0.045499660074710846 0.18948112428188324
0.3775289058685303 -0.09469479322433472 0.30249643325805664
0.29702824354171753 -0.06186547502875328 0.2824811637401581
0.30627909302711487 -0.09063417464494705 0.22171907126903534
0.3209681510925293 -0.045499660074710846 0.2577798664569855
0.32943668961524963 -0.045499660074710846 0.24188554286956787
0.3083648979663849 -0.045499660074710846 0.2813158929347992
0.2958371341228485 -0.057406727224588394 0.224150151014328
0.3314054310321808 -0.045499660074710846 0.16818936169147491
0.35328516364097595 -0.09469479322433472 0.23676417768001556
0.3016389012336731 -0.09190419316291809 0.3119524419307709
0.30574220418930054 -0.045499660074710846 0.17776980996131897
0.3174344003200531 -0.045499660074710846 0.2195211797952652
0.3428618907928467 -0.045499660074710846 0.2709803581237793
0.38651150465011597 -0.05116153508424759 0.282560795545578
0.32855409383773804 -0.054708901792764664 0.3212404251098633
0.35502782464027405 -0.045499660074710846 0.2898787558078766
0.3083716630935669 -0.08907110244035721 0.21664878726005554
0.3657427728176117 -0.08156369626522064 0.2161450833082199
0.3420129716396332 -0.045499660074710846 0.1806596964597702
0.37500786781311035 -0.09019911289215088 0.24108587205410004
0.316148966550827 -0.045499660074710846 0.18921980261802673
0.37237364053726196 -0.04906664043664932 0.21609310805797577
0.29902511835098267 -0.07508482038974762 0.21954095363616943
0.36115965247154236 -0.06714863330125809 0.19078963994979858
0.3892713487148285 -0.09469479322433472 0.3136475384235382
0.3491056561470032 -0.09469479322433472 0.262910932302475
0.31410104036331177 -0.045499660074710846 0.28861361742019653
0.370443195104599 -0.045499660074710846 0.30421751737594604
0.299417644739151 -0.06439536809921265 0.21239417791366577
0.31969407200813293 -0.07265409082174301 0.18295739591121674
0.38533103466033936 -0.06341153383255005 0.30590760707855225
0.34512314200401306 -0.09469479322433472 0.3473639488220215
0.32556700706481934 -0.045499660074710846 0.2352619171142578
0.3257807195186615 -0.09469479322433472 0.33651912212371826
0.3756118416786194 -0.09469479322433472 0.2573080360889435
0.30860090255737305 -0.09469479322433472 0.28660866618156433
0.3393738567829132 -0.09469479322433472 0.33760032057762146
0.32984259724617004 -0.09469479322433472 0.276039719581604
0.3036898970603943 -0.0815431997179985 0.21028615534305573
0.32039400935173035 -0.09469479322433472 0.23982764780521393
0.3894403576850891 -0.08598088473081589 0.30788251757621765
0.32242724299430847 -0.07759114354848862 0.19076359272003174
0.3264627754688263 -0.045499660074710846 0.3070783019065857
0.3097245991230011 -0.09469479322433472 0.29988592863082886
0.3878955841064453 -0.06688763946294785 0.29286664724349976
0.3892725706100464 -0.09408645331859589 0.2940756380558014
0.3589869439601898 -0.09469479322433472 0.31783661246299744
0.2987942397594452 -0.09469479322433472 0.28448960185050964
0.3358701467514038 -0.045499660074710846 0.312814325094223
0.3003278970718384 -0.045499660074710846 0.2444157898426056
0.32780230045318604 -0.05161008983850479 0.3185664415359497
0.3314768671989441 -0.045499660074710846 0.28654831647872925
0.29165807366371155 -0.07124880701303482 0.26491209864616394
0.31147390604019165 -0.05372728407382965 0.15600144863128662
0.2938043773174286 -0.08169734477996826 0.28614965081214905
0.3049575388431549 -0.06667345762252808 0.18984048068523407
0.38788583874702454 -0.06636758893728256 0.2943384349346161
0.29629021883010864 -0.045499660074710846 0.26017263531684875
0.3175399899482727 -0.045499660074710846 0.2606073021888733
0.37052541971206665 -0.09469479322433472 0.26972833275794983
0.309372216463089 -0.045499660074710846 0.2823759615421295
0.31564387679100037 -0.09469479322433472 0.2541140019893646
0.31526127457618713 -0.055705584585666656 0.3079679012298584
0.35585328936576843 -0.045499660074710846 0.31091853976249695
0.3713531196117401 -0.09469479322433472 0.3289010524749756
0.3729945719242096 -0.05395349860191345 0.2197539508342743
0.34063130617141724 -0.045499660074710846 0.1591811627149582
0.3214651942253113 -0.09469479322433472 0.30515000224113464
0.3275858163833618 -0.0535215362906456 0.1512039452791214
0.35564789175987244 -0.06608547270298004 0.33516359329223633
0.3150290250778198 -0.08502271771430969 0.3252299129962921
0.31274768710136414 -0.045499660074710846 0.19072064757347107
0.3817833960056305 -0.08733338117599487 0.3288874626159668
0.3660530745983124 -0.09469479322433472 0.27267205715179443
0.2925238609313965 -0.07809101045131683 0.254102498292923
0.366032212972641 -0.045499660074710846 0.30995938181877136
0.3359752893447876 -0.08920135349035263 0.20932289958000183
0.3876957595348358 -0.08184054493904114 0.28331470489501953
0.37800315022468567 -0.061690714210271835 0.23712442815303802
0.3671637177467346 -0.09469479322433472 0.26822224259376526
0.30710169672966003 -0.05047814920544624 0.29371416568756104
0.37092071771621704 -0.04896469786763191 0.21187645196914673
0.34313225746154785 -0.09469479322433472 0.22021977603435516
0.3439006507396698 -0.09469479322433472 0.29182690382003784
0.29400452971458435 -0.04892836511135101 0.2305358499288559
0.3577970564365387 -0.06887789815664291 0.18751798570156097
0.3467996120452881 -0.045499660074710846 0.17925342917442322
0.3088204562664032 -0.05622303858399391 0.16795778274536133
0.37294673919677734 -0.045499660074710846 0.22020532190799713
0.3285485506057739 -0.07827890664339066 0.3347928524017334
0.30447956919670105 -0.06721171736717224 0.19216212630271912
0.29529470205307007 -0.07240600883960724 0.2846798598766327
0.37878406047821045 -0.045499660074710846 0.268395334482193
0.3677438497543335 -0.09050381183624268 0.231230229139328
0.36795416474342346 -0.045499660074710846 0.27809005975723267
0.3056372404098511 -0.05934527516365051 0.18318307399749756
0.3666241765022278 -0.08678939938545227 0.22455500066280365
0.38633882999420166 -0.06938973069190979 0.27446186542510986
0.3534412682056427 -0.09416362643241882 0.22203847765922546
0.33440616726875305 -0.045499660074710846 0.17325861752033234
0.30859771370887756 -0.045499660074710846 0.23217332363128662
0.29535767436027527 -0.058460984379053116 0.22674204409122467
0.30569741129875183 -0.045499660074710846 0.27132105827331543
0.2952459156513214 -0.05210854485630989 0.26558518409729004
0.35523924231529236 -0.09469479322433472 0.2840350568294525
0.3878607153892517 -0.08335183560848236 0.2843915522098541
0.29210740327835083 -0.058090608566999435 0.24804560840129852
0.34188053011894226 -0.07883885502815247 0.19279102981090546
0.32195329666137695 -0.069901242852211 0.32359933853149414
0.38724377751350403 -0.07680056244134903 0.31000953912734985
0.38395488262176514 -0.0937231108546257 0.2720457911491394
0.31515341997146606 -0.045499660074710846 0.2043885439634323
0.35273921489715576 -0.09469479322433472 0.2912408113479614
0.34885045886039734 -0.045499660074710846 0.16936081647872925
0.3577810525894165 -0.055008430033922195 0.17641600966453552
0.33847343921661377 -0.09469479322433472 0.2440226972103119
0.3312632441520691 -0.045499660074710846 0.195522278547287
0.35194018483161926 -0.048729777336120605 0.15721233189105988
0.3610425293445587 -0.04694931209087372 0.32259130477905273
0.2939319610595703 -0.07446128875017166 0.24282723665237427
0.3243754208087921 -0.06757576763629913 0.1740277260541916
0.3109639883041382 -0.08776308596134186 0.2124781608581543
0.2933926582336426 -0.06489872187376022 0.2419828474521637
0.3376970589160919 -0.045499660074710846 0.30167609453201294
0.32183516025543213 -0.045499660074710846 0.2518083453178406
0.3556508719921112 -0.045499660074710846 0.2067590206861496
0.2941611409187317 -0.07998456060886383 0.24387408792972565
0.3729684352874756 -0.045499660074710846 0.22900870442390442
0.2922722399234772 -0.05966624990105629 0.25794729590415955
0.34177249670028687 -0.09469479322433472 0.3194939196109772
0.3866611421108246 -0.06269244104623795 0.2785223722457886
0.30086517333984375 -0.06641816347837448 0.20723117887973785
0.3608219623565674 -0.045499660074710846 0.2656453251838684
0.31132766604423523 -0.045499660074710846 0.2063855081796646
0.37390947341918945 -0.07874695956707001 0.3332691788673401
0.34670552611351013 -0.09469479322433472 0.2675398290157318
0.35046079754829407 -0.045499660074710846 0.21157914400100708
0.30905890464782715 -0.07448122650384903 0.19213470816612244
0.3732834458351135 -0.04729194939136505 0.21802788972854614
0.325708270072937 -0.045499660074710846 0.23401930928230286
0.32950299978256226 -0.045499660074710846 0.29192471504211426
0.29163268208503723 -0.06809496879577637 0.26193538308143616
0.32196179032325745 -0.09469479322433472 0.2733839452266693
0.3021527826786041 -0.05588117986917496 0.2880740463733673
0.3361753523349762 -0.08492578566074371 0.20237848162651062
0.32720479369163513 -0.09469479322433472 0.29212597012519836
0.35441792011260986 -0.045499660074710846 0.21591565012931824
0.34581246972084045 -0.045499660074710846 0.16131338477134705
0.316046804189682 -0.09469479322433472 0.29984819889068604
0.3256339430809021 -0.045499660074710846 0.23634783923625946
0.30594784021377563 -0.05081598088145256 0.29176318645477295
0.33393391966819763 -0.09469479322433472 0.27972212433815
0.3325694799423218 -0.07036609202623367 0.33245208859443665
0.3391481339931488 -0.045499660074710846 0.3140564262866974
0.29753267765045166 -0.09469479322433472 0.24735760688781738
0.37442365288734436 -0.09469479322433472 0.3189085125923157
0.37216219305992126 -0.045499660074710846 0.2506105899810791
0.30085164308547974 -0.045499660074710846 0.25897011160850525
0.35775139927864075 -0.09469479322433472 0.2739628851413727
0.32128286361694336 -0.08416479080915451 0.2020137757062912
0.29176637530326843 -0.07835923880338669 0.2593923509120941
0.29902681708335876 -0.09469479322433472 0.25648030638694763
0.3379265069961548 -0.05333859845995903 0.325682669878006
0.38998687267303467 -0.09355756640434265 0.3058297634124756
0.3308320939540863 -0.0498858205974102 0.14535392820835114
0.3240291476249695 -0.045499660074710846 0.27030420303344727
0.2931613624095917 -0.045499660074710846 0.24294568598270416
0.3331223428249359 -0.08383524417877197 0.2005557417869568
0.38753774762153625 -0.06321357190608978 0.28828465938568115
0.31990185379981995 -0.045499660074710846 0.15834107995033264
0.29334232211112976 -0.07591170072555542 0.24751582741737366
0.3401947021484375 -0.09469479322433472 0.27012890577316284
0.32348039746284485 -0.06291579455137253 0.16639739274978638
0.33444198966026306 -0.09401635825634003 0.21721629798412323
0.2920284867286682 -0.09094323217868805 0.2635253071784973
0.3425987660884857 -0.09469479322433472 0.345553994178772
0.316287636756897 -0.07478853315114975 0.18803086876869202
0.3744753897190094 -0.09469479322433472 0.2466663420200348
0.38262230157852173 -0.08384069800376892 0.32585814595222473
0.31501826643943787 -0.08307825028896332 0.2027624398469925
0.370602548122406 -0.254920095205307 0.3042070269584656
0.2926073968410492 -0.3631562292575836 0.4272862672805786
0.39408427476882935 -0.1839711219072342 0.332614928483963
0.34354013204574585 -0.35289904475212097 0.4086668789386749
0.2884884178638458 -0.31507596373558044 0.3386213481426239
0.35632726550102234 -0.2214665710926056 0.4071643352508545
0.3232876658439636 -0.3724941909313202 0.436457097530365
0.34762147068977356 -0.2933647930622101 0.28382608294487
0.31548014283180237 -0.29319387674331665 0.28147414326667786
0.32730939984321594 -0.16446518898010254 0.2358398735523224
0.28332459926605225 -0.3784523904323578 0.38543328642845154
0.3907774090766907 -0.2270936667919159 0.3397441804409027
0.3106752634048462 -0.25841477513313293 0.4025643467903137
0.30199506878852844 -0.1447044163942337 0.3415853679180145
0.31241485476493835 -0.2907314896583557 0.2845631539821625
0.340787410736084 -0.16951574385166168 0.3825821876525879
0.37199148535728455 -0.27552875876426697 0.32592159509658813
0.38658180832862854 -0.1887630671262741 0.3097952902317047
0.3654453456401825 -0.09469479322433472 0.3109806478023529
0.29425209760665894 -0.18022938072681427 0.34606581926345825
0.29848921298980713 -0.2922608554363251 0.40559646487236023
0.3706817030906677 -0.09469479322433472 0.2935985326766968
0.39465585350990295 -0.14962728321552277 0.3359328508377075
0.3079948127269745 -0.32303205132484436 0.3017440736293793
0.37561073899269104 -0.30158206820487976 0.36892494559288025
0.2896961569786072 -0.28444790840148926 0.3848409950733185
0.36641308665275574 -0.24857088923454285 0.2871837317943573
0.35515591502189636 -0.09469479322433472 0.24965208768844604
0.3378148376941681 -0.36085212230682373 0.4280131757259369
0.3875749111175537 -0.20864681899547577 0.32172149419784546
0.3563838601112366 -0.14781758189201355 0.3755291998386383
0.31925591826438904 -0.2904652953147888 0.42446231842041016
0.3947608470916748 -0.18251439929008484 0.33497247099876404
0.2840746343135834 -0.3218810558319092 0.3617432713508606
0.39081281423568726 -0.10556022822856903 0.3073090612888336
0.2984006404876709 -0.1312284916639328 0.3302721679210663
0.36917826533317566 -0.32942110300064087 0.4081043303012848
0.30692654848098755 -0.3821713328361511 0.4114362597465515
0.33141058683395386 -0.3048022985458374 0.27692046761512756
0.30635949969291687 -0.21558886766433716 0.2660793364048004
0.3077855110168457 -0.1860063672065735 0.2544439733028412
0.36824387311935425 -0.16281898319721222 0.25145262479782104
0.3203500807285309 -0.18626117706298828 0.3789711594581604
0.3669412434101105 -0.12448977679014206 0.36080262064933777
0.3013644814491272 -0.27114084362983704 0.29197797179222107
0.3051382899284363 -0.09469479322433472 0.30559056997299194
0.3861831724643707 -0.15929991006851196 0.29771149158477783
0.29615166783332825 -0.09469479322433472 0.24508294463157654
0.306566059589386 -0.28901851177215576 0.2915470600128174
0.30003252625465393 -0.3010307848453522 0.3043562173843384
0.2953859567642212 -0.1036771759390831 0.30825963616371155
0.36121562123298645 -0.2040395438671112 0.4000144898891449
0.31216561794281006 -0.13252848386764526 0.3476235866546631
0.28883394598960876 -0.18162433803081512 0.33279678225517273
0.2999122738838196 -0.3520459830760956 0.32547008991241455
0.37125712633132935 -0.3196567893028259 0.386318176984787
0.31783396005630493 -0.3632219433784485 0.3407612144947052
0.3176400661468506 -0.21428579092025757 0.25356975197792053
0.3968449532985687 -0.25538477301597595 0.37882083654403687
0.36725693941116333 -0.33335423469543457 0.4160321056842804
0.29004141688346863 -0.3143375813961029 0.3327575623989105
0.350605309009552 -0.28054702281951904 0.43206852674484253
0.3875887393951416 -0.09920736402273178 0.324735552072525
0.3087601661682129 -0.12057801336050034 0.33922603726387024
0.29106375575065613 -0.3362962007522583 0.3367016613483429
0.35193368792533875 -0.34689128398895264 0.41613447666168213
0.3145565390586853 -0.09469479322433472 0.2612493634223938
0.34892740845680237 -0.348354309797287 0.45551732182502747
0.3956732749938965 -0.17889821529388428 0.33777862787246704
0.29761120676994324 -0.261088490486145 0.2945125997066498
0.3316706717014313 -0.21892672777175903 0.24834078550338745
0.29979127645492554 -0.24251335859298706 0.3841833770275116
0.2921302318572998 -0.358095645904541 0.34085798263549805
0.39215087890625 -0.1457761526107788 0.34364092350006104
0.37195104360580444 -0.0971454605460167 0.3445935547351837
0.3224547207355499 -0.1708361804485321 0.23955664038658142
0.36145681142807007 -0.28626400232315063 0.3098743259906769
0.36054527759552 -0.27088624238967896 0.4286825358867645
0.39073535799980164 -0.13133317232131958 0.33777952194213867
0.28787556290626526 -0.18140538036823273 0.2978396713733673
0.35126957297325134 -0.16792485117912292 0.2365497499704361
0.3462491035461426 -0.3424259126186371 0.3712643086910248
0.2917005717754364 -0.284902960062027 0.31659823656082153
0.3423492908477783 -0.1539371758699417 0.23197416961193085
0.292551189661026 -0.21982267498970032 0.2914157509803772
0.314238578081131 -0.23675066232681274 0.3960760533809662
0.3187040686607361 -0.09469479322433472 0.26329073309898376
0.3036295175552368 -0.09469479322433472 0.27393144369125366
0.3407025635242462 -0.20266683399677277 0.39714932441711426
0.2853546440601349 -0.2976628243923187 0.344908744096756
0.2862693965435028 -0.2598990499973297 0.35710573196411133
0.31845563650131226 -0.3360905945301056 0.30104103684425354
0.3954869508743286 -0.198858380317688 0.341884970664978
0.2868516743183136 -0.32841357588768005 0.3986341953277588
0.2899846136569977 -0.1175830289721489 0.2771034836769104
0.3810383379459381 -0.09742047637701035 0.3356564939022064
0.28861820697784424 -0.12623396515846252 0.28633034229278564
0.3751002848148346 -0.11852602660655975 0.25187262892723083
0.38807204365730286 -0.2917921543121338 0.39026620984077454
0.3202114701271057 -0.09469479322433472 0.27921444177627563
0.334884375333786 -0.09469479322433472 0.2844940721988678
0.2881223261356354 -0.12887036800384521 0.30257564783096313
0.3669768273830414 -0.25348323583602905 0.42115655541419983
0.3844921290874481 -0.2153802067041397 0.31573331356048584
0.3334274888038635 -0.11236522346735 0.3537600636482239
0.3277661204338074 -0.2675759494304657 0.41936197876930237
0.3624982535839081 -0.27529701590538025 0.29964134097099304
0.2939954400062561 -0.21306881308555603 0.2843542993068695
0.3733752369880676 -0.2773507833480835 0.33144712448120117
0.3902176320552826 -0.18310438096523285 0.3190103769302368
0.33020350337028503 -0.13190579414367676 0.36100077629089355
0.3179861009120941 -0.36439770460128784 0.3450183868408203
0.3799939453601837 -0.18793633580207825 0.29010072350502014
0.2928744852542877 -0.3227694630622864 0.40915536880493164
0.29736384749412537 -0.158844992518425 0.341720849275589
0.360601544380188 -0.30675241351127625 0.4440899193286896
0.3259674310684204 -0.3644394874572754 0.3864561915397644
0.283841609954834 -0.3557666540145874 0.36964482069015503
0.3240061402320862 -0.3583694100379944 0.3463204503059387
0.38752350211143494 -0.11781775206327438 0.3368316888809204
0.3507501482963562 -0.28275537490844727 0.2767687141895294
0.2859649360179901 -0.23570343852043152 0.3401012122631073
0.3568100333213806 -0.28681111335754395 0.29846882820129395
0.3692794144153595 -0.20204083621501923 0.2650729715824127
0.35696613788604736 -0.3289582431316376 0.36596137285232544
0.31032565236091614 -0.36986222863197327 0.4490692615509033
0.38052165508270264 -0.2776954770088196 0.42706504464149475
0.29172489047050476 -0.19559933245182037 0.28579196333885193
0.3633654713630676 -0.33176735043525696 0.4522963762283325
0.3705502450466156 -0.31924867630004883 0.38367289304733276
0.34820669889450073 -0.3396722078323364 0.36916404962539673
0.3701596260070801 -0.3258449137210846 0.399852454662323
0.28626856207847595 -0.22592373192310333 0.3240238130092621
0.39960309863090515 -0.2480134218931198 0.3814752697944641
0.3948046565055847 -0.26705580949783325 0.3817097842693329
0.28755542635917664 -0.28037214279174805 0.377231627702713
0.2941438853740692 -0.38460811972618103 0.42239809036254883
0.3291119337081909 -0.11192154139280319 0.35136500000953674
0.3926069736480713 -0.1240256056189537 0.32390886545181274
0.28463491797447205 -0.2947051227092743 0.35587912797927856
0.3839813470840454 -0.18943487107753754 0.30247363448143005
0.3768063485622406 -0.18415501713752747 0.38497743010520935
0.3986121118068695 -0.27188196778297424 0.397720068693161
0.299882709980011 -0.3618951737880707 0.43893346190452576
0.35286596417427063 -0.2344210296869278 0.25081804394721985
0.35869333148002625 -0.3181549608707428 0.35041341185569763
0.2982334494590759 -0.19887186586856842 0.3616274893283844
0.3851954936981201 -0.09469479322433472 0.3220711946487427
0.332960307598114 -0.32874852418899536 0.4488391578197479
0.28657764196395874 -0.21980316936969757 0.31896352767944336
0.3452787399291992 -0.11157160252332687 0.35795170068740845
0.32439371943473816 -0.3655686378479004 0.3856978416442871
0.2910648584365845 -0.10543957352638245 0.29543471336364746
0.2930104732513428 -0.09875959903001785 0.2582962214946747
0.35522422194480896 -0.26964399218559265 0.27474910020828247
0.2959618866443634 -0.22296695411205292 0.28387174010276794
0.28750160336494446 -0.27272436022758484 0.37338772416114807
0.29897478222846985 -0.3842281103134155 0.42288973927497864
0.291280061006546 -0.14985628426074982 0.274528831243515
0.3484426736831665 -0.25371983647346497 0.2569078207015991
0.3308977484703064 -0.3678084909915924 0.441909521818161
0.30984771251678467 -0.3167620301246643 0.29711097478866577
0.31684085726737976 -0.32029077410697937 0.2919561266899109
0.4005807340145111 -0.2414601445198059 0.3838804364204407
0.3773063123226166 -0.3099846839904785 0.44090643525123596
0.39481431245803833 -0.21797147393226624 0.3471791446208954
0.30590543150901794 -0.18056514859199524 0.3634408712387085
0.37355372309684753 -0.13116802275180817 0.2523159086704254
0.3259523808956146 -0.35835692286491394 0.3529004156589508
0.38765132427215576 -0.1348385512828827 0.3471551537513733
0.3349153697490692 -0.09469479322433472 0.3355140686035156
0.3721424341201782 -0.23582622408866882 0.292081743478775
0.3755665421485901 -0.2817613184452057 0.34307238459587097
0.390163779258728 -0.23939625918865204 0.3472658097743988
0.3400571346282959 -0.12021803855895996 0.22417691349983215
0.34924671053886414 -0.20549379289150238 0.3998112082481384
0.28607362508773804 -0.2639356553554535 0.35688674449920654
0.3120083510875702 -0.20622128248214722 0.25633692741394043
0.3559955358505249 -0.33534637093544006 0.3818971812725067
0.29140937328338623 -0.2752356231212616 0.31422722339630127
0.2913998067378998 -0.29494160413742065 0.3211091160774231
0.29617175459861755 -0.3089316189289093 0.40958547592163086
0.3978387117385864 -0.28297096490859985 0.4094105660915375
0.3180750012397766 -0.18084904551506042 0.3745267987251282
0.32701343297958374 -0.1498328596353531 0.3673900365829468
0.3420221507549286 -0.34153881669044495 0.35416993498802185
0.3715081512928009 -0.23788931965827942 0.4122069478034973
0.30073660612106323 -0.13154999911785126 0.24526286125183105
0.38827812671661377 -0.31244534254074097 0.4188592731952667
0.3731743097305298 -0.23402707278728485 0.29372552037239075
0.2976891100406647 -0.18527790904045105 0.2669685184955597
0.3730855882167816 -0.09469479322433472 0.34175896644592285
0.3491745591163635 -0.10901167243719101 0.22381941974163055
0.3005094826221466 -0.2517740726470947 0.3895110785961151
0.3653237819671631 -0.2981970012187958 0.33709716796875
0.3510688245296478 -0.3435445725917816 0.4559834599494934
0.3115053176879883 -0.3649345636367798 0.44888582825660706
0.2974761128425598 -0.2807251811027527 0.30188634991645813
0.2947304844856262 -0.3089800179004669 0.4066215753555298
0.3089974820613861 -0.31361573934555054 0.2971019744873047
0.32119181752204895 -0.237409308552742 0.40251874923706055
0.32033973932266235 -0.32154014706611633 0.43908262252807617
0.36558088660240173 -0.33423882722854614 0.4126001298427582
0.33742445707321167 -0.3616456389427185 0.4309248626232147
0.3903234302997589 -0.2514069080352783 0.4060734510421753
0.2989247441291809 -0.10282088071107864 0.3143816590309143
0.2986258268356323 -0.2876778542995453 0.4036470353603363
0.35547900199890137 -0.19488532841205597 0.3956877291202545
0.3590572476387024 -0.3411741852760315 0.4188494086265564
0.3420385420322418 -0.3005428910255432 0.4396989643573761
0.30802756547927856 -0.30958425998687744 0.29693496227264404
0.32690536975860596 -0.3656432032585144 0.40016070008277893
0.34536972641944885 -0.3341667950153351 0.34409189224243164
0.28742465376853943 -0.2651497721672058 0.3252107799053192
0.30714619159698486 -0.29395633935928345 0.2925424575805664
0.31436461210250854 -0.13005855679512024 0.34849217534065247
0.28496772050857544 -0.3108261525630951 0.3688199818134308
0.38796892762184143 -0.13872092962265015 0.34886083006858826
0.3912925124168396 -0.10778326541185379 0.31461620330810547
0.29297375679016113 -0.2413814663887024 0.2974472939968109
0.3044620752334595 -0.11069483309984207 0.32782718539237976
0.3405036926269531 -0.3149789571762085 0.29790276288986206
0.3132304549217224 -0.3164858818054199 0.43073853850364685
0.35415199398994446 -0.21713469922542572 0.24770276248455048
0.31714117527008057 -0.3639358580112457 0.34067559242248535
0.2946893870830536 -0.11581151932477951 0.31492549180984497
0.3053731322288513 -0.30771854519844055 0.29972726106643677
0.39464977383613586 -0.17431014776229858 0.35616162419319153
0.3139898180961609 -0.31828072667121887 0.29279953241348267
0.35978376865386963 -0.2492469847202301 0.26955947279930115
0.37981364130973816 -0.2661187946796417 0.42200133204460144
0.3503032326698303 -0.34676671028137207 0.4064957797527313
0.33241453766822815 -0.1466694325208664 0.23047521710395813
0.39053159952163696 -0.1208791732788086 0.3043980002403259
0.39264145493507385 -0.15696200728416443 0.35009461641311646
0.28505727648735046 -0.31087422370910645 0.3699561059474945
0.30499374866485596 -0.29524025321006775 0.4139302968978882
0.33650287985801697 -0.09469479322433472 0.3463250398635864
0.3655710518360138 -0.30722108483314514 0.3512116074562073
0.3920903205871582 -0.1478409320116043 0.31653034687042236
0.2914421260356903 -0.12365874648094177 0.2675546109676361
0.33219271898269653 -0.33954063057899475 0.3188653886318207
0.3602807819843292 -0.15423309803009033 0.24019621312618256
0.3732081353664398 -0.2963968515396118 0.35520127415657043
0.3406698405742645 -0.3234383463859558 0.3121754229068756
0.36948317289352417 -0.2604760527610779 0.3059574067592621
0.3296705484390259 -0.2888755798339844 0.42967578768730164
0.306171715259552 -0.09469479322433472 0.319067120552063
0.29521995782852173 -0.16706086695194244 0.341979056596756
0.3858606219291687 -0.18585510551929474 0.30636200308799744
0.36154118180274963 -0.31910064816474915 0.4487859606742859
0.3780427575111389 -0.13380193710327148 0.2619991898536682
0.3382459580898285 -0.09469479322433472 0.2933732867240906
0.34578937292099 -0.3382396697998047 0.35677704215049744
0.2989951968193054 -0.2808726727962494 0.2990337014198303
0.36341777443885803 -0.09469479322433472 0.2431216686964035
0.2940935492515564 -0.34048834443092346 0.41987863183021545
0.30851635336875916 -0.1993951052427292 0.3742426931858063
0.32130166888237 -0.29719746112823486 0.4289373755455017
0.3757982850074768 -0.19462724030017853 0.3905198872089386
0.3242513835430145 -0.10239063203334808 0.34365367889404297
0.3579728901386261 -0.13732880353927612 0.2348039746284485
0.39190948009490967 -0.30535468459129333 0.42838725447654724
0.36242616176605225 -0.146931454539299 0.24081388115882874
0.2944636642932892 -0.332573801279068 0.3264602720737457
0.3085213303565979 -0.1782120019197464 0.25103774666786194
0.2902037799358368 -0.34967008233070374 0.3444567322731018
0.36462855339050293 -0.17093148827552795 0.24813786149024963
0.38058483600616455 -0.09469479322433472 0.28758618235588074
0.33640968799591064 -0.22964856028556824 0.2494981586933136
0.3935432434082031 -0.19374589622020721 0.3709624707698822
0.3086196780204773 -0.17014412581920624 0.2482629120349884
0.2862045168876648 -0.37144333124160767 0.3664666414260864
0.39653077721595764 -0.22119683027267456 0.35367506742477417
0.3804546594619751 -0.15409497916698456 0.2766861021518707
0.388837605714798 -0.2026626020669937 0.3824257254600525
0.30603525042533875 -0.13562209904193878 0.24003881216049194
0.3375936448574066 -0.17243266105651855 0.2360948920249939
0.28722965717315674 -0.16302578151226044 0.31284424662590027
0.30822962522506714 -0.1767837256193161 0.36387696862220764
0.38379529118537903 -0.09469479322433472 0.29971426725387573
0.3342048227787018 -0.28233006596565247 0.2665526270866394
0.3313237428665161 -0.3166079819202423 0.44267207384109497
0.34747689962387085 -0.31741634011268616 0.44749629497528076
0.390433669090271 -0.1026766300201416 0.3168145716190338
0.30086255073547363 -0.1265164017677307 0.24357016384601593
0.3100866973400116 -0.10017889738082886 0.3290274739265442
0.3324810862541199 -0.3157878816127777 0.2852597236633301
0.3000134825706482 -0.29112356901168823 0.40719422698020935
0.39689579606056213 -0.2846429646015167 0.4058796465396881
0.33075979351997375 -0.2902470529079437 0.43084561824798584
0.2845955193042755 -0.3418313264846802 0.36197957396507263
0.3853360116481781 -0.2992490530014038 0.4331727623939514
0.056764088571071625 -0.11484482884407043 0.43371617794036865
-0.04870392382144928 -0.15609221160411835 0.41630446910858154
0.06965778768062592 -0.04384007304906845 0.4540416896343231
0.04429357126355171 -0.12677572667598724 0.42740699648857117
-0.03470009192824364 -0.14719848334789276 0.442204087972641
0.05209143087267876 -0.00030287125264294446 0.31637924909591675
0.022843508049845695 -0.1288096010684967 0.4708934426307678
0.00401085801422596 -0.08346039056777954 0.329194039106369
0.08269167691469193 -0.05614654719829559 0.32668524980545044
0.08269167691469193 -0.010701841674745083 0.3584725856781006
0.08006717264652252 -0.03398900851607323 0.44430193305015564
0.08269167691469193 -0.01200889889150858 0.3099120557308197
-0.051476169377565384 -0.1624615490436554 0.40764981508255005
0.054346587508916855 -0.015498720109462738 0.3654978573322296
0.07234542071819305 -0.10537230223417282 0.37229910492897034
0.03486473485827446 -0.13174936175346375 0.43992769718170166
0.08269167691469193 -0.01995726488530636 0.3853723108768463
0.044606663286685944 -0.0046524228528141975 0.31827959418296814
0.0041927858255803585 -0.06540568172931671 0.39674243330955505
-0.04566340893507004 -0.16487561166286469 0.43213334679603577
0.08269167691469193 -0.03837262839078903 0.31307369470596313
0.014746998436748981 -0.12894347310066223 0.3679578900337219
0.04859771952033043 -0.1181412860751152 0.44441118836402893
-0.050553902983665466 -0.14251071214675903 0.3822328746318817
0.03688571974635124 -0.025089798495173454 0.36285340785980225
0.0291958749294281 -0.05978219583630562 0.4399578273296356
0.0005858043441548944 -0.07825925201177597 0.41843459010124207
0.015674075111746788 -0.12261904776096344 0.4876636266708374
0.043301403522491455 -0.024406250566244125 0.37232670187950134
0.08269167691469193 -0.09689697623252869 0.3734623193740845
0.07164496928453445 -0.10734017193317413 0.41237780451774597
0.018804367631673813 -0.035068899393081665 0.3120332360267639
0.03948578983545303 -0.04115135222673416 0.41062870621681213
0.05194457247853279 -0.015362350270152092 0.36110618710517883
0.04363912343978882 -0.03753534331917763 0.4082372188568115
0.07400363683700562 -0.10361387580633163 0.3693125247955322
0.05867002531886101 -0.09468750655651093 0.45762404799461365
0.07912758737802505 -0.020338699221611023 0.42006435990333557
0.052005331963300705 -0.027394317090511322 0.2963229715824127
-0.021730879321694374 -0.15695376694202423 0.39517462253570557
0.029276296496391296 -0.13532741367816925 0.39711278676986694
-0.03739113360643387 -0.16018730401992798 0.39262261986732483
-0.02350691333413124 -0.07663526386022568 0.35828372836112976
0.010758203454315662 -0.04354792833328247 0.3576708734035492
-0.04669494554400444 -0.17386578023433685 0.4330955147743225
0.08269167691469193 -0.08302037417888641 0.3771284818649292
0.08269167691469193 -0.005192965734750032 0.31223422288894653
-0.022045545279979706 -0.16058966517448425 0.4025273621082306
-0.025704454630613327 -0.08251204341650009 0.33774515986442566
0.022959530353546143 -0.1251230388879776 0.4758056104183197
0.06015052646398544 -0.02881518006324768 0.4129609763622284
0.015573828481137753 -0.12185170501470566 0.4882567226886749
-0.030400210991501808 -0.09287557005882263 0.3435256779193878
-0.024737905710935593 -0.12064600735902786 0.4337192177772522
0.07059639692306519 -0.04621175304055214 0.29503992199897766
-0.017002372071146965 -0.11848391592502594 0.4503887891769409
-0.018775131553411484 -0.1705598533153534 0.4455922245979309
0.06977435946464539 -0.08694092184305191 0.45011618733406067
0.02097356505692005 -0.03710901364684105 0.36252561211586
0.08269167691469193 -0.010052786208689213 0.3032371401786804
0.06494395434856415 -0.022040169686079025 0.40179112553596497
0.05777464434504509 -0.061506498605012894 0.30583223700523376
0.000283180212136358 -0.15695920586585999 0.4281386435031891
0.05590178072452545 -0.11765110492706299 0.3845994174480438
-0.024744467809796333 -0.08676960319280624 0.3389799892902374
0.075712651014328 -0.1048516184091568 0.3764726519584656
0.03946077823638916 -0.09459694474935532 0.47878095507621765
0.00880938209593296 -0.05722901225090027 0.3875065743923187
0.0029066908173263073 -0.059345878660678864 0.3794177770614624
-0.01789707876741886 -0.10478785634040833 0.34468093514442444
0.0075502339750528336 -0.036465659737586975 0.33208128809928894
0.020103175193071365 -0.13495473563671112 0.46671968698501587
0.01210592407733202 -0.07122986018657684 0.32143619656562805
0.08244775235652924 -0.00563661428168416 0.2864118218421936
-0.008680497296154499 -0.05623529851436615 0.34548184275627136
0.08269167691469193 -0.03146645799279213 0.36398693919181824
0.08269167691469193 -0.011993907392024994 0.39205431938171387
0.012733688578009605 -0.14414545893669128 0.4644330143928528
0.03090934082865715 -0.09808816760778427 0.3351128399372101
0.02748810686171055 -0.11781627684831619 0.47760504484176636
0.0396822914481163 -0.03479684144258499 0.39388972520828247
0.0657297745347023 -0.013051258400082588 0.3774983584880829
-0.038561251014471054 -0.13204890489578247 0.36503249406814575
0.03200319781899452 -0.04582010954618454 0.3062639534473419
0.08269167691469193 -0.04949827119708061 0.3051700294017792
0.07168859988451004 -0.022370517253875732 0.41397276520729065
0.009092899970710278 -0.044102564454078674 0.3173145055770874
-0.03709900751709938 -0.15435302257537842 0.44478464126586914
-0.03523329645395279 -0.16798816621303558 0.46297669410705566
0.06211983039975166 -0.03755301237106323 0.44090554118156433
0.04715106263756752 -0.12492688000202179 0.39687106013298035
0.04319145530462265 -0.018744846805930138 0.356152206659317
-0.030171312391757965 -0.12641069293022156 0.4275435507297516
0.0006844360032118857 -0.13791143894195557 0.4899390935897827
0.045222312211990356 -0.013363727368414402 0.30445411801338196
-0.034750524908304214 -0.12251019477844238 0.35729730129241943
-0.041068822145462036 -0.17381598055362701 0.41567057371139526
0.037134211510419846 -0.11119647324085236 0.35153093934059143
0.041474599391222 -0.10412169247865677 0.3430755138397217
0.007800966966897249 -0.14718760550022125 0.46864670515060425
0.04563625901937485 -0.031401026993989944 0.39526864886283875
0.04530060663819313 -0.03988419845700264 0.4174855053424835
-0.04214462637901306 -0.16709616780281067 0.44357484579086304
0.07266847044229507 -0.06397401541471481 0.30576637387275696
0.064898781478405 -0.11360690742731094 0.407215416431427
0.08269167691469193 -0.012160045094788074 0.30432313680648804
0.03447248041629791 -0.05339914187788963 0.43449023365974426
0.08269167691469193 -0.07914645224809647 0.36545300483703613
0.029946718364953995 -0.03121313638985157 0.30641016364097595
0.08269167691469193 -0.06607947498559952 0.3971550166606903
0.030900118872523308 -0.08328957110643387 0.323045015335083
-0.03667054697871208 -0.09810156375169754 0.3496451675891876
0.04403341934084892 -0.02363489381968975 0.37137311697006226
0.08269167691469193 -0.030928056687116623 0.3282884955406189
0.07177184522151947 -0.0009693248430266976 0.35314953327178955
-0.0114344023168087 -0.12052039057016373 0.35457807779312134
-0.046830642968416214 -0.15847614407539368 0.39255914092063904
0.02252715267241001 -0.10065644979476929 0.49128258228302
-0.018194127827882767 -0.0870707705616951 0.3937215209007263
0.08269167691469193 -0.027099452912807465 0.3416460156440735
0.08269167691469193 -0.03900624066591263 0.3946760892868042
0.07160914689302444 -0.04006979241967201 0.2919260263442993
-0.018559273332357407 -0.12282422184944153 0.4521225392818451
0.048924628645181656 -0.11973754316568375 0.37933358550071716
0.012789753265678883 -0.136544331908226 0.3819919228553772
0.06537535041570663 0.0032454191241413355 0.3304910957813263
0.07061288505792618 -0.09626369178295135 0.34737175703048706
0.052516963332891464 -0.021833185106515884 0.38047677278518677
0.022595208138227463 -0.07901278138160706 0.47058355808258057
0.08269167691469193 -0.058455806225538254 0.44987961649894714
0.06806749850511551 -0.06319784373044968 0.30531662702560425
-0.04041625186800957 -0.11427325755357742 0.3859187066555023
-0.03988300636410713 -0.14754687249660492 0.3773626387119293
-0.011973755434155464 -0.06563183665275574 0.32833313941955566
0.04758591949939728 -0.03861334174871445 0.29944244027137756
0.04840299114584923 -0.11853045225143433 0.4441449046134949
-0.039384644478559494 -0.12823212146759033 0.406707227230072
0.08204817026853561 -0.07783477008342743 0.32182762026786804
0.08258365839719772 -0.0318656861782074 0.44176745414733887
0.03745163977146149 -0.04169668257236481 0.4085044264793396
0.08269167691469193 -0.04186161607503891 0.3478124439716339
0.06935413181781769 -0.10961757600307465 0.409832626581192
0.02113700844347477 -0.0507906898856163 0.3990398049354553
0.06997968256473541 -0.036916762590408325 0.29100391268730164
0.023050542920827866 -0.04790416359901428 0.39550745487213135
0.039299383759498596 -0.13134953379631042 0.42414870858192444
0.030293745920062065 -0.03535301610827446 0.37784162163734436
0.038672130554914474 -0.029529614374041557 0.37794429063796997
0.005004414357244968 -0.13358044624328613 0.37063050270080566
-0.02629040740430355 -0.15381817519664764 0.47061601281166077
0.08269167691469193 -0.047140125185251236 0.4475913643836975
-0.003553645918145776 -0.10889371484518051 0.4676617383956909
0.06545048207044601 -0.05533512681722641 0.4610171914100647
-0.0006349318427965045 -0.1575814038515091 0.4287075996398926
0.0805216133594513 -0.044721078127622604 0.29222702980041504
0.03205262869596481 -0.12362782657146454 0.4635399281978607
-0.0495360903441906 -0.16214710474014282 0.4178830683231354
0.08269167691469193 -0.036690592765808105 0.32173773646354675
0.08269167691469193 -0.028151776641607285 0.3889122009277344
0.08269167691469193 -0.027248729020357132 0.3067700266838074
0.04085850343108177 -0.021259145811200142 0.3036515414714813
0.06452381610870361 -0.10944825410842896 0.3722265660762787
0.04863536357879639 -0.09188693016767502 0.330170214176178
0.04813118278980255 -0.013888383284211159 0.3020744025707245
0.08231587707996368 -0.06667512655258179 0.30859094858169556
-0.007701089605689049 -0.06893434375524521 0.37767019867897034
0.013927038758993149 -0.03223085030913353 0.3345424234867096
0.054554108530282974 -0.11618099361658096 0.43569013476371765
0.03038777783513069 -0.056046608835458755 0.30973583459854126
0.07280271500349045 0.011170514859259129 0.31637027859687805
0.017290977761149406 -0.13960331678390503 0.46450626850128174
0.08269167691469193 -0.011956675909459591 0.33142828941345215
0.08269167691469193 -0.07623258233070374 0.398374080657959
-0.004037555772811174 -0.10151034593582153 0.453584223985672
0.03246321156620979 -0.0482972115278244 0.416702002286911
0.020506534725427628 -0.03520670160651207 0.35649722814559937
-0.00329233193770051 -0.05226963385939598 0.3478124141693115
0.08269167691469193 -0.017933549359440804 0.4049687087535858
0.01600487530231476 -0.05481443554162979 0.39777931571006775
0.010075735859572887 -0.14299410581588745 0.47141364216804504
-0.009279521182179451 -0.16467532515525818 0.45634207129478455
0.01812218315899372 -0.09428516030311584 0.48812878131866455
0.08269167691469193 -0.04514726623892784 0.41499972343444824
-0.029991528019309044 -0.10299405455589294 0.3923312723636627
-0.03945614770054817 -0.15471825003623962 0.3855692744255066
0.05544159188866615 -0.11886149644851685 0.38805821537971497
-0.025800097733736038 -0.0766899585723877 0.3372228145599365
0.02269705943763256 -0.06156066060066223 0.42967987060546875
0.08269167691469193 -0.01898748241364956 0.2846946716308594
0.04865700751543045 -0.09107945114374161 0.329438179731369
0.06113262474536896 -0.024818936362862587 0.29247215390205383
0.009670107625424862 -0.09518095850944519 0.33362799882888794
-0.020402219146490097 -0.14120516180992126 0.4701286256313324
0.05316568911075592 -0.03439265117049217 0.41660284996032715
-0.0034073295537382364 -0.1497463583946228 0.4833330512046814
0.06227186322212219 -0.10436926782131195 0.3572981059551239
-0.02654184028506279 -0.175791934132576 0.45308971405029297
0.0016359356231987476 -0.09338241070508957 0.45327654480934143
-0.04706588760018349 -0.15032947063446045 0.38300591707229614
0.030469289049506187 -0.11395762115716934 0.3527631461620331
-0.03687275946140289 -0.09204954653978348 0.3548758924007416
0.037364885210990906 -0.009273734875023365 0.3193286061286926
0.07622341066598892 -0.022970719262957573 0.4231676757335663
0.020137468352913857 -0.08157055079936981 0.4709842801094055
0.03800443187355995 -0.02057512104511261 0.35264813899993896
0.026377733796834946 -0.03629258647561073 0.30791133642196655
-0.051242146641016006 -0.1591205596923828 0.40705379843711853
-0.037643104791641235 -0.1451307237148285 0.432555228471756
0.05600235238671303 -0.016721604391932487 0.3717404305934906
0.05420210212469101 -0.11540732532739639 0.4391181170940399
-0.0022649087477475405 -0.07785896956920624 0.410840779542923
0.0003569191903807223 -0.1442689299583435 0.3875238597393036
0.052246347069740295 -0.1009518951177597 0.34295889735221863
0.07715509831905365 -0.07065252959728241 0.31200116872787476
0.018039224669337273 -0.14443401992321014 0.41308894753456116
0.07392173260450363 -0.03598692640662193 0.44695737957954407
-0.015700092539191246 -0.07189126312732697 0.32977256178855896
0.06306369602680206 -0.06999500840902328 0.31093740463256836
-0.04977153614163399 -0.15281899273395538 0.41058412194252014
0.08269167691469193 -0.038281746208667755 0.42317304015159607
0.064305879175663 -0.10329823940992355 0.35683658719062805
0.010462452657520771 -0.1514771282672882 0.43347617983818054
0.019266745075583458 -0.1329708695411682 0.3800550103187561
0.07651815563440323 -0.04971323534846306 0.4532105028629303
0.07310502976179123 -0.048221610486507416 0.29560691118240356
0.05701752379536629 -0.11583166569471359 0.42929038405418396
0.07074262946844101 -0.010426998138427734 0.37837836146354675
0.05991560220718384 -0.08395114541053772 0.46266523003578186
-0.009204879403114319 -0.07360067963600159 0.3848338723182678
0.06269838660955429 -0.1080029234290123 0.36554810404777527
0.01771353930234909 -0.1368621438741684 0.3869442939758301
-0.042795393615961075 -0.15581297874450684 0.4320160746574402
0.06651347130537033 -0.10969401150941849 0.3765503466129303
0.08269167691469193 -0.09983742237091064 0.3785657584667206
0.08269167691469193 -0.045894134789705276 0.4480677843093872
0.008986766450107098 -0.06512904912233353 0.4070148169994354
-0.007492211181670427 -0.1606769561767578 0.42019930481910706
0.08269167691469193 -0.06875593960285187 0.3214190900325775
0.06000416353344917 -0.07947850227355957 0.46520185470581055
0.022713635116815567 -0.14265787601470947 0.42163512110710144
0.08269167691469193 -0.019143877550959587 0.3618728518486023
0.04517661780118942 -0.12491396814584732 0.4327002167701721
0.008007762022316456 -0.13336817920207977 0.48797667026519775
-0.014226758852601051 -0.1590621918439865 0.406030535697937
0.04967521131038666 -0.10746265947818756 0.4581051766872406
-0.012366821058094501 -0.1376369595527649 0.3711223304271698
-0.0017968186875805259 -0.1557430773973465 0.4668441414833069
0.005355092231184244 -0.14456024765968323 0.39242109656333923
-0.009763933718204498 -0.09106553345918655 0.42132994532585144
-0.019790638238191605 -0.10921366512775421 0.3472278416156769
0.03628954663872719 -0.133597731590271 0.41565650701522827
-0.02212616801261902 -0.1468285471200943 0.3799855411052704
0.08269167691469193 -0.015512112528085709 0.2907680869102478
0.08269167691469193 -0.011117762885987759 0.3092241585254669
0.03210705518722534 -0.05783091112971306 0.3101385235786438
0.04702379181981087 -0.011576097458600998 0.30419477820396423
-0.009736246429383755 -0.15328720211982727 0.39777448773384094
0.011528401635587215 -0.14388255774974823 0.4677020013332367
0.08269167691469193 -0.059665143489837646 0.4337233603000641
0.019546590745449066 -0.06159663200378418 0.3150581419467926
-0.040157500654459 -0.1035853922367096 0.35396236181259155
0.0677667111158371 -0.013264755718410015 0.29105204343795776
0.05621838569641113 -0.11672400683164597 0.38204413652420044
-0.015642274171113968 -0.10332145541906357 0.42831164598464966
-0.050305962562561035 -0.1434120088815689 0.3912619948387146
-0.02857363224029541 -0.1679416298866272 0.4677441120147705
-0.022185061126947403 -0.15843144059181213 0.47722360491752625
0.08269167691469193 0.01151247974485159 0.30301085114479065
0.08269167691469193 -0.0675075352191925 0.36644601821899414
0.06874850392341614 -0.013927966356277466 0.29025790095329285
-0.037710417062044144 -0.1618107408285141 0.4509325325489044
-0.022771254181861877 -0.07932712137699127 0.3661712408065796
0.000442985154222697 -0.15876328945159912 0.44430214166641235
-0.011454705148935318 -0.16294200718402863 0.4191989600658417
-0.04641050100326538 -0.13633307814598083 0.37103962898254395
0.026956919580698013 -0.08727958798408508 0.4849758744239807
0.030079804360866547 -0.1322309672832489 0.3882063329219818
0.01671329326927662 -0.03805334493517876 0.35589906573295593
0.08217031508684158 -0.0001393538695992902 0.3636702299118042
0.030121169984340668 -0.09481234103441238 0.332194060087204
0.012647252529859543 -0.0986076295375824 0.33605480194091797
0.029056675732135773 -0.10797201842069626 0.34476134181022644
-0.05093281343579292 -0.1539638340473175 0.4039270579814911
0.07555177062749863 -0.017761770635843277 0.40717706084251404
0.08269167691469193 -0.01051363069564104 0.3594316840171814
0.06040434166789055 -0.07239411026239395 0.4662153720855713
0.00980856828391552 -0.09143058210611343 0.469870388507843
0.015147864818572998 -0.1336759477853775 0.37800076603889465
-0.025581182911992073 -0.11102728545665741 0.4170956313610077
0.08269167691469193 -0.05147533863782883 0.30905455350875854
0.015582040883600712 -0.0721597746014595 0.4385316073894501
0.08269167691469193 -0.05412246659398079 0.33835461735725403
0.02854817546904087 -0.12006053328514099 0.3609485924243927
0.18361981213092804 0.07944592088460922 -0.014270474202930927
0.39003610610961914 0.10147590190172195 -0.014270474202930927
0.27951890230178833 0.08625493198633194 -0.3533603847026825
0.17463697493076324 0.12344202399253845 -0.10124415904283524
0.21998602151870728 -0.08406798541545868 -0.29819750785827637
0.22748056054115295 0.1825072467327118 -0.014270474202930927
0.17463697493076324 0.22214409708976746 -0.3239130973815918
0.40924322605133057 -0.043701961636543274 -0.15341287851333618
0.23758819699287415 0.03655945882201195 -0.3732938766479492
0.2736014425754547 0.15251262485980988 -0.3482356667518616
0.4091035723686218 0.04632321372628212 -0.24240604043006897
0.1866205930709839 0.14221611618995667 -0.3732938766479492
0.3141498565673828 -0.06527705490589142 -0.014270474202930927
0.27488481998443604 -0.03337591513991356 -0.33201906085014343
0.17463697493076324 0.13468270003795624 -0.07799175381660461
0.31066396832466125 -0.012257670052349567 -0.315813809633255
0.20707762241363525 0.24484191834926605 -0.36967024207115173
0.3512672483921051 0.2031748741865158 -0.26608455181121826
0.17463697493076324 0.04232610762119293 -0.15787281095981598
0.17463697493076324 0.07128681987524033 -0.21063381433486938
0.36040133237838745 0.19616898894309998 -0.014270474202930927
0.2588409185409546 0.127334326505661 -0.36139747500419617
0.34285449981689453 0.2606635093688965 -0.20483940839767456
0.35016804933547974 0.16945692896842957 -0.014270474202930927
0.42693039774894714 -0.020546620711684227 -0.0750880166888237
0.17463697493076324 -0.0770195946097374 -0.26036328077316284
0.18900664150714874 0.2891787588596344 -0.21080957353115082
0.17463697493076324 -0.09393629431724548 -0.15494386851787567
0.3263300955295563 0.2549043297767639 -0.23295941948890686
0.37697166204452515 -0.08102886378765106 -0.14187882840633392
0.19323596358299255 0.2855316996574402 -0.06518592685461044
0.23228804767131805 -0.08945389837026596 -0.28110620379447937
0.3089044392108917 0.21972844004631042 -0.293681263923645
0.2581464648246765 -0.11878050118684769 -0.20028254389762878
0.269194096326828 0.2850911617279053 -0.06351804733276367
0.19236141443252563 0.2797298729419708 -0.04755493253469467
0.2096855640411377 -0.12745945155620575 -0.177291139960289
0.17463697493076324 -0.02503180131316185 -0.07496578246355057
0.4325089156627655 -0.0034661181271076202 -0.17212091386318207
0.26404398679733276 -0.11998085677623749 -0.06771551817655563
0.2105685919523239 -0.12943190336227417 -0.16852986812591553
0.17463697493076324 0.09482314437627792 -0.16973845660686493
0.46229416131973267 0.15218155086040497 -0.11884195357561111
0.17463697493076324 0.15587519109249115 -0.27256497740745544
0.3067733943462372 -0.10427991300821304 -0.20809325575828552
0.17463697493076324 0.1577683538198471 -0.3680485785007477
0.23418308794498444 0.29617783427238464 -0.19244682788848877
0.4647417664527893 0.07566752284765244 -0.09630496054887772
0.273427814245224 0.21137388050556183 -0.3310425281524658
0.4107632040977478 0.061491820961236954 -0.2440209537744522
0.17463697493076324 -0.08820012956857681 -0.11258349567651749
0.25071972608566284 0.055974964052438736 -0.3732938766479492
0.3701131343841553 0.22956645488739014 -0.014270474202930927
0.21660029888153076 -0.12854643166065216 -0.05678878724575043
0.378254771232605 0.23425444960594177 -0.20567995309829712
0.17463697493076324 0.017713360488414764 -0.12384816259145737
0.44939473271369934 0.01860702969133854 -0.13860493898391724
0.18903079628944397 0.28088873624801636 -0.2619755268096924
0.29932740330696106 -0.03268006816506386 -0.014270474202930927
0.38224542140960693 0.17299483716487885 -0.2524975538253784
0.17463697493076324 0.05134858936071396 -0.20121034979820251
0.37419798970222473 0.010550295934081078 -0.26650798320770264
0.19497735798358917 0.2952943444252014 -0.1827550232410431
0.3462669253349304 -0.027774963527917862 -0.014270474202930927
0.3413965702056885 0.11084248870611191 -0.3087695837020874
0.3937571346759796 -0.05231652408838272 -0.06459996849298477
0.26649680733680725 0.0620841383934021 -0.014270474202930927
0.17463697493076324 0.2680632472038269 -0.18250772356987
0.17463697493076324 -0.0501459538936615 -0.2500501871109009
0.2571132183074951 0.2957109212875366 -0.09236233681440353
0.26364052295684814 0.16628213226795197 -0.35283827781677246
0.43574708700180054 0.12926535308361053 -0.2030775099992752
0.38777992129325867 -0.04480605572462082 -0.20773403346538544
0.17463697493076324 0.03879217430949211 -0.3544697165489197
0.3032355308532715 0.06068311631679535 -0.3408016860485077
0.4441761076450348 0.008586742915213108 -0.14518187940120697
0.3487683832645416 -0.091463603079319 -0.09853018820285797
0.33181652426719666 -0.1038244217634201 -0.15910492837429047
0.4647171199321747 0.07542486488819122 -0.09069540351629257
0.17463697493076324 -0.044152554124593735 -0.2718304693698883
0.21049824357032776 0.0930647924542427 -0.014270474202930927
0.42873698472976685 0.15421360731124878 -0.20180045068264008
0.3817503750324249 0.10218798369169235 -0.2749321162700653
0.18443095684051514 0.1324634701013565 -0.3732938766479492
0.22845913469791412 -0.05888790637254715 -0.34060272574424744
0.4206620752811432 0.21615193784236908 -0.12604069709777832
0.17463697493076324 0.18200719356536865 -0.35737308859825134
0.2964274287223816 0.07817384600639343 -0.34332799911499023
0.34226855635643005 0.26444849371910095 -0.19813470542430878
0.32994166016578674 0.11424775421619415 -0.31600651144981384
0.27643439173698425 -0.11897353082895279 -0.09031952172517776
0.17881326377391815 0.26069799065589905 -0.3647838830947876
0.4258854389190674 0.01731771230697632 -0.2032085657119751
0.4015149176120758 0.05340084433555603 -0.2521587014198303
0.17463697493076324 0.22040143609046936 -0.08068502694368362
0.17463697493076324 0.2688286304473877 -0.09161750227212906
0.23732207715511322 0.11187345534563065 -0.014270474202930927
0.1939782351255417 -0.07525558024644852 -0.32768353819847107
0.17463697493076324 0.15850822627544403 -0.04897135868668556
0.17463697493076324 0.06764347851276398 -0.08006349951028824
0.3884166181087494 -0.06475776433944702 -0.1693902462720871
0.19510768353939056 -0.12323199212551117 -0.18583418428897858
0.3073374629020691 0.04768930748105049 -0.014270474202930927
0.4655512571334839 0.09200971573591232 -0.08128084242343903
0.1780053973197937 0.16237545013427734 -0.014270474202930927
0.3133333623409271 -0.0948280543088913 -0.0422985777258873
0.2504901885986328 -0.09855452179908752 -0.2527860999107361
0.3267568349838257 0.014122484251856804 -0.312034547328949
0.17463697493076324 0.23634925484657288 -0.3617044687271118
0.17463697493076324 0.09009512513875961 -0.3195788264274597
0.17463697493076324 0.10955008864402771 -0.3407169282436371
0.3681803047657013 0.07874006778001785 -0.28810349106788635
0.2719193696975708 -0.09597974270582199 -0.014270474202930927
0.17463697493076324 0.20995120704174042 -0.26011115312576294
0.34979283809661865 -0.01968700811266899 -0.014270474202930927
0.20240655541419983 0.29474204778671265 -0.10389640927314758
0.4201688766479492 0.21325647830963135 -0.06730621308088303
0.3575074076652527 0.013380133546888828 -0.2831842005252838
0.17463697493076324 0.06728474795818329 -0.30970534682273865
0.1773599535226822 0.2735055088996887 -0.288623571395874
0.17463697493076324 0.15921984612941742 -0.3564666509628296
0.22336313128471375 0.09380009025335312 -0.014270474202930927
0.17463697493076324 -0.04673587158322334 -0.028739461675286293
0.19016173481941223 0.11662045121192932 -0.3732938766479492
0.17463697493076324 0.1582266390323639 -0.16524270176887512
0.28251534700393677 -0.10863404721021652 -0.21245458722114563
0.3091242015361786 0.048033446073532104 -0.014270474202930927
0.2768910527229309 0.10988888144493103 -0.35188397765159607
0.26728832721710205 -0.08105572313070297 -0.27879148721694946
0.4365062713623047 0.19704526662826538 -0.09743674844503403
0.21956178545951843 0.13487231731414795 -0.014270474202930927
0.43475815653800964 0.19882014393806458 -0.116818867623806
0.4031461775302887 0.1710006594657898 -0.22862200438976288
0.3053627610206604 -0.0953945443034172 -0.03315819799900055
0.298656165599823 -0.11190348863601685 -0.10677539557218552
0.17463697493076324 0.2654179334640503 -0.1479817032814026
0.1968207061290741 0.18344783782958984 -0.3732938766479492
0.43032535910606384 0.02518804743885994 -0.19977827370166779
0.26465684175491333 -0.12528857588768005 -0.16652144491672516
0.20120294392108917 -0.12803640961647034 -0.1712571531534195
0.17463697493076324 0.1098315417766571 -0.10191922634840012
0.24436119198799133 -0.0035706697963178158 -0.3732938766479492
0.17832306027412415 0.07061614096164703 -0.3732938766479492
0.20891167223453522 -0.020020389929413795 -0.3732938766479492
0.19741739332675934 0.153241828083992 -0.3732938766479492
0.17463697493076324 -0.0022143793758004904 -0.14023034274578094
0.23291562497615814 0.07041307538747787 -0.3732938766479492
0.28957730531692505 0.2952108681201935 -0.16929490864276886
0.22755691409111023 -0.09972894191741943 -0.014270474202930927
0.19965681433677673 0.2917211353778839 -0.08991675823926926
0.40806320309638977 -0.04458588361740112 -0.08650796115398407
0.2864091396331787 0.24116303026676178 -0.014270474202930927
0.17463697493076324 -0.03798937425017357 -0.08043070882558823
0.17463697493076324 -0.060986123979091644 -0.30639082193374634
0.3054417669773102 -0.105621337890625 -0.20525112748146057
0.3699517846107483 0.1358972042798996 -0.014270474202930927
0.3767945468425751 0.20940148830413818 -0.23545241355895996
0.26399296522140503 -0.04945399612188339 -0.3240267038345337
0.3732813894748688 0.13774473965168 -0.014270474202930927
0.17463697493076324 0.27533185482025146 -0.19585692882537842
0.17463697493076324 0.20634378492832184 -0.0749732032418251
0.17463697493076324 0.11313057690858841 -0.33548906445503235
0.3975507318973541 0.2319849282503128 -0.18139256536960602
0.17463697493076324 0.20576855540275574 -0.052615948021411896
0.3643872141838074 -0.024379603564739227 -0.014270474202930927
0.45529475808143616 0.07737641781568527 -0.1631307154893875
0.17463697493076324 -0.10754473507404327 -0.06336943060159683
0.17463697493076324 0.1561824083328247 -0.05012429878115654
0.43164461851119995 0.18267527222633362 -0.030907632783055305
0.3451688289642334 0.24363134801387787 -0.2350550889968872
0.17463697493076324 0.19571886956691742 -0.3133857250213623
0.17463697493076324 -0.05893760919570923 -0.15542712807655334
0.17463697493076324 0.025044148787856102 -0.33690518140792847
0.26172760128974915 -0.029620535671710968 -0.014270474202930927
0.17463697493076324 0.10921616852283478 -0.29739847779273987
0.3395754098892212 -0.011310712434351444 -0.2894546389579773
0.17463697493076324 -0.02023450657725334 -0.33176910877227783
0.2040945291519165 -0.12809185683727264 -0.051796771585941315
0.4115046560764313 0.10095955431461334 -0.014270474202930927
0.2369566112756729 0.2957603633403778 -0.0917828306555748
0.17463697493076324 -0.016432128846645355 -0.31245049834251404
0.2458893060684204 0.14633223414421082 -0.014270474202930927
0.17463697493076324 0.14445045590400696 -0.2032332867383957
0.41414058208465576 0.20791946351528168 -0.02236500382423401
0.17463697493076324 0.09663313627243042 -0.3387652337551117
0.463157057762146 0.12512323260307312 -0.13781532645225525
0.17463697493076324 0.04924029856920242 -0.05988737940788269
0.4554763734340668 0.13392482697963715 -0.042315516620874405
0.17463697493076324 -0.06909514963626862 -0.1532522737979889
0.36053457856178284 -0.0720183253288269 -0.0522821806371212
0.17463697493076324 0.1960078328847885 -0.21793055534362793
0.21691712737083435 -0.04974514991044998 -0.3630421757698059
0.32769083976745605 0.26813358068466187 -0.03662562370300293
0.3971855938434601 0.007421104237437248 -0.014270474202930927
0.4444811940193176 0.05489608645439148 -0.18630753457546234
0.29474836587905884 0.2514110803604126 -0.271379292011261
0.2498771846294403 0.059030454605817795 -0.3732938766479492
0.3158436417579651 0.14603771269321442 -0.320596843957901
0.20839454233646393 0.23262421786785126 -0.014270474202930927
0.18590007722377777 0.2790420353412628 -0.2682984173297882
0.3970627784729004 0.04474925622344017 -0.014270474202930927
0.3963138163089752 0.11540069431066513 -0.2596965432167053
0.44288918375968933 0.002417429815977812 -0.13143987953662872
0.17463697493076324 0.23212817311286926 -0.029251044616103172
0.2161439061164856 -0.1321181207895279 -0.14156028628349304
0.275438517332077 0.2998923659324646 -0.14905637502670288
0.23898711800575256 0.29045337438583374 -0.07548799365758896
0.32570546865463257 0.08752693980932236 -0.32278943061828613
0.3508725166320801 0.27827903628349304 -0.13505060970783234
0.17463697493076324 -0.014248163439333439 -0.17328251898288727
0.17463697493076324 0.12271571904420853 -0.08305034041404724
0.17463697493076324 0.2606075406074524 -0.07438681274652481
0.3296821713447571 -0.09267529845237732 -0.061348844319581985
0.2617279291152954 0.02867916226387024 -0.372450053691864
0.37081626057624817 0.24845997989177704 -0.19390054047107697
0.4044893980026245 0.22699733078479767 -0.034075889736413956
0.41445907950401306 0.15936985611915588 -0.014270474202930927
0.4271199703216553 0.20851047337055206 -0.11920525133609772
0.33893468976020813 0.18691913783550262 -0.014270474202930927
0.425021231174469 0.04647720232605934 -0.22125816345214844
0.2285611927509308 -0.0669231191277504 -0.014270474202930927
0.3307914435863495 0.25223955512046814 -0.23344659805297852
0.17613083124160767 0.2870766222476959 -0.1903170347213745
0.3392484486103058 0.27673307061195374 -0.0774826779961586
0.260139137506485 -0.10667427629232407 -0.01797652617096901
0.3884623944759369 0.02409597858786583 -0.2568757236003876
0.21414770185947418 0.26530155539512634 -0.3229963183403015
0.24188479781150818 -0.06686784327030182 -0.31873181462287903
0.23270681500434875 -0.08662673085927963 -0.2873081564903259
0.24682749807834625 0.009252646006643772 -0.3732938766479492
0.1857728213071823 -0.11863145232200623 -0.19748303294181824
0.4182502031326294 -0.038134247064590454 -0.13046182692050934
0.17463697493076324 0.11402454227209091 -0.15924541652202606
0.3627052307128906 0.2290479689836502 -0.014270474202930927
0.22144849598407745 0.10972783714532852 -0.3732938766479492
0.30558842420578003 -0.11173085868358612 -0.1325165182352066
0.17463697493076324 -0.03711918741464615 -0.29593798518180847
0.17463697493076324 0.14699652791023254 -0.1447933167219162
0.2550387382507324 -0.10503393411636353 -0.2356630265712738
0.17463697493076324 0.20853205025196075 -0.031335458159446716
0.24188107252120972 -0.03930579498410225 -0.014270474202930927
0.29312971234321594 0.28754061460494995 -0.07885241508483887
0.17463697493076324 -0.07928851246833801 -0.30424946546554565
0.17463697493076324 -0.06832018494606018 -0.14678169786930084
0.20742130279541016 0.2561514973640442 -0.35014963150024414
0.17463697493076324 0.24935343861579895 -0.11517961323261261
0.43665653467178345 -0.012027549557387829 -0.11415286362171173
0.25431618094444275 0.18232546746730804 -0.356638640165329
0.25837594270706177 0.08772052824497223 -0.014270474202930927
0.4056403636932373 0.16132116317749023 -0.2298593521118164
0.2622877359390259 -0.12014525383710861 -0.19400693476200104
0.22842542827129364 0.2917768657207489 -0.21418951451778412
0.33321166038513184 0.2819346487522125 -0.1670229732990265
0.27166226506233215 -0.12462064623832703 -0.13606885075569153
0.4284628629684448 -0.012324615381658077 -0.05824796110391617
0.17463697493076324 -0.043532077223062515 -0.29594311118125916
0.3268563449382782 0.2714926302433014 -0.046107906848192215
0.21882756054401398 -0.12470772117376328 -0.04725617915391922
0.23411135375499725 0.29797372221946716 -0.18301905691623688
0.42443981766700745 -0.026276256889104843 -0.14698612689971924
0.42361676692962646 0.1916302591562271 -0.19083835184574127
0.4622969925403595 0.05992993712425232 -0.09816325455904007
0.17463697493076324 -0.061249226331710815 -0.3089559078216553
0.2606635093688965 0.24112743139266968 -0.014270474202930927
0.18009334802627563 0.2906184494495392 -0.1701211929321289
0.17463697493076324 0.08766569942235947 -0.2741106152534485
0.420972615480423 -0.03433126211166382 -0.10655011236667633
0.42743080854415894 0.000816520128864795 -0.035823479294776917
0.26218023896217346 0.12500931322574615 -0.014270474202930927
0.17463697493076324 -0.011536579579114914 -0.028194019570946693
0.42260539531707764 0.15691401064395905 -0.20915541052818298
0.17463697493076324 0.08321776986122131 -0.36772486567497253
0.41762351989746094 -0.02741154283285141 -0.17084312438964844
0.428987592458725 -0.024261442944407463 -0.10625384747982025
0.3530152142047882 -0.09343606978654861 -0.13802389800548553
0.39349058270454407 0.18253658711910248 -0.2350042164325714
0.2466362714767456 -0.08460700511932373 -0.285273015499115
0.34116706252098083 0.24631285667419434 -0.2340727001428604
0.17463697493076324 0.1609352082014084 -0.2743932604789734
0.17463697493076324 0.01816771924495697 -0.2681366801261902
0.39017874002456665 -0.056593745946884155 -0.06736937165260315
0.17463697493076324 0.12063536047935486 -0.11984441429376602
0.3311575949192047 0.0571826733648777 -0.31852373480796814
0.17463697493076324 0.1374419629573822 -0.14599168300628662
0.4414476454257965 0.0074743847362697124 -0.07965897023677826
0.20394189655780792 -0.07664645463228226 -0.014270474202930927
0.17463697493076324 0.09018674492835999 -0.286664754152298
0.17463697493076324 0.13939668238162994 -0.07500698417425156
0.2171059399843216 -0.07654355466365814 -0.3167555034160614
0.17463697493076324 -0.0513475202023983 -0.27335095405578613
0.23285716772079468 -0.09167186170816422 -0.2754683494567871
0.21624070405960083 0.29585686326026917 -0.19001330435276031
0.22037048637866974 -0.04517391696572304 -0.3659835755825043
0.07152366638183594 0.3472212851047516 -0.1776508241891861
-0.06392395496368408 0.25690126419067383 0.05292060971260071
-0.3131563067436218 0.03500627726316452 -0.23443123698234558
0.10804429650306702 -0.16563917696475983 -0.06683409214019775
-0.2371537983417511 -0.16615277528762817 -0.18454794585704803
-0.01901380531489849 -0.19000734388828278 -0.23443123698234558
-0.13232555985450745 -0.023985639214515686 -0.23443123698234558
-0.3601275086402893 0.046787749975919724 -0.014480763114988804
-0.2085840106010437 -0.12327960133552551 -0.029620757326483727
0.0981285572052002 0.054657064378261566 -0.23443123698234558
-0.010269404388964176 0.18873345851898193 -0.23443123698234558
-0.21726326644420624 0.19274333119392395 -0.23443123698234558
-0.11495129019021988 0.2496315836906433 0.06530655175447464
-0.11184605956077576 -0.1314373016357422 -0.23443123698234558
-0.2565213143825531 -0.10254762321710587 -0.030016178265213966
0.014691104181110859 -0.2075657844543457 -0.10013560950756073
0.13307933509349823 -0.117151640355587 0.011569984257221222
0.10897883027791977 0.20842038094997406 -0.23443123698234558
-0.1782909482717514 0.09927928447723389 -0.23443123698234558
-0.2492244988679886 0.3154081106185913 -0.10693244636058807
-0.2287643998861313 -0.1701112538576126 -0.1777302771806717
-0.09998548030853271 0.2709857225418091 -0.23443123698234558
-0.007350384257733822 -0.18720121681690216 -0.23443123698234558
-0.3939719796180725 0.16762886941432953 -0.19587533175945282
-0.3384312391281128 -0.08787981420755386 -0.2223464697599411
-0.14967820048332214 -0.0983203873038292 0.045716702938079834
0.17463696002960205 0.25099438428878784 -0.08157909661531448
0.018403906375169754 0.35783007740974426 -0.23302382230758667
0.17463696002960205 0.18730564415454865 -0.16302479803562164
-0.18210098147392273 -0.16125576198101044 -0.07816114276647568
-0.002267873380333185 0.32177284359931946 -0.05259315297007561
0.0033017161767929792 -0.018442261964082718 0.11251600086688995
0.08268054574728012 -0.12598854303359985 0.0034009891096502542
0.17463696002960205 -0.12017123401165009 -0.1360732614994049
-0.32502394914627075 -0.09882518649101257 -0.11649136990308762
-0.2212233543395996 0.3330754339694977 -0.23443123698234558
0.07051873952150345 0.11450882256031036 0.12835296988487244
0.12678591907024384 0.21566346287727356 -0.23443123698234558
-0.26646581292152405 -0.005733191501349211 0.06993522495031357
0.17463696002960205 0.2534801661968231 -0.07818779349327087
0.0195096954703331 -0.021162306889891624 0.1110481321811676
0.12930332124233246 0.3023986518383026 -0.06918865442276001
-0.1497529000043869 -0.08097665756940842 0.06549917906522751
-0.0358426570892334 -0.10522850602865219 -0.23443123698234558
-0.04156392067670822 0.2203454077243805 0.08890333771705627
-0.28796523809432983 -0.07487490028142929 -0.012784251011908054
0.08958742767572403 0.24357947707176208 0.0329204685986042
0.17002975940704346 0.05606076121330261 0.12734974920749664
-0.20991741120815277 0.3510437607765198 -0.178322434425354
-0.3273322582244873 0.04993404820561409 -0.23443123698234558
0.06067289039492607 0.0706031545996666 0.1324210911989212
-0.19305454194545746 0.24389740824699402 0.05207546427845955
-0.11333050578832626 0.08082924038171768 0.13692344725131989
-0.3028886020183563 0.2601243853569031 -0.05878351628780365
-0.014804095029830933 -0.2107493281364441 -0.23443123698234558
-0.337141215801239 -0.0456245020031929 -0.03458435460925102
-0.296338826417923 0.29793214797973633 -0.18630234897136688
0.14751137793064117 0.10263744741678238 0.12637664377689362
-0.09679707884788513 0.38345927000045776 -0.23443123698234558
-0.10218127071857452 0.14808891713619232 0.13104918599128723
-0.1815928965806961 -0.1859036684036255 -0.23443123698234558
-0.39401647448539734 0.09829939156770706 -0.23443123698234558
-0.16197122633457184 -0.058232661336660385 0.08366820961236954
-0.11769577860832214 -0.09314854443073273 0.052909981459379196
0.17463696002960205 0.14111284911632538 0.06596249341964722
-0.15819844603538513 -0.2008761167526245 -0.14650598168373108
-0.2084103375673294 -0.14209739863872528 -0.06277147680521011
-0.20550699532032013 -0.07013379782438278 0.05884081497788429
-0.11528278887271881 -0.055169396102428436 0.08910312503576279
0.08939415961503983 0.15332207083702087 -0.23443123698234558
-0.2210182547569275 0.028077207505702972 0.11071781814098358
-0.20628638565540314 0.353340208530426 -0.18107487261295319
0.17463696002960205 0.016722632572054863 -0.13120229542255402
0.16076873242855072 0.29145750403404236 -0.22124001383781433
-0.04374518245458603 0.044384993612766266 -0.23443123698234558
-0.09273763000965118 0.30337733030319214 -0.011004813015460968
-0.08579865843057632 0.2794366776943207 0.023526035249233246
0.017830530181527138 0.33279740810394287 -0.07318166643381119
0.17463696002960205 0.2219025194644928 -0.2023608237504959
-0.22219862043857574 0.2970476448535919 -0.23443123698234558
0.15352067351341248 0.291572630405426 -0.06657855957746506
0.17463696002960205 0.2726309299468994 -0.07553159445524216
-0.34878814220428467 0.07287491112947464 0.003677146276459098
-0.10238274186849594 0.3497832119464874 -0.08149145543575287
-0.0034944273065775633 -0.11942284554243088 0.01630437560379505
-0.2946605980396271 0.2956843376159668 -0.13765636086463928
0.09789391607046127 0.05205841362476349 0.12916502356529236
0.1411973387002945 0.03766101598739624 0.12461431324481964
-0.32136300206184387 0.256696879863739 -0.08295413851737976
0.10504577308893204 -0.13547182083129883 -0.010382501408457756
0.17463696002960205 -0.03919597715139389 -0.03280259296298027
0.08559148013591766 0.08320455253124237 -0.23443123698234558
-0.36775922775268555 0.15055303275585175 -0.23443123698234558
-0.31343477964401245 0.09120664745569229 0.05016489326953888
-0.007343672215938568 0.36570295691490173 -0.11668356508016586
-0.3188934028148651 -0.06298913061618805 -0.029642339795827866
0.07997114211320877 -0.18831613659858704 -0.09198073297739029
-0.05894048511981964 0.27351808547973633 -0.23443123698234558
-0.033491406589746475 0.2099156230688095 0.09495480358600616
-0.27541062235832214 0.18544532358646393 -0.23443123698234558
0.007031457498669624 0.10659918934106827 0.13291597366333008
-0.026068424805998802 0.2991035580635071 -0.014651663601398468
-0.05273674428462982 0.014672519639134407 -0.23443123698234558
0.17463696002960205 0.003704814938828349 -0.1191573515534401
0.17463696002960205 -0.07183700799942017 -0.11530806124210358
-0.2825154662132263 -0.0857790932059288 -0.02526623010635376
0.08004188537597656 0.17912182211875916 -0.23443123698234558
-0.3995535671710968 0.14905737340450287 -0.17912305891513824
-0.16468894481658936 0.26066917181015015 0.03765468671917915
-0.21672527492046356 0.14930328726768494 -0.23443123698234558
-0.235392764210701 0.023285487666726112 0.10259459167718887
-0.10303117334842682 0.12846848368644714 0.1348189264535904
-0.33961835503578186 0.1272493600845337 0.014709009788930416
-0.3033197224140167 -0.08031048625707626 -0.23443123698234558
0.006566795986145735 0.3346880376338959 -0.23443123698234558
0.17463696002960205 0.0036531256046146154 -0.1586245894432068
-0.3090806007385254 0.09336383640766144 0.054373182356357574
-0.027099180966615677 0.37811359763145447 -0.21749252080917358
-0.011353676207363605 0.019772937521338463 -0.23443123698234558
-0.20515978336334229 0.3405107855796814 -0.11724905669689178
0.05840788781642914 0.12026235461235046 0.1277923434972763
-0.06014144420623779 0.31655481457710266 -0.03324780613183975
-0.1896609216928482 0.2659779489040375 0.02036546729505062
-0.07267869263887405 0.3857737183570862 -0.22249020636081696
-0.15756599605083466 -0.20592443645000458 -0.18942445516586304
-0.10137888789176941 -0.07417811453342438 0.07206953316926956
0.14676155149936676 0.19535785913467407 0.06871631741523743
-0.24545419216156006 0.32480278611183167 -0.13288187980651855
-0.2628685534000397 0.2393811047077179 -0.23443123698234558
-0.08971282094717026 0.13999618589878082 0.13210491836071014
-0.07878991961479187 -0.20619864761829376 -0.23443123698234558
0.02082802914083004 -0.18237417936325073 -0.06714588403701782
-0.3221280872821808 -0.039179153740406036 -0.005794638767838478
0.002186528407037258 0.27874547243118286 -0.23443123698234558
0.17463696002960205 0.14506059885025024 -0.11915069818496704
-0.2096489518880844 0.19109192490577698 0.09932214766740799
0.016939155757427216 -0.032701168209314346 0.1054343655705452
-0.1522298902273178 0.2781553268432617 0.014718005433678627
-0.3174697160720825 -0.06234065815806389 -0.027104731649160385
-0.3953752815723419 0.04206278175115585 -0.0988769605755806
-0.2546805143356323 0.05127556249499321 -0.23443123698234558
-0.002928925445303321 -0.034549035131931305 0.1045631468296051
-0.12882912158966064 0.14640016853809357 -0.23443123698234558
-0.34828490018844604 -0.06347069144248962 -0.09177014231681824
-0.010350397787988186 0.2960303723812103 -0.23443123698234558
-0.24057145416736603 0.25705549120903015 -0.23443123698234558
-0.09813501685857773 -0.2265653908252716 -0.1875433623790741
-0.19263406097888947 0.003396524814888835 -0.23443123698234558
0.09293047338724136 -0.14137767255306244 -0.23443123698234558
-0.2516651749610901 -0.03949562832713127 -0.23443123698234558
-0.10159379988908768 0.2231881022453308 -0.23443123698234558
0.11685407906770706 0.19689178466796875 -0.23443123698234558
0.17463696002960205 0.07476242631673813 0.02326638251543045
-0.08159952610731125 -0.016303325071930885 0.11453825235366821
-0.22943153977394104 -0.09572327136993408 0.00445533636957407
0.09957756847143173 -0.11940675973892212 0.011149869300425053
-0.25716331601142883 0.08738169819116592 -0.23443123698234558
-0.021847013384103775 0.3757830858230591 -0.14466431736946106
-0.025278795510530472 -0.0802464485168457 -0.23443123698234558
-0.1375756859779358 -0.20955036580562592 -0.14947669208049774
0.11327585577964783 -0.027328165248036385 0.10703477263450623
-0.14769333600997925 -0.12371780723333359 -0.23443123698234558
-0.4023730158805847 0.05705166235566139 -0.23443123698234558
-0.4095861315727234 0.12325779348611832 -0.2202294021844864
-0.007260426878929138 -0.09586801379919052 0.047261521220207214
-0.17524226009845734 0.2922131419181824 -0.01441236399114132
-0.08291195333003998 0.1567314863204956 -0.23443123698234558
-0.40707090497016907 0.04683200269937515 -0.2298211306333542
-0.17774590849876404 -0.1504526287317276 -0.23443123698234558
0.0687350332736969 0.29765111207962036 -0.03636859729886055
-0.08828482776880264 0.17777733504772186 -0.23443123698234558
0.14048437774181366 -0.14076215028762817 -0.04112261161208153
-0.12911757826805115 0.3458971083164215 -0.08151008188724518
-0.18808883428573608 -0.03277444466948509 0.09395498037338257
0.0429106242954731 -0.1589171290397644 -0.037614382803440094
0.17463696002960205 0.07002755999565125 0.09560238569974899
-0.21567438542842865 0.31340673565864563 -0.23443123698234558
0.17463696002960205 0.05042174458503723 0.08850311487913132
0.17463696002960205 0.05880757421255112 -0.12625156342983246
-0.07286269962787628 -0.10887846350669861 -0.23443123698234558
0.17463696002960205 0.0312790609896183 -0.008754330687224865
-0.03763310983777046 0.0390646792948246 0.13144561648368835
-0.020789915695786476 0.34130313992500305 -0.07549750804901123
-0.03834786266088486 0.18055696785449982 0.11550130695104599
-0.3215700089931488 0.2605964243412018 -0.09033259004354477
-0.036902640014886856 -0.20426009595394135 -0.09283513575792313
0.17463696002960205 -0.07459257543087006 0.029733458533883095
-0.1608230322599411 0.23108023405075073 -0.23443123698234558
-0.2865203619003296 -0.05301853269338608 0.018309030681848526
-0.03016752563416958 0.0784745141863823 0.13485169410705566
0.17463696002960205 0.1708078533411026 -0.0286807119846344
-0.3744069039821625 0.2053319215774536 -0.21772757172584534
0.09547856450080872 0.3306857943534851 -0.20592066645622253
-0.23539689183235168 -0.08761117607355118 -0.23443123698234558
-0.14094632863998413 0.2829826772212982 -0.23443123698234558
-0.40466299653053284 0.10146386176347733 -0.15518376231193542
-0.3098914623260498 0.2544969320297241 -0.06025146320462227
-0.33996355533599854 -0.05834731459617615 -0.05964317172765732
-0.29064905643463135 -0.11998376995325089 -0.11191176623106003
0.17463696002960205 -0.04700418561697006 -0.08387795090675354
0.17463696002960205 0.19387277960777283 -0.20126330852508545
-0.38103026151657104 0.11842165142297745 -0.06286312639713287
0.06351389735937119 0.2702900171279907 0.0035331465769559145
-0.31522464752197266 0.10920701920986176 0.047058433294296265
0.07532331347465515 -0.21509993076324463 -0.15883885324001312
-0.22208628058433533 0.3466237485408783 -0.18822140991687775
-0.3501550257205963 -0.06802235543727875 -0.10640699416399002
-0.379203200340271 -0.03625645488500595 -0.17921479046344757
0.17463696002960205 0.0983949825167656 0.06677176803350449
-0.1846962422132492 -0.056430935859680176 0.08005888015031815
-0.28793445229530334 -0.13695980608463287 -0.18614862859249115
-0.13802289962768555 0.17963017523288727 -0.23443123698234558
-0.16177231073379517 -0.08427556604146957 0.05947013199329376
0.17463696002960205 -0.11872925609350204 -0.0838807076215744
-0.22016015648841858 0.11908741295337677 -0.23443123698234558
-0.10851190239191055 0.12994971871376038 0.13485440611839294
-0.36305850744247437 0.18962842226028442 -0.23443123698234558
-0.1349009871482849 0.14902757108211517 -0.23443123698234558
-0.04871845617890358 0.3810301423072815 -0.17674799263477325
0.156734898686409 0.13133741915225983 0.11797919869422913
-0.14295145869255066 0.36890682578086853 -0.13871510326862335
-0.10795756429433823 0.2878451645374298 -0.23443123698234558
0.09839438647031784 -0.11658767610788345 -0.23443123698234558
-0.04818553477525711 -0.002544066635891795 -0.23443123698234558
0.12033113092184067 -0.018814563751220703 -0.23443123698234558
0.17463696002960205 -0.028028041124343872 -0.20144246518611908
-0.024263475090265274 0.3792572617530823 -0.16977496445178986
0.17463696002960205 -0.00081892084563151 0.008468231186270714
0.12104230374097824 0.14402174949645996 0.11566195636987686
-0.15429411828517914 0.35086318850517273 -0.23443123698234558
0.15161938965320587 0.20942093431949615 0.05430006608366966
0.17463696002960205 0.16954405605793 -0.17056424915790558
0.045865848660469055 -0.22576960921287537 -0.143867626786232
-0.17050863802433014 0.2652575373649597 0.028637835755944252
0.09199129790067673 0.2075127214193344 0.07030884921550751
-0.31123992800712585 0.19050531089305878 0.02740568295121193
0.17463696002960205 -0.0602908656001091 -0.10451165586709976
-0.1565723717212677 0.13812613487243652 -0.23443123698234558
-0.18707677721977234 0.3413504958152771 -0.23443123698234558
-0.07343033701181412 -0.13348793983459473 -0.23443123698234558
0.17463696002960205 0.11940959841012955 0.027688277885317802
0.12143062055110931 0.2336064875125885 0.036416541785001755
0.17463696002960205 0.07174350321292877 0.014983720146119595
-0.25829923152923584 0.0925968810915947 0.09619928896427155
0.17463696002960205 -0.004275267478078604 0.04548505321145058
-0.25317201018333435 0.16339649260044098 0.09089722484350204
-0.39159828424453735 -0.007936854846775532 -0.18633662164211273
0.17463696002960205 -0.10164626687765121 -0.027108097448945045
-0.25935766100883484 0.3211177885532379 -0.1519920378923416
-0.11755496263504028 0.1765173375606537 0.12307733297348022
-0.03503686562180519 -0.0886467769742012 -0.23443123698234558
0.1296710968017578 0.034037232398986816 -0.23443123698234558
-0.07690746337175369 0.012737581506371498 -0.23443123698234558
0.17463696002960205 -0.0988277792930603 -0.020986691117286682
0.09261801838874817 0.2204209268093109 0.05753088369965553
-0.2951333224773407 -0.07464613020420074 -0.019440235570073128
0.040973976254463196 -0.23533529043197632 -0.1727885603904724
0.17463696002960205 0.012876905500888824 0.10605282336473465
0.08790761232376099 0.2016277015209198 -0.23443123698234558
-0.2660335600376129 -0.1290624439716339 -0.09708742797374725
0.17463696002960205 0.24959170818328857 -0.024353329092264175
-0.3614197075366974 0.019268950447440147 -0.23443123698234558
-0.013510182499885559 -0.007921682670712471 -0.23443123698234558
-0.4106849431991577 0.06743381917476654 -0.18850937485694885
0.17463696002960205 0.22025446593761444 -0.05432281270623207
-0.144433856010437 0.034622032195329666 -0.23443123698234558
-0.2594149112701416 0.27943941950798035 -0.041188061237335205
-0.35602715611457825 0.12327348440885544 -0.009368021972477436
0.07869968563318253 -0.05803555250167847 0.08493328094482422
0.01603163219988346 -0.19923730194568634 -0.08893216401338577
0.17463696002960205 -0.04686820134520531 -0.013050808571279049
-0.39664146304130554 0.12791657447814941 -0.23443123698234558
0.06057135388255119 0.3266289234161377 -0.07597513496875763
0.17463696002960205 -0.1113399863243103 -0.1419098973274231
0.17463696002960205 0.14813384413719177 -0.1443270891904831
0.0021640374325215816 -0.210529625415802 -0.10298622399568558
-0.1506882905960083 0.34312474727630615 -0.0846814438700676
0.17463696002960205 0.15867915749549866 -0.09503991156816483
-0.4094447195529938 0.05997548997402191 -0.1895824819803238
-0.19439254701137543 0.17794610559940338 0.11304835230112076
-0.1512925624847412 -0.1869717538356781 -0.10249089449644089
-0.3621412515640259 -0.07214682549238205 -0.16806600987911224
-0.32412272691726685 -0.0589170902967453 -0.030069252476096153
0.15001386404037476 0.050451282411813736 0.12692661583423615
0.1699119657278061 0.18597309291362762 -0.23443123698234558
0.17463696002960205 0.224747434258461 -0.02521948330104351
-0.04348373785614967 0.11861339956521988 -0.23443123698234558
-0.04269677400588989 0.28410056233406067 -0.23443123698234558
0.07731582969427109 -0.00537175452336669 -0.23443123698234558
-0.18496739864349365 0.24050673842430115 0.060600560158491135
-0.3369642198085785 -0.08774441480636597 -0.22883884608745575
-0.3289277255535126 -0.06918243318796158 -0.05499758943915367
0.16975149512290955 0.163077712059021 -0.23443123698234558
-0.38238582015037537 0.2343566119670868 -0.333370178937912
-0.2663801908493042 0.23759126663208008 -0.3398977220058441
-0.21123012900352478 0.33030134439468384 -0.23443123698234558
-0.1365322470664978 -0.007768144365400076 -0.3398977220058441
-0.1015535518527031 -0.19713592529296875 -0.3398977220058441
0.17463694512844086 0.06771699339151382 -0.26189106702804565
-0.360222727060318 0.05310269445180893 -0.3398977220058441
-0.19212383031845093 -0.16240067780017853 -0.23443123698234558
0.01873927377164364 0.3538888990879059 -0.24921803176403046
0.1557188481092453 0.0984785184264183 -0.23443123698234558
0.013214707374572754 0.2199965864419937 -0.23443123698234558
0.08203586935997009 -0.1782594472169876 -0.29152196645736694
-0.0947074294090271 0.36382773518562317 -0.33097779750823975
-0.18522891402244568 0.3131161034107208 -0.23443123698234558
-0.004143084865063429 -0.15638796985149384 -0.23443123698234558
-0.026006033644080162 0.279705673456192 -0.3398977220058441
-0.2501176595687866 -0.09172116219997406 -0.23443123698234558
-0.4165498912334442 0.18800432980060577 -0.2458009421825409
0.014403291046619415 -0.2135874480009079 -0.23443123698234558
-0.33425092697143555 0.029175179079174995 -0.23443123698234558
0.17463694512844086 0.012570415623486042 -0.3345792889595032
-0.07680809497833252 -0.162335604429245 -0.3398977220058441
0.14665170013904572 -0.07858920842409134 -0.3398977220058441
-0.04290339723229408 0.37453779578208923 -0.2529618740081787
0.1612696498632431 0.2868097424507141 -0.2394564151763916
-0.2539398670196533 0.28488102555274963 -0.3398977220058441
-0.23580586910247803 0.2979319095611572 -0.3398977220058441
0.1206892728805542 0.14192140102386475 -0.23443123698234558
-0.161324143409729 0.2277088165283203 -0.23443123698234558
-0.4190864861011505 0.207490473985672 -0.2714138925075531
-0.42072218656539917 0.16384083032608032 -0.23703208565711975
-0.043030522763729095 0.3687727749347687 -0.2964979112148285
-0.3230486214160919 0.08757172524929047 -0.23443123698234558
-0.4561734199523926 0.03096199780702591 -0.25424522161483765
-0.3490646779537201 -0.05029970407485962 -0.3398977220058441
-0.07046335190534592 0.3823240101337433 -0.2534511983394623
0.017250316217541695 0.32998916506767273 -0.3374382257461548
-0.4446778893470764 0.1297040730714798 -0.23663000762462616
-0.04698369652032852 -0.13802972435951233 -0.3398977220058441
-0.49068811535835266 0.07675634324550629 -0.3398977220058441
-0.4938594698905945 0.06686706840991974 -0.28387540578842163
-0.33235758543014526 -0.05785620957612991 -0.3398977220058441
0.1215655580163002 0.2941301167011261 -0.3039169907569885
0.14412546157836914 0.29520171880722046 -0.2392035871744156
-0.0823172926902771 0.37910211086273193 -0.27053576707839966
0.17463694512844086 -0.06260757148265839 -0.26889678835868835
-0.09489822387695312 0.30464252829551697 -0.23443123698234558
-0.21025559306144714 0.31647053360939026 -0.23443123698234558
-0.12063250690698624 -0.14560860395431519 -0.3398977220058441
-0.2032085806131363 -0.01330295018851757 -0.23443123698234558
-0.12772077322006226 0.37628141045570374 -0.25099143385887146
-0.39009058475494385 -0.05312279984354973 -0.33220431208610535
-0.1032518520951271 0.38013091683387756 -0.2648178040981293
-0.08941226452589035 0.04908076673746109 -0.3398977220058441
-0.26004311442375183 -0.08716792613267899 -0.3398977220058441
0.16844992339611053 -0.07014442980289459 -0.23443123698234558
-0.31344693899154663 -0.11234589666128159 -0.3242318034172058
-0.09772872924804688 0.21020302176475525 -0.23443123698234558
-0.23871350288391113 0.0923357903957367 -0.23443123698234558
-0.09454087167978287 -0.09063558280467987 -0.23443123698234558
-0.30237337946891785 -0.04734380915760994 -0.23443123698234558
0.17463694512844086 -0.023574812337756157 -0.2447403222322464
-0.2096462994813919 0.1954006850719452 -0.3398977220058441
-0.013643748126924038 -0.22278910875320435 -0.23443123698234558
0.14121347665786743 0.24970491230487823 -0.3398977220058441
0.05397292599081993 -0.03708194941282272 -0.23443123698234558
-0.19463953375816345 0.13913728296756744 -0.23443123698234558
-0.4728465974330902 0.16730466485023499 -0.3325168788433075
0.1312921941280365 -0.1323792189359665 -0.2864213287830353
-0.2848612070083618 -0.136912539601326 -0.28858309984207153
-0.2686549127101898 -0.14891310036182404 -0.29020610451698303
-0.17735102772712708 -0.08880247920751572 -0.3398977220058441
-0.04912064969539642 -0.016951726749539375 -0.23443123698234558
-0.10904990136623383 -0.21319399774074554 -0.2785116732120514
0.05649794265627861 0.31542766094207764 -0.331991046667099
-0.2505917549133301 0.062237419188022614 -0.23443123698234558
-0.4553621709346771 0.029510296881198883 -0.3398977220058441
-0.3576148450374603 0.25340840220451355 -0.2661523222923279
-0.18625935912132263 -0.00929186400026083 -0.3398977220058441
-0.2897297441959381 0.14369583129882812 -0.23443123698234558
-0.22165478765964508 -0.04736335575580597 -0.23443123698234558
-0.07969730347394943 -0.08615422248840332 -0.23443123698234558
-0.45895129442214966 0.18450075387954712 -0.2972140312194824
0.0026972535997629166 -0.04006975144147873 -0.23443123698234558
-0.058390580117702484 0.18201765418052673 -0.23443123698234558
-0.27669790387153625 0.17288650572299957 -0.3398977220058441
0.17463694512844086 0.007788592483848333 -0.3162601888179779
0.17463694512844086 0.15035705268383026 -0.33975040912628174
-0.15064489841461182 0.28597748279571533 -0.23443123698234558
-0.23800235986709595 0.05545731261372566 -0.23443123698234558
0.06125401705503464 0.14568819105625153 -0.23443123698234558
-0.21491079032421112 0.12257644534111023 -0.23443123698234558
0.1727866679430008 0.2787099778652191 -0.2528465986251831
-0.01387669425457716 0.31707823276519775 -0.23443123698234558
0.007728953380137682 0.0008593620150350034 -0.3398977220058441
0.012966814450919628 0.2456509917974472 -0.23443123698234558
-0.027205875143408775 -0.008578024804592133 -0.23443123698234558
0.0292543713003397 -0.1572818011045456 -0.23443123698234558
0.17463694512844086 0.04823476821184158 -0.31046241521835327
0.12709251046180725 -0.0032220843713730574 -0.3398977220058441
0.12267258763313293 -0.10630004107952118 -0.23443123698234558
-0.24203921854496002 -0.1071743294596672 -0.3398977220058441
-0.38020059466362 -0.0632554143667221 -0.2770189940929413
0.06115797162055969 0.028696758672595024 -0.3398977220058441
0.17463694512844086 0.20641660690307617 -0.26059195399284363
-0.25230541825294495 0.25478118658065796 -0.23443123698234558
-0.1414693295955658 0.2393072098493576 -0.3398977220058441
-0.01924152486026287 0.3533318042755127 -0.3166472017765045
-0.23230116069316864 0.3271208107471466 -0.3031564950942993
-0.4707774519920349 0.014995806850492954 -0.3138945698738098
-0.3118939995765686 0.24441461265087128 -0.23443123698234558
-0.13704010844230652 0.008404349908232689 -0.3398977220058441
0.02305782027542591 -0.21361522376537323 -0.31635335087776184
0.13890504837036133 -0.05271659418940544 -0.3398977220058441
-0.3530750572681427 0.2433881312608719 -0.3398977220058441
-0.49561822414398193 0.06305079162120819 -0.3138425052165985
0.0005428595468401909 -0.050299037247896194 -0.23443123698234558
-0.48279666900634766 0.04348776489496231 -0.3398977220058441
-0.36571380496025085 0.2506556510925293 -0.2851482629776001
0.1199287548661232 -0.10648839175701141 -0.3398977220058441
-0.07916271686553955 0.08204542100429535 -0.23443123698234558
0.17463694512844086 -0.049158308655023575 -0.32831430435180664
-0.009486685506999493 -0.22435413300991058 -0.23443123698234558
0.17463694512844086 0.21954168379306793 -0.2729857563972473
0.006267983000725508 0.029811358079314232 -0.23443123698234558
0.17463694512844086 -0.06645442545413971 -0.26270002126693726
-0.0019626598805189133 0.3061943054199219 -0.23443123698234558
-0.22374224662780762 0.042972370982170105 -0.23443123698234558
-0.20978394150733948 0.19385217130184174 -0.3398977220058441
0.15306228399276733 -0.11535890400409698 -0.272880882024765
-0.04763462021946907 -0.1645483374595642 -0.23443123698234558
-0.37753117084503174 0.24027806520462036 -0.31321439146995544
-0.29742860794067383 -0.11681964993476868 -0.3398977220058441
-0.3538070619106293 0.07728387415409088 -0.3398977220058441
-0.3391268849372864 0.2598896324634552 -0.24528220295906067
-0.38032835721969604 0.11735591292381287 -0.3398977220058441
-0.3802122473716736 0.08698626607656479 -0.3398977220058441
-0.001722524524666369 0.16808155179023743 -0.3398977220058441
0.033585309982299805 0.10734071582555771 -0.3398977220058441
-0.17585115134716034 -0.13468609750270844 -0.3398977220058441
-0.24625156819820404 0.09363094717264175 -0.3398977220058441
-0.36254239082336426 -0.006332841701805592 -0.3398977220058441
0.1650703102350235 0.14058555662631989 -0.3398977220058441
-0.05905676260590553 0.23798249661922455 -0.3398977220058441
-0.00874283630400896 -0.0035279449075460434 -0.23443123698234558
0.13836054503917694 0.17080089449882507 -0.3398977220058441
-0.07752428203821182 0.018160376697778702 -0.23443123698234558
-0.32268738746643066 0.07518401741981506 -0.23443123698234558
-0.38714534044265747 0.16036589443683624 -0.3398977220058441
-0.3067939579486847 0.22597771883010864 -0.23443123698234558
-0.1307912915945053 -0.10006096959114075 -0.3398977220058441
0.12059013545513153 -0.05684120953083038 -0.3398977220058441
-0.3661424517631531 0.08158169686794281 -0.23443123698234558
-0.4676375389099121 0.0363348014652729 -0.3398977220058441
-0.30493175983428955 0.063992440700531 -0.23443123698234558
-0.07554272562265396 0.2764859199523926 -0.23443123698234558
-0.44014015793800354 0.009197286330163479 -0.25542330741882324
0.17463694512844086 0.23488689959049225 -0.23669575154781342
-0.22120147943496704 0.3262529671192169 -0.33860859274864197
0.17463694512844086 0.11204571276903152 -0.26275768876075745
-0.011764084920287132 0.23943102359771729 -0.3398977220058441
-0.30718278884887695 0.13092628121376038 -0.3398977220058441
-0.17235633730888367 0.01820620894432068 -0.23443123698234558
0.06626280397176743 0.3104226589202881 -0.3340306878089905
-0.035217493772506714 0.07236572355031967 -0.23443123698234558
-0.37577301263809204 -0.056305594742298126 -0.24888794124126434
-0.15024003386497498 0.19822999835014343 -0.23443123698234558
-0.3315090239048004 -0.03262738883495331 -0.3398977220058441
-0.46016964316368103 0.16453997790813446 -0.2621985673904419
-0.3327275216579437 -0.10069041699171066 -0.28747910261154175
0.16543063521385193 0.11341583728790283 -0.3398977220058441
-0.176282599568367 0.21107876300811768 -0.3398977220058441
-0.043934255838394165 0.06679020822048187 -0.23443123698234558
-0.4631595015525818 0.16741104423999786 -0.27021753787994385
-0.07825066894292831 -0.08406258374452591 -0.23443123698234558
-0.13116241991519928 0.12197084724903107 -0.23443123698234558
0.03813004866242409 0.11333616822957993 -0.3398977220058441
-0.047255851328372955 -0.16383305191993713 -0.3398977220058441
-0.093939870595932 -0.13483363389968872 -0.23443123698234558
-0.3397093713283539 -0.09683910757303238 -0.26505187153816223
-0.22921352088451385 -0.17478540539741516 -0.2783892750740051
0.03345261886715889 0.05709628015756607 -0.3398977220058441
0.17463694512844086 0.06305611878633499 -0.30586978793144226
0.12459895014762878 0.256603479385376 -0.3398977220058441
0.07005002349615097 0.16084791719913483 -0.3398977220058441
-0.3427247405052185 0.05691981688141823 -0.23443123698234558
-0.08238974213600159 -0.18150849640369415 -0.23443123698234558
-0.38865795731544495 0.23126186430454254 -0.26989516615867615
-0.0852603167295456 -0.09851659834384918 -0.23443123698234558
0.17463694512844086 0.06567481905221939 -0.30250072479248047
0.08107518404722214 -0.003759887767955661 -0.3398977220058441
0.17348907887935638 0.27534621953964233 -0.2690718173980713
-0.386384516954422 0.23439140617847443 -0.2780087888240814
-0.2680671513080597 0.21198655664920807 -0.3398977220058441
0.10699290782213211 0.04281432926654816 -0.23443123698234558
-0.028855212032794952 0.02898508496582508 -0.3398977220058441
0.1264888346195221 0.15360601246356964 -0.23443123698234558
-0.09380289167165756 0.35948750376701355 -0.23443123698234558
0.06940010190010071 -0.13170403242111206 -0.23443123698234558
-0.31358709931373596 -0.03171294927597046 -0.3398977220058441
0.17463694512844086 0.07272655516862869 -0.2742520272731781
-0.07056360691785812 0.009081673808395863 -0.3398977220058441
-0.10880851000547409 -0.043131887912750244 -0.3398977220058441
-0.15317194163799286 -0.14080773293972015 -0.23443123698234558
-0.48371145129203796 0.03438613936305046 -0.29666489362716675
0.10085288435220718 0.15775428712368011 -0.23443123698234558
0.05789261311292648 0.1426023691892624 -0.3398977220058441
0.03784561902284622 -0.16192054748535156 -0.3398977220058441
-0.005393498577177525 0.2760206460952759 -0.23443123698234558
0.10074625164270401 -0.07739487290382385 -0.23443123698234558
-0.026829766109585762 0.16359452903270721 -0.23443123698234558
-0.24539391696453094 0.31420740485191345 -0.33720746636390686
-0.04758986458182335 0.007819073274731636 -0.3398977220058441
0.17463694512844086 0.175268292427063 -0.2560310363769531
-0.28033447265625 -0.08039254695177078 -0.23443123698234558
-0.17526137828826904 0.20533110201358795 -0.23443123698234558
-0.01639784500002861 0.22914811968803406 -0.23443123698234558
-0.12376317381858826 0.30803170800209045 -0.3398977220058441
-0.018887044861912727 0.1608821302652359 -0.23443123698234558
-0.3246130347251892 0.13839729130268097 -0.3398977220058441
-0.19182784855365753 0.021398872137069702 -0.3398977220058441
-0.17647267878055573 -0.019986364990472794 -0.3398977220058441
0.11029590666294098 -0.16262996196746826 -0.2664569020271301
0.1468346267938614 0.1349419802427292 -0.3398977220058441
0.13233253359794617 -0.08799967169761658 -0.3398977220058441
0.14079444110393524 -0.08365383744239807 -0.23443123698234558
-0.07674402743577957 0.37154489755630493 -0.23443123698234558
0.06858810782432556 0.31327617168426514 -0.32220548391342163
-0.48504889011383057 0.058010831475257874 -0.2650624215602875
-0.11293063312768936 0.11940592527389526 -0.3398977220058441
0.13741666078567505 0.06374411284923553 -0.23443123698234558
0.07924650609493256 -0.11993614584207535 -0.23443123698234558
-0.24401292204856873 0.052115198224782944 -0.23443123698234558
-0.07755714654922485 -0.06250552088022232 -0.23443123698234558
-0.3726974129676819 0.24545976519584656 -0.2836124002933502
-0.26725465059280396 0.06176849827170372 -0.3398977220058441
0.17463694512844086 -0.07741055637598038 -0.2805212736129761
-0.10573413223028183 -0.11709582060575485 -0.23443123698234558
-0.1915513128042221 -0.12405864894390106 -0.23443123698234558
-0.4021025598049164 -0.02931104227900505 -0.3398977220058441
0.06851334869861603 0.14306120574474335 -0.3398977220058441
0.08929307013750076 -0.0503402054309845 -0.23443123698234558
-0.29552769660949707 0.23921142518520355 -0.3398977220058441
-0.03150428459048271 0.35863471031188965 -0.31672072410583496
0.17018327116966248 0.2661343812942505 -0.327172189950943
-0.07384803891181946 -0.1567336469888687 -0.3398977220058441
0.07496671378612518 -0.15975631773471832 -0.23443123698234558
-0.02077418938279152 0.3499324321746826 -0.32838135957717896
0.17167475819587708 -0.07693945616483688 -0.31827425956726074
-0.03833732753992081 0.3219362497329712 -0.23443123698234558
-0.22108060121536255 0.2867310643196106 -0.23443123698234558
-0.048756130039691925 -0.0026802762877196074 -0.3398977220058441
-0.4497836232185364 0.17991705238819122 -0.3398977220058441
-0.08024949580430984 0.18520164489746094 -0.23443123698234558
-0.10808435082435608 0.17773807048797607 -0.3398977220058441
-0.001455151941627264 -0.2397952824831009 -0.23643863201141357
-0.18883953988552094 0.12008462101221085 -0.23443123698234558
0.14375299215316772 -0.010530213825404644 -0.3398977220058441
-0.07254726439714432 -0.1583985537290573 -0.3398977220058441
0.02414962649345398 0.05460376292467117 -0.3398977220058441
-0.15561287105083466 -0.19833791255950928 -0.2935278117656708
0.1334453821182251 -0.022712834179401398 -0.3398977220058441
-0.3088870048522949 0.1317611038684845 -0.3398977220058441
-0.09984277933835983 0.3704003095626831 -0.31318050622940063
-0.15777914226055145 0.2753457725048065 -0.3398977220058441
0.04261567071080208 0.33198320865631104 -0.29436829686164856
-0.3610664904117584 0.10284816473722458 -0.23443123698234558
-0.2706180214881897 -0.146874338388443 -0.298386812210083
-0.1717677116394043 -0.11804472655057907 -0.3398977220058441
-0.03835304453969002 0.3394906222820282 -0.3398977220058441
0.17463694512844086 -0.020314818248152733 -0.24810989201068878
-0.12351347506046295 0.31520357728004456 -0.3398977220058441
-0.2634587287902832 0.021437661722302437 -0.23443123698234558
-0.21070149540901184 0.29389986395835876 -0.23443123698234558
0.15537460148334503 0.011411119252443314 -0.3398977220058441
0.17463694512844086 0.23501557111740112 -0.31285443902015686
-0.4492059648036957 0.13977140188217163 -0.3398977220058441
-0.19525839388370514 0.3311697840690613 -0.23443123698234558
0.1737595796585083 0.0046512964181602 -0.3398977220058441
-0.1728019267320633 0.34675511717796326 -0.23443123698234558
0.042862843722105026 -0.05168483778834343 -0.23443123698234558
-0.0347730927169323 -0.17668533325195312 -0.3398977220058441
0.16042037308216095 -0.09802001714706421 -0.23443123698234558
0.15014740824699402 0.007818535901606083 -0.23443123698234558
0.10615044832229614 0.2069888561964035 -0.3398977220058441
-0.2521684765815735 -0.16184943914413452 -0.2790912389755249
-0.49150946736335754 0.11952513456344604 -0.3391282260417938
-0.22160325944423676 -0.0994642898440361 -0.23443123698234558
-0.15161070227622986 -0.15904377400875092 -0.3398977220058441
-0.3282831907272339 -0.0963737964630127 -0.3398977220058441
-0.11561816185712814 -0.1447531282901764 -0.3398977220058441
0.1797558218240738 -0.02381213754415512 0.25979989767074585
0.13460808992385864 -0.053536754101514816 0.4112049341201782
0.12830114364624023 0.03109780140221119 0.27659323811531067
0.08269167691469193 -0.046791765838861465 0.35059088468551636
0.08269167691469193 -0.06288453191518784 0.33660364151000977
0.08269167691469193 -0.06603970378637314 0.3404199481010437
0.1832251399755478 0.016925999894738197 0.29194286465644836
0.13420021533966064 -0.07470791041851044 0.33687978982925415
0.08269167691469193 -0.06528793275356293 0.39542192220687866
0.13058429956436157 -0.07422935217618942 0.38202691078186035
0.1832251399755478 -0.021049372851848602 0.3196602761745453
0.13627499341964722 -0.06445668637752533 0.39597398042678833
0.14935976266860962 -0.04770855978131294 0.3999970853328705
0.1623910814523697 0.0002490328042767942 0.3925325572490692
0.13284583389759064 0.037404268980026245 0.30943363904953003
0.09052993357181549 0.0169150959700346 0.30093976855278015
0.12496370822191238 -0.012601323425769806 0.2630220651626587
0.14631976187229156 0.03654898330569267 0.26333004236221313
0.09142801910638809 -0.07229943573474884 0.43730151653289795
0.1832251399755478 0.048974622040987015 0.30181705951690674
0.1832251399755478 8.820545917842537e-05 0.27906686067581177
0.1832251399755478 0.017541414126753807 0.3483564555644989
0.09071656316518784 -0.0686277449131012 0.30962154269218445
0.17705093324184418 0.03654947876930237 0.358652263879776
0.11236103624105453 -0.08740020543336868 0.35958853363990784
0.08269167691469193 -0.05012978985905647 0.447604775428772
0.1832251399755478 -0.008776575326919556 0.26253798604011536
0.13938099145889282 -0.051949676126241684 0.40757977962493896
0.1832251399755478 0.038653019815683365 0.3329698443412781
0.12745481729507446 -0.002779035596176982 0.40855270624160767
0.08269167691469193 -0.020042233169078827 0.40717318654060364
0.18001678586006165 -0.025893760845065117 0.382564902305603
0.17855477333068848 0.003251079237088561 0.3831658363342285
0.15920135378837585 -0.05373084545135498 0.3766325116157532
0.15191465616226196 -0.06538820266723633 0.3358912467956543
0.1832251399755478 -0.019752677530050278 0.35052505135536194
0.08269167691469193 -0.07578627020120621 0.38489630818367004
0.1832251399755478 0.031903401017189026 0.23616327345371246
0.12313122302293777 0.010726251639425755 0.39112788438796997
0.08269167691469193 -0.04179196432232857 0.39449557662010193
0.11042045056819916 -0.013004488311707973 0.2696024477481842
0.0932745561003685 -0.012917832471430302 0.4202614426612854
0.10537244379520416 -0.027269981801509857 0.27538323402404785
0.14114287495613098 0.02682567574083805 0.2581241726875305
0.1832251399755478 -0.03878841549158096 0.35575437545776367
0.0943494662642479 0.017409220337867737 0.297195702791214
0.1832251399755478 -0.01571289636194706 0.34740176796913147
0.13190411031246185 -0.056931573897600174 0.4115436375141144
0.08269167691469193 -0.014287224039435387 0.39935246109962463
0.08269167691469193 -0.020898543298244476 0.4149537682533264
0.08269167691469193 -0.03462279587984085 0.29397326707839966
0.1832251399755478 -0.026342058554291725 0.2942773103713989
0.08269167691469193 -0.015935884788632393 0.33020830154418945
0.13610835373401642 0.03627892583608627 0.3197668790817261
0.08269167691469193 -0.06923513859510422 0.36908408999443054
0.15394152700901031 -0.05327446386218071 0.3877733051776886
0.16835929453372955 0.021495597437024117 0.23760133981704712
0.1797231286764145 0.02598438411951065 0.36919525265693665
0.10878624767065048 -0.017782514914870262 0.4256139099597931
0.1832251399755478 0.009142113849520683 0.27887609601020813
0.13487745821475983 -0.04231778532266617 0.2785933017730713
0.15466199815273285 -0.04755043983459473 0.3939729630947113
0.17857901751995087 0.02664896659553051 0.3689594566822052
0.1832251399755478 -0.0020073861815035343 0.23806525766849518
0.08269167691469193 -0.06642720848321915 0.4069357216358185
0.08269167691469193 -0.013471530750393867 0.38402068614959717
0.08269167691469193 -0.08166506886482239 0.397136390209198
0.15947508811950684 -0.015052903443574905 0.2518059015274048
0.10364464670419693 0.005008588079363108 0.38122645020484924
0.1832251399755478 0.015735944733023643 0.3669759929180145
0.15991902351379395 0.04865052551031113 0.2673052251338959
0.08269167691469193 0.002309598494321108 0.35182711482048035
0.09897670149803162 0.0037291557528078556 0.27849435806274414
0.0976322814822197 -0.09422209858894348 0.36813271045684814
0.09887497127056122 -0.0906258299946785 0.3545709550380707
0.08269167691469193 -0.03683467581868172 0.30307984352111816
0.1346341371536255 -0.05814502388238907 0.4069192111492157
0.09840355068445206 -0.0682218000292778 0.30946654081344604
0.1832251399755478 -0.006534726358950138 0.36788612604141235
0.16043424606323242 0.017507439479231834 0.24163420498371124
0.1832251399755478 -0.018508216366171837 0.31257200241088867
0.18235746026039124 -0.002106393687427044 0.3823789656162262
0.11715161055326462 -0.05572058632969856 0.29424333572387695
0.1832251399755478 0.02857678011059761 0.34350356459617615
0.10990064591169357 -0.058764323592185974 0.297821044921875
0.08269167691469193 -0.01933365873992443 0.3282136917114258
0.1474442183971405 -0.019755272194743156 0.2580452561378479
0.12304174900054932 0.025789378210902214 0.342350572347641
0.16642971336841583 0.05028308555483818 0.25925302505493164
0.08739989995956421 -0.011147160083055496 0.4052744507789612
0.08269167691469193 -0.06371494382619858 0.3803885877132416
0.1796347200870514 0.038856614381074905 0.3546202480792999
0.12549717724323273 -0.06898356229066849 0.3124553859233856
0.1832251399755478 0.010885370895266533 0.32320988178253174
0.08269167691469193 -0.07053370028734207 0.41669517755508423
0.1083211898803711 0.013722355477511883 0.3608870804309845
0.10687035322189331 -0.0784219428896904 0.3259848952293396
0.08269167691469193 -0.033371396362781525 0.37583237886428833
0.08269167691469193 -0.008297608233988285 0.3480076193809509
0.15556912124156952 -0.06289996951818466 0.33071598410606384
0.08269167691469193 -0.01930921897292137 0.32178500294685364
0.09057947248220444 -0.0886780321598053 0.34400203824043274
0.18173304200172424 -0.04648960381746292 0.31238511204719543
0.09000855684280396 -0.09372406452894211 0.4116741418838501
0.1551428735256195 -0.0031584713142365217 0.397670716047287
0.14287054538726807 0.030346106737852097 0.35629668831825256
0.1416492611169815 -0.006815901026129723 0.2545523941516876
0.10068844258785248 -0.02426835522055626 0.276042640209198
0.10656154900789261 0.007728683762252331 0.37716442346572876
0.08590659499168396 0.017539583146572113 0.31191036105155945
0.13801515102386475 0.025134803727269173 0.2594863176345825
0.12305867671966553 -0.00591544434428215 0.262593537569046
0.08378711342811584 0.016467196866869926 0.31249067187309265
0.17257919907569885 -0.03354683145880699 0.3863331377506256
0.08269167691469193 -0.08074034750461578 0.42116594314575195
0.12439946085214615 0.0238164272159338 0.3509069085121155
0.1832251399755478 0.02506284974515438 0.24593813717365265
0.1291380077600479 0.015591591596603394 0.38453614711761475
0.17715373635292053 0.02631772682070732 0.23319990932941437
0.08392670750617981 -0.10076926648616791 0.3872373700141907
0.10878674685955048 -0.062376704066991806 0.4286782741546631
0.08541153371334076 -0.0813009962439537 0.32728368043899536
0.1422991305589676 -0.07080371677875519 0.36232635378837585
0.17075812816619873 -0.05381085351109505 0.33838561177253723
0.11694332212209702 0.03278252109885216 0.30164337158203125
0.179484024643898 0.04180825501680374 0.34854811429977417
0.15836842358112335 0.03209372237324715 0.24703870713710785
0.08269167691469193 -0.013700737617909908 0.35313379764556885
0.12914827466011047 0.027797993272542953 0.3443133533000946
0.1832251399755478 -0.006144161801785231 0.2447061538696289
0.1664312183856964 -0.007788720540702343 0.39366886019706726
0.10973585397005081 -0.061817947775125504 0.30175119638442993
0.17765231430530548 0.040866918861866 0.23659619688987732
0.16256402432918549 0.02514808624982834 0.24177391827106476
0.1832251399755478 -0.01252969540655613 0.3341323733329773
0.1258942037820816 0.03326822817325592 0.28339314460754395
0.1480603814125061 -0.062292590737342834 0.3134653568267822
0.08269167691469193 -0.08996967226266861 0.40542668104171753
0.08269167691469193 -0.021771272644400597 0.3525122106075287
0.15951202809810638 0.032211095094680786 0.24620789289474487
0.16964596509933472 -0.039115723222494125 0.3833657503128052
0.08508489280939102 -0.019828706979751587 0.4276852607727051
0.1832251399755478 0.004159622360020876 0.32686764001846313
0.17184096574783325 -0.052387211471796036 0.3168101906776428
0.08269167691469193 -0.05108920484781265 0.3327983617782593
0.08269167691469193 -0.020538631826639175 0.3961203992366791
0.1378289759159088 0.032395027577877045 0.3395949900150299
0.08269167691469193 -0.04289110377430916 0.3003050982952118
0.16783812642097473 0.03652415797114372 0.35753682255744934
0.1561335176229477 0.03768245130777359 0.2547151744365692
0.11524499207735062 0.03198396787047386 0.30389153957366943
0.09212880581617355 -0.01568819209933281 0.2786475718021393
0.14185962080955505 -0.048212405294179916 0.2864670157432556
0.14767803251743317 -0.059352807700634 0.3053024709224701
0.10571926087141037 0.011768871918320656 0.36335527896881104
0.13932672142982483 -0.05756765976548195 0.2991693913936615
0.08269167691469193 -0.029092054814100266 0.3992818593978882
0.08269167691469193 -0.04278244078159332 0.35115230083465576
0.17315270006656647 -0.05252179130911827 0.3319673240184784
0.1642536222934723 0.004910628776997328 0.38946864008903503
0.08269167691469193 -0.06136479601264 0.42360320687294006
0.08269167691469193 -0.04013320431113243 0.328897088766098
0.14408966898918152 0.04263981059193611 0.305219829082489
0.09276339411735535 0.01994132064282894 0.305497944355011
0.15575802326202393 -0.06241763383150101 0.3587537109851837
0.17293426394462585 -0.0009061124292202294 0.38785305619239807
0.17641453444957733 -0.037084370851516724 0.2798284888267517
0.08269167691469193 -0.01334441639482975 0.38388681411743164
0.12900307774543762 0.030858485028147697 0.27545490860939026
0.11482108384370804 -0.07307986170053482 0.41199493408203125
0.10066324472427368 0.01742645539343357 0.28991615772247314
0.17687584459781647 -0.049727458506822586 0.33888378739356995
0.15913662314414978 0.047503285109996796 0.308944970369339
0.09836491197347641 0.017192376777529716 0.33472928404808044
0.10964672267436981 0.024989737197756767 0.28984013199806213
0.08446340262889862 0.0030459577683359385 0.35760530829429626
0.15292657911777496 -0.03169863298535347 0.40428754687309265
0.0923411026597023 0.005716806277632713 0.3620425760746002
0.12871935963630676 -0.04748326912522316 0.41925597190856934
0.1770804226398468 0.03325076401233673 0.3628460168838501
0.08269167691469193 -0.05103932321071625 0.41404467821121216
0.1574820578098297 -0.06189575046300888 0.33062854409217834
0.1832251399755478 0.027419280260801315 0.25345727801322937
0.08269167691469193 -0.03122604265809059 0.41104644536972046
0.12792600691318512 0.02895664982497692 0.3378605246543884
0.1498880535364151 -0.038109324872493744 0.274203360080719
0.16590163111686707 0.04407995194196701 0.251770555973053
0.11447638273239136 0.02912777289748192 0.3151074945926666
0.15227121114730835 -0.05492620915174484 0.3873174786567688
0.1832251399755478 -0.04533986747264862 0.31573957204818726
0.17195811867713928 0.007502678781747818 0.3844715356826782
0.08269167691469193 -0.059680286794900894 0.3232981860637665
0.1832251399755478 -0.040760524570941925 0.3309152126312256
0.1832251399755478 0.021492481231689453 0.2847007215023041
0.08269167691469193 0.007566545624285936 0.3090018332004547
0.12888936698436737 -0.07319354265928268 0.3900425434112549
0.09190892428159714 -0.09715057909488678 0.3796398639678955
0.1635381281375885 -0.05847116559743881 0.3410664200782776
0.10399552434682846 -0.057882532477378845 0.29726672172546387
0.09629178792238235 -0.07914663851261139 0.32486477494239807
0.08269167691469193 -0.03245753049850464 0.42955419421195984
0.1363939642906189 -0.02716475911438465 0.415505051612854
0.1832251399755478 0.015211107209324837 0.24342754483222961
0.16678805649280548 -0.05644593387842178 0.33837929368019104
0.1285974383354187 -0.005046121776103973 0.25984641909599304
0.08269167691469193 -0.08611264079809189 0.3748610019683838
0.15688367187976837 0.03573198989033699 0.3565160036087036
0.12021515518426895 -0.0845097154378891 0.3598268926143646
0.12972688674926758 0.0328197181224823 0.27729249000549316
0.12472465634346008 0.019182341173291206 0.36680054664611816
0.1701694279909134 -0.053415536880493164 0.3488783836364746
0.1832251399755478 0.023515213280916214 0.31629687547683716
0.0990026667714119 0.01169543992727995 0.2841503322124481
0.17613725364208221 -0.0253548976033926 0.26096877455711365
0.08269167691469193 -0.0786810964345932 0.33667582273483276
0.11245862394571304 0.001708473777398467 0.4036308228969574
0.17724700272083282 -0.038968995213508606 0.3715597093105316
0.10691075772047043 0.012514003552496433 0.36283227801322937
0.1832251399755478 0.02551163360476494 0.2834113538265228
0.1832251399755478 0.027950329706072807 0.33830758929252625
0.09524315595626831 -0.00011921874829567969 0.38452228903770447
0.17421755194664001 0.04384840279817581 0.34334105253219604
0.08376692235469818 -0.03943607956171036 0.28864434361457825
0.1832251399755478 -0.011813121847808361 0.2617938816547394
0.08269167691469193 -0.020214270800352097 0.4115625023841858
0.08269167691469193 -0.03663571551442146 0.3854779005050659
0.1832251399755478 0.05832401663064957 0.26421505212783813
0.1315455436706543 -0.07776536047458649 0.3518185019493103
0.1309150755405426 -0.07447447627782822 0.3287031948566437
0.11706242710351944 -0.009480897337198257 0.41695505380630493
0.15318767726421356 -0.056375470012426376 0.3031674325466156
0.16589944064617157 -0.03282293304800987 0.26929765939712524
0.1832251399755478 -0.009849008172750473 0.3755206763744354
0.1832251399755478 0.0414324514567852 0.29717332124710083
0.1022796556353569 -0.08810441195964813 0.402262806892395
0.16668657958507538 0.0032164643052965403 0.24155302345752716
0.1832251399755478 0.02175811678171158 0.2848068177700043
0.1832251399755478 0.01502266339957714 0.23600594699382782
0.17339402437210083 -0.032078586518764496 0.2706702947616577
0.11252760142087936 -0.028371863067150116 0.2736036479473114
0.17969825863838196 -0.03245219960808754 0.27363184094429016
0.1832251399755478 0.003023135010153055 0.37026360630989075
0.12400534749031067 -0.0014121982967481017 0.2614923119544983
0.08269167691469193 -0.03497252240777016 0.3199438452720642
0.16949117183685303 0.013899631798267365 0.38260629773139954
0.1832251399755478 0.007382804062217474 0.30399656295776367
0.14241090416908264 0.021594557911157608 0.37864866852760315
0.1560060977935791 -0.06118616461753845 0.36220598220825195
0.1123540997505188 0.013405068777501583 0.36786216497421265
0.1832251399755478 0.03116435930132866 0.3234841823577881
0.08269167691469193 -0.03046070598065853 0.32983243465423584
0.08269167691469193 0.002798859030008316 0.3472859859466553
0.08269167691469193 -0.08676088601350784 0.39919859170913696
0.08269167691469193 -0.05583732947707176 0.4225529134273529
0.12622018158435822 0.023248322308063507 0.35546931624412537
0.1586376279592514 -0.05306439846754074 0.300271600484848
0.08269167691469193 -0.07550705969333649 0.3686167299747467
0.08269167691469193 -0.09481991082429886 0.3625856637954712
0.1025385856628418 -0.058692947030067444 0.4356916546821594
0.08269167691469193 -0.026068441569805145 0.34860411286354065
0.08269167691469193 -0.029420040547847748 0.3475560247898102
0.08269167691469193 -0.08865126967430115 0.3457353413105011
0.13286663591861725 -0.054576657712459564 0.29390817880630493
0.10294140130281448 -0.006150486413389444 0.2722829282283783
0.1832251399755478 -0.012522648088634014 0.24914491176605225
0.08780386298894882 -0.09889538586139679 0.37983986735343933
0.1647462099790573 0.024624697864055634 0.374793142080307
0.1050143837928772 -0.04317789897322655 0.4361891448497772
0.08269167691469193 -0.011580778285861015 0.32337692379951477
0.1352696269750595 -0.029751919209957123 0.26744577288627625
0.10142940282821655 0.0032008234411478043 0.3835102617740631
0.1832251399755478 0.029232069849967957 0.2668392062187195
0.08269167691469193 -0.08411204069852829 0.3993547558784485
0.08269167691469193 -0.09522192180156708 0.4125061631202698
0.14265979826450348 -0.022258879616856575 0.2608998715877533
0.10467171669006348 -0.08901481330394745 0.39398324489593506
0.08269167691469193 -0.02568020485341549 0.3213598132133484
0.1832251399755478 -0.007191475015133619 0.2940138280391693
0.08269167691469193 -0.02641688659787178 0.41181308031082153
0.16889522969722748 0.052642375230789185 0.26280978322029114
0.1832251399755478 -0.013992109335958958 0.3441724479198456
0.09227662533521652 -0.0034663898404687643 0.390089213848114
0.1589633822441101 -0.02614835649728775 0.26102882623672485
0.0983344167470932 -0.013612114824354649 0.4229690134525299
0.12756435573101044 -0.010266859084367752 0.26139408349990845
0.1832251399755478 -0.003284658072516322 0.25796177983283997
0.09607046842575073 0.018658550456166267 0.32648390531539917
0.1832251399755478 -0.03607648238539696 0.30276480317115784
0.08269167691469193 -0.021553276106715202 0.30940699577331543
0.1832251399755478 0.04695715755224228 0.2552125155925751
0.14904139935970306 -0.04440121352672577 0.2821776568889618
0.1009102463722229 -0.0598968043923378 0.43648451566696167
0.3286815881729126 0.2634120285511017 0.13864263892173767
0.31606465578079224 0.31534722447395325 0.040924809873104095
0.4011557102203369 0.23139388859272003 0.040924809873104095
0.4940916895866394 0.20158398151397705 0.08975928276777267
0.3209913969039917 0.2781882882118225 0.13864263892173767
0.3570703864097595 0.2502584457397461 0.13864263892173767
0.3885047733783722 0.03035486303269863 0.040924809873104095
0.367652952671051 -0.0018365440191701055 0.13864263892173767
0.34746119379997253 0.3512917757034302 0.08022110164165497
0.43730124831199646 0.012033454142510891 0.040924809873104095
0.3939501643180847 0.3506375849246979 0.10366746783256531
0.2667142152786255 0.2604876756668091 0.13144013285636902
0.3548031151294708 0.1611562967300415 0.040924809873104095
0.3740521967411041 0.3191850781440735 0.13864263892173767
0.42510393261909485 0.25185900926589966 0.040924809873104095
0.2928788959980011 -0.06807873398065567 0.06231388822197914
0.24673597514629364 0.1175866350531578 0.13864263892173767
0.49340784549713135 0.17157724499702454 0.11185459047555923
0.3525518476963043 0.3505862057209015 0.05261637270450592
0.2144659161567688 0.21264128386974335 0.12191677838563919
0.49928954243659973 0.13119244575500488 0.08019670844078064
0.1746687889099121 0.01981305330991745 0.09612352401018143
0.4481845498085022 -0.0015828907489776611 0.07951102405786514
0.2535572350025177 -0.05601588636636734 0.040924809873104095
0.34554755687713623 0.34540876746177673 0.1034424677491188
0.4300820529460907 -0.013786906376481056 0.07628875970840454
0.4423411190509796 0.2700229585170746 0.13864263892173767
0.4445393979549408 0.07115162909030914 0.040924809873104095
0.315905898809433 0.3130333125591278 0.12219875305891037
0.1746687889099121 0.12400338798761368 0.04358409717679024
0.4884601831436157 0.2623611092567444 0.0803971141576767
0.2460561841726303 0.2692038416862488 0.040924809873104095
0.22376155853271484 -0.03492192551493645 0.1213281974196434
0.47037261724472046 0.23250365257263184 0.040924809873104095
0.2700492739677429 0.2967851758003235 0.05300392583012581
0.4255249798297882 0.2533980906009674 0.13864263892173767
0.28884270787239075 0.19977502524852753 0.13864263892173767
0.4704415500164032 0.037828925997018814 0.061743393540382385
0.39683401584625244 0.3436144292354584 0.06903015077114105
0.21973954141139984 0.23831623792648315 0.08610348403453827
0.35048410296440125 0.3334749639034271 0.13696397840976715
0.29789140820503235 0.2970394492149353 0.12026021629571915
0.44630736112594604 0.08392896503210068 0.040924809873104095
0.4623323380947113 0.3086181879043579 0.063798688352108
0.22749239206314087 -0.0620730035007 0.09513688087463379
0.4832038879394531 0.22837990522384644 0.11896507441997528
0.3473810851573944 0.053526490926742554 0.040924809873104095
0.31710249185562134 0.2931085526943207 0.040924809873104095
0.3971453607082367 0.20655781030654907 0.13864263892173767
0.3869977295398712 0.20609024167060852 0.13864263892173767
0.24810409545898438 -0.06615595519542694 0.09375643730163574
0.19021420180797577 0.17133288085460663 0.11773747950792313
0.33501899242401123 -0.04299844801425934 0.040924809873104095
0.1746687889099121 0.022942421957850456 0.0675630271434784
0.2882523834705353 0.2619115710258484 0.13864263892173767
0.31496748328208923 0.0689149871468544 0.040924809873104095
0.2619289755821228 0.28006216883659363 0.040924809873104095
0.47477686405181885 0.2596985399723053 0.12997207045555115
0.48220860958099365 0.0822361558675766 0.040924809873104095
0.48230716586112976 0.2842448353767395 0.08016235381364822
0.22996053099632263 -0.01845325157046318 0.040924809873104095
0.35965102910995483 -0.010486486367881298 0.040924809873104095
0.45514094829559326 0.1358332484960556 0.13864263892173767
0.22442856431007385 -0.07295180857181549 0.07855396717786789
0.29710039496421814 0.29143908619880676 0.12819987535476685
0.3712887465953827 0.01485024206340313 0.13864263892173767
0.30793508887290955 0.14558756351470947 0.13864263892173767
0.39125895500183105 0.04138661175966263 0.13864263892173767
0.30465230345726013 -0.03229803219437599 0.040924809873104095
0.364225834608078 0.03745430335402489 0.040924809873104095
0.23990964889526367 0.031338103115558624 0.13864263892173767
0.35540464520454407 0.05336551368236542 0.13864263892173767
0.32122552394866943 0.0314895361661911 0.040924809873104095
0.2848281264305115 -0.06032317131757736 0.10622261464595795
0.28844258189201355 0.24945023655891418 0.13864263892173767
0.3415713310241699 0.046745508909225464 0.13864263892173767
0.37758418917655945 0.35042229294776917 0.11261119693517685
0.37142446637153625 0.21483410894870758 0.040924809873104095
0.24104043841362 0.20762479305267334 0.040924809873104095
0.33564627170562744 0.2629856467247009 0.13864263892173767
0.44170239567756653 -0.006879808846861124 0.07657717168331146
0.39285966753959656 0.029402602463960648 0.13864263892173767
0.47341087460517883 0.1316976249217987 0.13864263892173767
0.4419844150543213 0.12039688229560852 0.13864263892173767
0.34916922450065613 0.3387911915779114 0.12513896822929382
0.4071767032146454 0.17387655377388 0.13864263892173767
0.2832299768924713 0.08515013754367828 0.040924809873104095
0.49660027027130127 0.11069756746292114 0.07857337594032288
0.2265632003545761 -0.038370415568351746 0.11962447315454483
0.17696113884449005 0.10818406194448471 0.12712636590003967
0.25568169355392456 0.2680976092815399 0.040924809873104095
0.41400715708732605 0.23104113340377808 0.13864263892173767
0.1746687889099121 0.00145053886808455 0.04912465438246727
0.398676335811615 0.05069630965590477 0.13864263892173767
0.36800938844680786 0.17464983463287354 0.13864263892173767
0.19295647740364075 -0.08351404219865799 0.05502539128065109
0.42427194118499756 0.2370195835828781 0.040924809873104095
0.26500657200813293 0.24649611115455627 0.13864263892173767
0.471289724111557 0.23505763709545135 0.13864263892173767
0.2804727554321289 0.3050430119037628 0.07009606808423996
0.2169468253850937 -0.017934594303369522 0.131497323513031
0.1749247908592224 0.022009439766407013 0.12017370760440826
0.23260241746902466 0.07315893471240997 0.040924809873104095
0.4196050465106964 0.014879901893436909 0.040924809873104095
0.28620225191116333 0.1381957083940506 0.040924809873104095
0.48809051513671875 0.25710329413414 0.09218182414770126
0.4957927465438843 0.1893416792154312 0.07723652571439743
0.21556363999843597 0.027762923389673233 0.13864263892173767
0.36303165555000305 0.13397032022476196 0.13864263892173767
0.21719613671302795 -0.04871866852045059 0.040924809873104095
0.325662225484848 -0.02624652534723282 0.13864263892173767
0.3075546324253082 -0.06159604340791702 0.0881512239575386
0.17885644733905792 0.04295565187931061 0.1280418038368225
0.2953973710536957 0.11805068701505661 0.040924809873104095
0.47521597146987915 0.26935821771621704 0.1217292845249176
0.1746687889099121 0.1096721738576889 0.10249682515859604
0.3133266866207123 0.04095691069960594 0.040924809873104095
0.4669382870197296 0.039802100509405136 0.04135335981845856
0.30678969621658325 0.16275480389595032 0.040924809873104095
0.2045743614435196 0.09378989040851593 0.040924809873104095
0.33931517601013184 -0.05234958976507187 0.06954377144575119
0.4032561480998993 0.31035736203193665 0.040924809873104095
0.29959991574287415 0.2320725917816162 0.040924809873104095
0.44891560077667236 0.15254759788513184 0.040924809873104095
0.2703471779823303 -0.07391910254955292 0.06150868907570839
0.3615875542163849 0.288079172372818 0.040924809873104095
0.20497947931289673 0.1438872069120407 0.13864263892173767
0.25049570202827454 0.12940514087677002 0.040924809873104095
0.2902405261993408 0.31453007459640503 0.06682233512401581
0.4676356911659241 0.30444031953811646 0.06659440696239471
0.28185445070266724 0.21328601241111755 0.040924809873104095
0.3488285541534424 -0.007581530604511499 0.040924809873104095
0.4322687089443207 0.2740037441253662 0.13864263892173767
0.46204620599746704 0.19732153415679932 0.040924809873104095
0.21540343761444092 0.047513991594314575 0.040924809873104095
0.21982669830322266 0.21996568143367767 0.1197253167629242
0.2600424289703369 0.03086741641163826 0.13864263892173767
0.24391604959964752 0.1168724000453949 0.040924809873104095
0.3912593722343445 0.05772077664732933 0.13864263892173767
0.37619224190711975 0.338191956281662 0.13864263892173767
0.43691930174827576 0.32471343874931335 0.06091694533824921
0.33493170142173767 0.13034245371818542 0.13864263892173767
0.24357110261917114 0.07232284545898438 0.13864263892173767
0.40344858169555664 0.25236019492149353 0.13864263892173767
0.49475371837615967 0.19630339741706848 0.08833190053701401
0.4857316017150879 0.2675033509731293 0.09322861582040787
0.2157297134399414 0.09935527294874191 0.13864263892173767
0.46646249294281006 0.05107496678829193 0.040924809873104095
0.48686400055885315 0.1837168037891388 0.040924809873104095
0.1765231192111969 0.009752944111824036 0.11819828301668167
0.28400465846061707 0.05999617651104927 0.13864263892173767
0.4742604196071625 0.11520292609930038 0.13864263892173767
0.42845234274864197 0.24835243821144104 0.13864263892173767
0.4187880754470825 0.10892633348703384 0.040924809873104095
0.2835833430290222 0.2801186740398407 0.1256304383277893
0.485796183347702 0.2710566222667694 0.0887233167886734
0.38898828625679016 -0.008645238354802132 0.13864263892173767
0.4146725833415985 0.09258333593606949 0.040924809873104095
0.48873403668403625 0.07621002197265625 0.08195920288562775
0.2548668086528778 0.12047073990106583 0.040924809873104095
0.4178750514984131 0.3009159564971924 0.040924809873104095
0.3157329857349396 0.004880934488028288 0.13864263892173767
0.25546035170555115 -0.01725681871175766 0.13864263892173767
0.3717745840549469 0.2901800274848938 0.13864263892173767
0.3600512146949768 -0.04541315138339996 0.07377218455076218
0.49493393301963806 0.1666393131017685 0.060709595680236816
0.4044661819934845 0.09979105740785599 0.040924809873104095
0.4274052679538727 0.2475348711013794 0.040924809873104095
0.1746687889099121 -0.020716264843940735 0.06529070436954498
0.27790236473083496 0.16837456822395325 0.13864263892173767
0.18295852839946747 0.08472412824630737 0.13814935088157654
0.3440580368041992 0.15056851506233215 0.13864263892173767
0.4097782075405121 0.18704013526439667 0.13864263892173767
0.42180657386779785 0.17659083008766174 0.040924809873104095
0.22664982080459595 -0.038191039115190506 0.11979600042104721
0.2533171772956848 0.2798338532447815 0.04175728186964989
0.2553548812866211 -0.04776187241077423 0.11963728815317154
0.4810844957828522 0.18370994925498962 0.040924809873104095
0.4461517930030823 0.003958317916840315 0.056718021631240845
0.2816040515899658 0.1990531086921692 0.040924809873104095
0.25235891342163086 0.20003244280815125 0.13864263892173767
0.33410993218421936 0.14376069605350494 0.13864263892173767
0.2636635899543762 0.2569671869277954 0.13244229555130005
0.1746687889099121 0.05025747790932655 0.09470322728157043
0.3513316214084625 0.26741325855255127 0.13864263892173767
0.27759602665901184 -0.07205437123775482 0.046190571039915085
0.23194333910942078 0.1764986664056778 0.13864263892173767
0.3192299008369446 0.3067600429058075 0.13761162757873535
0.27758878469467163 0.21878285706043243 0.13864263892173767
0.30705323815345764 -0.03597133234143257 0.13864263892173767
0.488545298576355 0.25796443223953247 0.085254967212677
0.1746687889099121 0.19572728872299194 0.042228300124406815
0.2186388075351715 0.2401263564825058 0.08050768077373505
0.1825496107339859 0.10288477689027786 0.13743144273757935
0.20296664535999298 0.19655726850032806 0.040924809873104095
0.40835869312286377 -0.012625861912965775 0.13864263892173767
0.34673628211021423 0.1657004952430725 0.040924809873104095
0.39482223987579346 0.2679430842399597 0.040924809873104095
0.17997144162654877 -0.06536176055669785 0.040924809873104095
0.27402564883232117 -0.04817575216293335 0.1243269219994545
0.38218578696250916 0.03125380724668503 0.13864263892173767
0.3125531077384949 0.26216307282447815 0.040924809873104095
0.1746687889099121 0.034608110785484314 0.10249156504869461
0.3000596761703491 0.29895609617233276 0.12050735950469971
0.4323003590106964 0.08139105141162872 0.13864263892173767
0.1875653713941574 0.1557610034942627 0.12567664682865143
0.2377575933933258 -0.07198935002088547 0.08055513352155685
0.2648123800754547 -0.07614769041538239 0.05430077388882637
0.17523781955242157 0.031650226563215256 0.040924809873104095
0.2744974195957184 0.29261329770088196 0.08643226325511932
0.20637574791908264 0.23267985880374908 0.071354940533638
0.49441176652908325 0.20782370865345 0.06897010654211044
0.2642233073711395 -0.05387992411851883 0.11494950950145721
0.18007755279541016 0.219505175948143 0.040924809873104095
0.19437135756015778 0.22602084279060364 0.040924809873104095
0.24954894185066223 -0.04808066412806511 0.11765527725219727
0.39257821440696716 0.3441638648509979 0.06366670876741409
0.4640454649925232 0.150563046336174 0.13864263892173767
0.29851868748664856 0.29327067732810974 0.12741471827030182
0.19700464606285095 -0.0808328315615654 0.06091252714395523
0.3087145984172821 0.0508294403553009 0.040924809873104095
0.3136192262172699 0.31657615303993225 0.11282210052013397
0.1938415914773941 -0.06283720582723618 0.08491761982440948
0.4636695086956024 0.07005187124013901 0.13864263892173767
0.4349365830421448 0.3135572075843811 0.13864263892173767
0.3083448112010956 0.15492397546768188 0.040924809873104095
0.4879326820373535 0.21789149940013885 0.10970407724380493
0.1746687889099121 0.10973674058914185 0.041349247097969055
0.18624986708164215 -0.08030527085065842 0.05975857004523277
0.32876983284950256 -0.05109664052724838 0.041012465953826904
0.40191349387168884 0.031287238001823425 0.13864263892173767
0.4933537542819977 0.09692870080471039 0.08778177946805954
0.18168562650680542 0.07235617190599442 0.040924809873104095
0.19408735632896423 0.19452156126499176 0.10497405380010605
0.4437901973724365 0.025110840797424316 0.040924809873104095
0.34921514987945557 0.07440327852964401 0.13864263892173767
0.45634084939956665 0.07715148478746414 0.040924809873104095
0.4662460684776306 0.3057910203933716 0.0848446637392044
0.21313194930553436 0.19078227877616882 0.040924809873104095
0.31117939949035645 -0.06233439967036247 0.0772252157330513
0.1746687889099121 0.12414240837097168 0.07382374256849289
0.3361124098300934 0.3287080228328705 0.040924809873104095
0.46147826313972473 0.3035447299480438 0.1097339317202568
0.24456948041915894 0.013949107378721237 0.040924809873104095
0.31768998503685 -0.04714580252766609 0.040924809873104095
0.3963533937931061 0.07978403568267822 0.13864263892173767
0.25661560893058777 0.20852632820606232 0.13864263892173767
0.3344595730304718 -0.04233318567276001 0.040924809873104095
0.3951256573200226 0.06685402244329453 0.13864263892173767
0.1746687889099121 0.028746141120791435 0.10962459444999695
0.1923135221004486 -0.05604057386517525 0.09140981733798981
0.3721015453338623 0.045500144362449646 0.040924809873104095
0.1746687889099121 0.11055491119623184 0.05125986784696579
0.32314828038215637 0.17878776788711548 0.040924809873104095
0.3460323214530945 0.3300512731075287 0.040924809873104095
0.48797544836997986 0.09138010442256927 0.1211821585893631
0.2426195591688156 0.07186654955148697 0.040924809873104095
0.45285454392433167 0.00494346721097827 0.06705465167760849
0.3726635277271271 0.2168031483888626 0.040924809873104095
0.4957617223262787 0.18911048769950867 0.07942818850278854
0.23366694152355194 -0.054656900465488434 0.10557609051465988
0.2775474190711975 0.14482879638671875 0.040924809873104095
0.3964124023914337 0.09469256550073624 0.13864263892173767
0.3278407156467438 0.19048145413398743 0.13864263892173767
0.2935446798801422 0.2155233770608902 0.13864263892173767
0.2916122376918793 0.15573245286941528 0.040924809873104095
0.4392012357711792 0.22664190828800201 0.040924809873104095
0.3559974133968353 0.07554581761360168 0.040924809873104095
0.43760064244270325 0.09757290035486221 0.040924809873104095
0.32412946224212646 0.11291668564081192 0.040924809873104095
0.2635832130908966 0.021602269262075424 0.13864263892173767
0.38597726821899414 0.22608231008052826 0.040924809873104095
0.39452964067459106 -0.025003084912896156 0.04499366506934166
0.4319505989551544 0.1972225159406662 0.13864263892173767
0.4727267622947693 0.19473370909690857 0.040924809873104095
0.1746687889099121 0.09408500790596008 0.06265603750944138
0.49399667978286743 0.13436561822891235 0.11732522398233414
0.2338649481534958 0.20846600830554962 0.040924809873104095
0.2587950527667999 0.20722900331020355 0.040924809873104095
0.32590779662132263 0.128370463848114 0.13864263892173767
0.26344284415245056 0.2413746565580368 0.13864263892173767
0.2483934611082077 0.12092006951570511 0.040924809873104095
0.49103453755378723 0.12299791723489761 0.12457109242677689
0.2599366009235382 -0.05981633439660072 0.1060657873749733
0.47237429022789 0.048332128673791885 0.12956152856349945
0.22557422518730164 -0.08056644350290298 0.05936364457011223
0.1746687889099121 0.03774414584040642 0.05715150758624077
0.2564540207386017 0.14214664697647095 0.040924809873104095
0.17868363857269287 0.17822006344795227 0.040924809873104095
0.24396783113479614 0.026064040139317513 0.13864263892173767
0.1829541176557541 0.14321845769882202 0.12564294040203094
0.44514286518096924 0.3207951486110687 0.12591680884361267
0.23634769022464752 -0.06111589074134827 -0.01427046675235033
0.21761184930801392 0.2622702717781067 -0.01427046675235033
0.3383929431438446 0.1266445815563202 -0.01427046675235033
0.20185652375221252 0.23275643587112427 -0.01427046675235033
0.29616841673851013 0.23078593611717224 -0.01427046675235033
0.380929172039032 -0.004811763297766447 -0.01427046675235033
0.29511216282844543 0.28896817564964294 0.040924809873104095
0.3459491431713104 -0.007023578975349665 0.040924809873104095
0.4228477478027344 0.18338026106357574 0.040924809873104095
0.46499103307724 0.05854610353708267 0.040924809873104095
0.2755852937698364 -0.07650189846754074 0.034052204340696335
0.44951748847961426 0.26481810212135315 0.008876146748661995
0.3102335035800934 0.19928114116191864 0.040924809873104095
0.37621039152145386 0.07880941778421402 -0.01427046675235033
0.2584204375743866 0.11555440723896027 0.040924809873104095
0.3796536922454834 -0.040534574538469315 0.0019158333307132125
0.3029177188873291 0.16231697797775269 -0.01427046675235033
0.46430113911628723 0.20403406023979187 0.011181436479091644
0.2956553101539612 0.317374050617218 0.03543269261717796
0.35702618956565857 0.13845251500606537 0.040924809873104095
0.19436109066009521 -0.027133319526910782 -0.01427046675235033
0.3780432939529419 0.15538248419761658 -0.01427046675235033
0.2047511637210846 0.24316471815109253 0.03837460279464722
0.4820438027381897 0.2571830153465271 0.03455419838428497
0.25911185145378113 0.16892224550247192 0.040924809873104095
0.3616180121898651 0.049497008323669434 -0.01427046675235033
0.3034113645553589 0.053312718868255615 -0.01427046675235033
0.2702190577983856 0.2640978991985321 0.040924809873104095
0.4397878050804138 0.14826004207134247 -0.01427046675235033
0.1746540665626526 0.05752575397491455 -0.01427046675235033
0.42238205671310425 0.2977003753185272 0.040924809873104095
0.4783979654312134 0.07690158486366272 0.040924809873104095
0.4169909358024597 0.2171250879764557 0.040924809873104095
0.21743911504745483 0.12985312938690186 -0.01427046675235033
0.333265095949173 0.22350436449050903 -0.01427046675235033
0.2112809717655182 0.2785925269126892 -0.005587738938629627
0.4655199646949768 0.12321078032255173 0.040924809873104095
0.299833744764328 -0.026400089263916016 -0.01427046675235033
0.39446383714675903 0.18739284574985504 0.040924809873104095
0.246306374669075 -0.03322828561067581 -0.01427046675235033
0.40485909581184387 0.0407257080078125 0.040924809873104095
0.4021816551685333 0.1372712105512619 -0.01427046675235033
0.4192293882369995 0.018093638122081757 0.040924809873104095
0.4457547962665558 0.24303880333900452 0.040924809873104095
0.2633025646209717 0.29924488067626953 0.02698838710784912
0.19541992247104645 0.2540808320045471 0.017665185034275055
0.38455843925476074 0.08465268462896347 -0.01427046675235033
0.4516296684741974 0.26027926802635193 0.008845043368637562
0.18570618331432343 -0.10900280624628067 -0.0022054980508983135
0.25722604990005493 -0.08950341492891312 0.022913480177521706
0.29588472843170166 0.02935723215341568 0.040924809873104095
0.3857789933681488 0.0653197392821312 -0.01427046675235033
0.34998518228530884 0.05906632915139198 -0.01427046675235033
0.3365413546562195 0.05736576020717621 0.040924809873104095
0.33336135745048523 0.22424784302711487 0.040924809873104095
0.33703431487083435 0.0224751066416502 -0.01427046675235033
0.27412158250808716 -0.0589180625975132 0.040924809873104095
0.4872599244117737 0.10772889107465744 0.040924809873104095
0.4298250079154968 0.19940175116062164 -0.01012105867266655
0.2896116375923157 0.011535855941474438 -0.01427046675235033
0.44804614782333374 0.05746424198150635 0.040924809873104095
0.4013338088989258 0.2978242337703705 0.0066086603328585625
0.40319380164146423 0.0615314245223999 0.040924809873104095
0.4832434356212616 0.14212198555469513 0.029030926525592804
0.2502615749835968 -0.01719523034989834 -0.01427046675235033
0.22364459931850433 0.11701163649559021 -0.01427046675235033
0.17463698983192444 -0.04690229147672653 0.016879325732588768
0.2156512290239334 0.1834707409143448 0.040924809873104095
0.478933185338974 0.09123381227254868 0.024759558960795403
0.30350086092948914 0.19769062101840973 -0.01427046675235033
0.3237341046333313 0.33371812105178833 0.032545141875743866
0.2507728934288025 0.1501995474100113 -0.01427046675235033
0.39033031463623047 0.33222463726997375 0.03233299031853676
0.3934027850627899 0.08455803990364075 0.040924809873104095
0.4387199282646179 0.19215580821037292 -0.008177385665476322
0.17463698983192444 0.16506139934062958 0.004414633847773075
0.33334261178970337 0.32580918073654175 0.01981406658887863
0.19308039546012878 0.023641549050807953 -0.01427046675235033
0.2025110423564911 -0.07349426299333572 -0.01427046675235033
0.2586538791656494 -0.05975627154111862 0.040924809873104095
0.3997374176979065 -0.02449929527938366 -0.006380897480994463
0.17463698983192444 0.09791180491447449 0.010409061796963215
0.44892919063568115 0.20626318454742432 -0.001285218633711338
0.3653091490268707 0.20470933616161346 -0.01427046675235033
0.33996155858039856 0.17563505470752716 -0.01427046675235033
0.19805970788002014 0.022725781425833702 0.040924809873104095
0.34562814235687256 -0.06306687742471695 -0.008860759437084198
0.29402226209640503 0.0402551144361496 0.040924809873104095
0.3721601665019989 0.3028668165206909 0.0049926224164664745
0.23796048760414124 -0.10082482546567917 0.010521657764911652
0.2216845005750656 -0.10626792907714844 0.004583506379276514
0.24879463016986847 0.1895841509103775 -0.01427046675235033
0.43965500593185425 0.03127075359225273 -0.006943852175027132
0.17463698983192444 0.10437002778053284 -0.01284764427691698
0.38369220495224 0.2953505516052246 0.0015611788257956505
0.18718160688877106 -0.03811243548989296 -0.01427046675235033
0.3561270236968994 -0.02835104987025261 0.040924809873104095
0.20954152941703796 -0.06268666684627533 0.040924809873104095
0.29626649618148804 -0.035298656672239304 0.040924809873104095
0.22045902907848358 -0.003386674914509058 0.040924809873104095
0.2566533386707306 0.17911379039287567 -0.01427046675235033
0.4722249209880829 0.10181765258312225 0.040924809873104095
0.3398350179195404 0.2502189576625824 0.040924809873104095
0.21987608075141907 0.22731569409370422 0.040924809873104095
0.4423031508922577 0.07276034355163574 -0.01427046675235033
0.31510764360427856 0.3286318778991699 0.028151189908385277
0.3165184557437897 0.2797752618789673 -0.006006565410643816
0.20547667145729065 0.18891672790050507 -0.01427046675235033
0.18018172681331635 -0.03474771976470947 -0.01427046675235033
0.2773135304450989 0.13730177283287048 0.040924809873104095
0.30351418256759644 -0.06256749480962753 0.038466040045022964
0.3556821346282959 0.34102314710617065 0.040924809873104095
0.39810729026794434 0.21749094128608704 -0.01427046675235033
0.20566266775131226 0.2606818377971649 -0.01427046675235033
0.27739983797073364 0.22093673050403595 0.040924809873104095
0.2816675901412964 0.15223196148872375 0.040924809873104095
0.482003390789032 0.15404362976551056 0.027764514088630676
0.33586907386779785 0.044210284948349 -0.01427046675235033
0.2603985667228699 -0.10081271827220917 -7.587117124785436e-06
0.43947145342826843 0.14051029086112976 0.040924809873104095
0.39352476596832275 0.23510269820690155 0.040924809873104095
0.17463698983192444 -0.1028904840350151 -0.014077671803534031
0.2657524347305298 0.19754788279533386 0.040924809873104095
0.2964023947715759 0.10877668857574463 0.040924809873104095
0.2847262918949127 0.1666065901517868 0.040924809873104095
0.32121843099594116 0.08202286064624786 -0.01427046675235033
0.41246652603149414 0.0384695790708065 -0.01427046675235033
0.30534303188323975 -0.005151880439370871 0.040924809873104095
0.2586962878704071 0.06397459656000137 -0.01427046675235033
0.30830439925193787 0.09362948685884476 -0.01427046675235033
0.34374386072158813 -0.04194903001189232 -0.01427046675235033
0.3060273230075836 -0.01600918360054493 -0.01427046675235033
0.46873584389686584 0.04666094109416008 0.03281321004033089
0.37191715836524963 0.312674880027771 0.010597802698612213
0.2666233479976654 0.1702038049697876 0.040924809873104095
0.4241624176502228 -0.004304478410631418 0.01861383579671383
0.32891881465911865 0.17514607310295105 -0.01427046675235033
0.4522550404071808 0.14370253682136536 -0.006598679348826408
0.4508664011955261 0.023554343730211258 0.030098628252744675
0.45244917273521423 0.029664017260074615 0.040924809873104095
0.20941853523254395 0.23944874107837677 -0.01427046675235033
0.3231622576713562 -0.051873739808797836 -0.01427046675235033
0.1888846755027771 0.007235222961753607 0.040924809873104095
0.4019525945186615 0.15506859123706818 0.040924809873104095
0.27824655175209045 0.2761055827140808 0.040924809873104095
0.34541651606559753 0.2908548414707184 -0.0009921587770804763
0.3515219986438751 0.18264546990394592 0.040924809873104095
0.46618348360061646 0.2309838831424713 0.01576101779937744
0.3327818214893341 0.27163633704185486 -0.008952191099524498
0.17463698983192444 0.21368619799613953 -0.012909113429486752
0.1834007203578949 0.005184054374694824 -0.01427046675235033
0.4879072308540344 0.11491658538579941 0.03504815697669983
0.2897259593009949 -0.08462697267532349 -0.01427046675235033
0.33248353004455566 0.16094103455543518 -0.01427046675235033
0.4053303599357605 -0.0180573221296072 0.033756230026483536
0.4043150544166565 0.02178322523832321 0.040924809873104095
0.18747937679290771 0.24997834861278534 0.015183760784566402
0.19775938987731934 0.10190222412347794 -0.01427046675235033
0.3656196594238281 0.29147157073020935 -0.0005258535384200513
0.3063311278820038 0.2742578089237213 -0.008445341140031815
0.37870991230010986 0.10779757052659988 0.040924809873104095
0.23202399909496307 -0.09672358632087708 0.020115718245506287
0.2116186022758484 0.21469448506832123 -0.01427046675235033
0.31917762756347656 0.11159148067235947 0.040924809873104095
0.3836912214756012 -0.03833777830004692 -0.0021983429323881865
0.19576026499271393 0.005056662950664759 0.040924809873104095
0.39017441868782043 0.0604066327214241 0.040924809873104095
0.48467883467674255 0.24245958030223846 0.040924809873104095
0.17463698983192444 0.05040763318538666 0.035074383020401
0.4611896872520447 0.17586366832256317 0.040924809873104095
0.28069373965263367 0.27573174238204956 0.040924809873104095
0.3315794765949249 0.004568622913211584 -0.01427046675235033
0.2534504234790802 -0.06248237565159798 0.040924809873104095
0.45146679878234863 0.1781831979751587 -0.0037962584756314754
0.3315112888813019 0.31445592641830444 0.01226533018052578
0.30243781208992004 0.319918155670166 0.03868333622813225
0.2591162323951721 0.2985495626926422 0.02395118959248066
0.43257829546928406 0.022905224934220314 -0.011905423365533352
0.18031233549118042 -0.02923075668513775 0.040924809873104095
0.326870322227478 0.3196655809879303 0.016006765887141228
0.26241251826286316 0.1248696818947792 0.040924809873104095
0.22612330317497253 0.06894004344940186 -0.01427046675235033
0.17463698983192444 0.07909205555915833 0.008227545768022537
0.24612489342689514 0.02321411855518818 -0.01427046675235033
0.47763165831565857 0.07486326992511749 0.040924809873104095
0.21762318909168243 0.09972667694091797 0.040924809873104095
0.3979066014289856 0.32466211915016174 0.027137577533721924
0.26167774200439453 -0.016663184389472008 0.040924809873104095
0.3181464672088623 0.2353336066007614 -0.01427046675235033
0.2991414964199066 0.12989750504493713 -0.01427046675235033
0.3831029534339905 0.29353854060173035 0.040924809873104095
0.1755359172821045 0.19996218383312225 -0.01427046675235033
0.21947842836380005 0.22634805738925934 0.040924809873104095
0.19382339715957642 0.20701763033866882 0.040924809873104095
0.20700597763061523 -0.0499255545437336 -0.01427046675235033
0.3646623194217682 0.0956345945596695 0.040924809873104095
0.41798773407936096 -0.00930600706487894 0.011737003922462463
0.4191828668117523 0.06864006072282791 0.040924809873104095
0.33295682072639465 0.04390742629766464 -0.01427046675235033
0.2016887366771698 0.23458071053028107 -0.01427046675235033
0.24605809152126312 -0.03488902747631073 -0.01427046675235033
0.2780221402645111 0.12769079208374023 0.040924809873104095
0.1918078064918518 0.10586371272802353 0.040924809873104095
0.3362590968608856 0.2562430799007416 -0.01427046675235033
0.3658412992954254 0.2627647817134857 0.040924809873104095
0.20984682440757751 0.01814475655555725 -0.01427046675235033
0.2359398752450943 -0.06671652942895889 0.040924809873104095
0.4368962049484253 0.22526448965072632 -0.002988790161907673
0.41270342469215393 0.12212434411048889 -0.01427046675235033
0.2558940351009369 0.0373956561088562 -0.01427046675235033
0.3112868368625641 0.0917758047580719 0.040924809873104095
0.461814284324646 0.06993409246206284 0.040924809873104095
0.2824223041534424 0.29912787675857544 0.040924809873104095
0.43238919973373413 0.22484652698040009 -0.004662828519940376
0.24703022837638855 -0.09600787609815598 0.016672559082508087
0.4857742190361023 0.2030131220817566 0.037724222987890244
0.47998538613319397 0.0961202085018158 0.025063684210181236
0.3215862810611725 0.03148266673088074 0.040924809873104095
0.3750150203704834 0.23621073365211487 -0.01427046675235033
0.3384326994419098 0.05950971320271492 0.040924809873104095
0.2992016077041626 -0.00999714806675911 -0.01427046675235033
0.44644835591316223 0.27008047699928284 0.040924809873104095
0.38442039489746094 0.11415644735097885 0.040924809873104095
0.30423393845558167 0.013709057122468948 0.040924809873104095
0.1890588104724884 0.06043721362948418 0.040924809873104095
0.22392377257347107 0.14864227175712585 -0.01427046675235033
0.3930942714214325 0.21173398196697235 -0.01427046675235033
0.24752922356128693 0.21105174720287323 0.040924809873104095
0.3669276833534241 0.17429234087467194 -0.01427046675235033
0.17463698983192444 -0.09884770214557648 0.016079843044281006
0.30505919456481934 0.11326073110103607 -0.01427046675235033
0.4109196364879608 0.18540963530540466 -0.01427046675235033
0.3463866114616394 0.05523739755153656 -0.01427046675235033
0.3448987305164337 0.2273043543100357 -0.01427046675235033
0.2480355203151703 -0.041167158633470535 0.040924809873104095
0.23192231357097626 0.23652689158916473 -0.01427046675235033
0.19270235300064087 0.15253201127052307 0.040924809873104095
0.27852439880371094 -0.08173361420631409 0.024702196940779686
0.19273993372917175 0.024927210062742233 -0.01427046675235033
0.36532992124557495 0.20800867676734924 -0.01427046675235033
0.4172920882701874 -0.0083046555519104 0.0029444934334605932
0.19874924421310425 0.24208299815654755 0.03461736813187599
0.42538464069366455 0.1836700737476349 -0.01427046675235033
0.3195841908454895 0.050243619829416275 -0.01427046675235033
0.29242733120918274 0.0900866836309433 -0.01427046675235033
0.3243289887905121 0.04124447703361511 0.040924809873104095
0.4562552571296692 0.1930295079946518 0.040924809873104095
0.476877361536026 0.22923430800437927 0.040924809873104095
0.34190917015075684 0.08002994954586029 -0.01427046675235033
0.29489412903785706 -0.008116944693028927 0.040924809873104095
0.17463698983192444 -0.021102217957377434 -0.0009781619301065803
0.17463698983192444 -0.029462147504091263 -0.00022688637545797974
0.454183429479599 0.28389960527420044 0.019339904189109802
0.37421706318855286 0.01800674945116043 -0.01427046675235033
0.17463698983192444 0.16948021948337555 0.00452897883951664
0.35203665494918823 0.0028502829372882843 0.040924809873104095
0.4603794813156128 0.25771063566207886 0.040924809873104095
0.1917944848537445 0.2619992196559906 -0.01427046675235033
0.32140010595321655 0.15551762282848358 0.040924809873104095
0.3202594816684723 -0.009646750055253506 0.040924809873104095
0.24709731340408325 0.10504993796348572 -0.01427046675235033
0.1947440356016159 0.25383639335632324 -0.01427046675235033
0.42334336042404175 0.14079789817333221 -0.01427046675235033
0.4610389471054077 0.06760447472333908 0.040924809873104095
0.18657182157039642 0.21729658544063568 0.040924809873104095
0.3648304045200348 0.04555751010775566 -0.01427046675235033
0.21643637120723724 -0.05860188603401184 -0.01427046675235033
0.2667410373687744 0.2457675337791443 -0.01427046675235033
0.18605834245681763 -0.09144061803817749 -0.01427046675235033
0.3273526430130005 0.3276228606700897 0.02133811265230179
0.24406179785728455 0.07211896777153015 -0.01427046675235033
0.18862192332744598 -0.09772802144289017 -0.01427046675235033
0.47643035650253296 0.2634592652320862 0.040924809873104095
0.35758334398269653 0.24912422895431519 0.040924809873104095
0.28703421354293823 0.11532464623451233 0.040924809873104095
0.43101784586906433 0.0018117373110726476 0.025124987587332726
0.3071916401386261 0.1823650747537613 -0.01427046675235033
0.20731012523174286 -0.011321918107569218 -0.01427046675235033
0.3276577889919281 0.16040027141571045 -0.01427046675235033
0.4473801851272583 0.04384272173047066 0.040924809873104095
0.2672393321990967 0.2824276089668274 -0.00509586650878191
0.31603410840034485 0.20025156438350677 -0.01427046675235033
0.32208359241485596 0.007702832575887442 0.040924809873104095
0.28285345435142517 -0.021293122321367264 -0.01427046675235033
0.2612610161304474 0.1392390877008438 0.040924809873104095
0.22146789729595184 -0.032338183373212814 -0.01427046675235033
0.18808451294898987 -0.03816045820713043 -0.01427046675235033
0.20876029133796692 0.14747074246406555 0.040924809873104095
0.3302527666091919 -0.008138717152178288 -0.01427046675235033
0.18321318924427032 0.26490890979766846 -0.008011207915842533
0.3115042448043823 0.15380476415157318 0.040924809873104095
0.26799529790878296 0.23154377937316895 -0.01427046675235033
0.18317769467830658 0.09484098851680756 0.13882294297218323
0.18307268619537354 0.09535583108663559 0.13866208493709564
0.183109313249588 0.09529013186693192 0.1387171894311905
0.183148592710495 0.09795568138360977 0.1387518346309662
0.1831984668970108 0.09533659368753433 0.1388494372367859
0.1832030862569809 0.09894759953022003 0.13882407546043396
0.1832251250743866 0.08817249536514282 0.13872933387756348
0.18315289914608002 0.09393282979726791 0.13864265382289886
0.1832251250743866 0.08969706296920776 0.13892947137355804
0.1832251250743866 0.09003346413373947 0.13878484070301056
0.1832251250743866 0.09262166917324066 0.13883158564567566
0.18317490816116333 0.09870334714651108 0.13878433406352997
0.18303409218788147 0.09064516425132751 0.13864265382289886
0.18317830562591553 0.09101502597332001 0.13885799050331116
0.1832251250743866 0.09988778084516525 0.1388215720653534
0.1832251250743866 0.09485388547182083 0.13875041902065277
0.18316930532455444 0.09943463653326035 0.13864265382289886
0.18307211995124817 0.09675478935241699 0.13864265382289886
0.18309496343135834 0.08893237262964249 0.13864265382289886
0.18315371870994568 0.09294553846120834 0.13880416750907898
0.18320487439632416 0.10042902827262878 0.13881351053714752
0.18309913575649261 0.09606325626373291 0.1386951357126236
0.183202862739563 0.09470578283071518 0.13886161148548126
0.1832251250743866 0.09029955416917801 0.13886980712413788
0.1832251250743866 0.09108590334653854 0.13879883289337158
0.1831396371126175 0.09242499619722366 0.13864265382289886
0.1832251250743866 0.09705513715744019 0.13873524963855743
0.1832251250743866 0.08868367969989777 0.13878858089447021
0.18317337334156036 0.0939108282327652 0.13864265382289886
0.1831422746181488 0.09689073264598846 0.13875195384025574
0.1832251250743866 0.09101326763629913 0.1388111114501953
0.1832251250743866 0.09636706858873367 0.13878534734249115
0.18309403955936432 0.09573319554328918 0.1386905014514923
0.1832251250743866 0.09884148836135864 0.13879138231277466
0.1832251250743866 0.09522321075201035 0.1388256996870041
0.18320293724536896 0.0995245948433876 0.13881871104240417
0.18321959674358368 0.09300486743450165 0.1389016956090927
0.18317560851573944 0.09227694571018219 0.13884271681308746
0.1832251250743866 0.09366845339536667 0.13879546523094177
0.18310315907001495 0.0997307300567627 0.13864265382289886
0.1832251250743866 0.09487775713205338 0.13888399302959442
0.18312545120716095 0.09506368637084961 0.13874322175979614
0.1832251250743866 0.08998789638280869 0.13884298503398895
0.1830928772687912 0.09534960240125656 0.13869217038154602
0.18318958580493927 0.10100054740905762 0.13878566026687622
0.18321512639522552 0.10182259976863861 0.13864265382289886
0.1832251250743866 0.09982583671808243 0.13864277303218842
0.1832251250743866 0.10071741044521332 0.13869236409664154
0.18319812417030334 0.08866988122463226 0.13864265382289886
0.18317891657352448 0.10040289908647537 0.13864265382289886
0.1832251250743866 0.09202326089143753 0.1386537402868271
0.18320269882678986 0.09110063314437866 0.13864265382289886
0.1832251250743866 0.09504729509353638 0.1387837678194046
0.1831754446029663 0.09933922439813614 0.13864265382289886
0.1832251250743866 0.09532257914543152 0.13866998255252838
0.18314069509506226 0.09927427023649216 0.1387283354997635
0.1832251250743866 0.09743920713663101 0.13886798918247223
0.1831822693347931 0.10004828870296478 0.13864265382289886
0.1831568330526352 0.09740667045116425 0.1387690156698227
0.1832251250743866 0.10042401403188705 0.1387176662683487
0.1832251250743866 0.09747670590877533 0.13865789771080017
0.1832251250743866 0.09908903390169144 0.1386541724205017
0.1831362396478653 0.09531994163990021 0.13864265382289886
0.1832251250743866 0.09417815506458282 0.13865239918231964
0.18321475386619568 0.09845084697008133 0.13884587585926056
0.1831689178943634 0.08941210806369781 0.13864265382289886
0.18318067491054535 0.09105219691991806 0.13886117935180664
0.18303760886192322 0.09159032255411148 0.13864347338676453
0.1832251250743866 0.09855017811059952 0.13881222903728485
0.1832251250743866 0.09483761340379715 0.1387614905834198
0.18311895430088043 0.09426995366811752 0.13874061405658722
0.1832251250743866 0.09297001361846924 0.13880082964897156
0.18308475613594055 0.095970518887043 0.13864265382289886
0.1832251250743866 0.09680074453353882 0.13876186311244965
0.1832251250743866 0.08965608477592468 0.1388395130634308
0.1832251250743866 0.10098574310541153 0.13875676691532135
0.1832251250743866 0.08790092915296555 0.138693168759346
0.18303489685058594 0.08936449140310287 0.13864265382289886
0.1832154393196106 0.09668774902820587 0.13886262476444244
0.1832251250743866 0.09121786057949066 0.1388322114944458
0.1832251250743866 0.09397482872009277 0.13875330984592438
0.18310895562171936 0.09141839295625687 0.13875119388103485
0.18314047157764435 0.09262669086456299 0.13878731429576874
0.18322455883026123 0.0995887815952301 0.13885030150413513
0.18313753604888916 0.09801245480775833 0.1387348771095276
0.18310663104057312 0.09330999106168747 0.13873085379600525
0.18316857516765594 0.08894803375005722 0.13881506025791168
0.1832251250743866 0.0989387035369873 0.13879266381263733
0.1832251250743866 0.09255754202604294 0.13881586492061615
0.1832251250743866 0.08902240544557571 0.13882936537265778
0.18303534388542175 0.09041152894496918 0.13865062594413757
0.1832251250743866 0.09746278077363968 0.13883568346500397
0.1832251250743866 0.09972936660051346 0.13866934180259705
0.1832251250743866 0.08968934416770935 0.13881124556064606
0.18313631415367126 0.0936112329363823 0.13864265382289886
0.18313248455524445 0.08999127149581909 0.13879892230033875
0.18310102820396423 0.09238536655902863 0.13864265382289886
0.1832251250743866 0.09414348006248474 0.13888157904148102
0.1832251250743866 0.09931953996419907 0.13883425295352936
0.1832251250743866 0.09190504252910614 0.13866780698299408
0.1832251250743866 0.09372195601463318 0.13865824043750763
0.18306325376033783 0.09478200227022171 0.13865314424037933
0.18310992419719696 0.09219694882631302 0.13874566555023193
0.1831650286912918 0.09490080177783966 0.13880357146263123
0.1832251250743866 0.08907827734947205 0.13885994255542755
0.18312697112560272 0.09786513447761536 0.13872046768665314
0.183174267411232 0.09553515166044235 0.1388116478919983
0.18311117589473724 0.09729036688804626 0.13870210945606232
0.1830732375383377 0.0897759422659874 0.13871268928050995
0.1832251250743866 0.09103292226791382 0.13868020474910736
0.1832251250743866 0.09508291631937027 0.13867293298244476
0.1832251250743866 0.09692619740962982 0.13870136439800262
0.1832251250743866 0.09693533182144165 0.1386580765247345
0.1831788569688797 0.09271314740180969 0.13864265382289886
0.1832251250743866 0.09128334373235703 0.1387546807527542
0.1832251250743866 0.10056856274604797 0.1386614590883255
0.18320073187351227 0.09580305218696594 0.13884863257408142
0.18322376906871796 0.08968726545572281 0.13893748819828033
0.1831432729959488 0.0881846621632576 0.13864265382289886
0.1832251250743866 0.1012641191482544 0.13875873386859894
0.18321622908115387 0.09546641260385513 0.13887470960617065
0.1831553727388382 0.09414418041706085 0.13879595696926117
0.1832251250743866 0.09070451557636261 0.13888926804065704
0.1832251250743866 0.09981021285057068 0.13866132497787476
0.1830642968416214 0.09144941717386246 0.1386844366788864
0.18317387998104095 0.09908550977706909 0.13864265382289886
0.18315652012825012 0.0945003405213356 0.13879448175430298
0.1831812709569931 0.08931019902229309 0.13864265382289886
0.18306636810302734 0.09622816741466522 0.13864490389823914
0.1832251250743866 0.10124237090349197 0.13879401981830597
0.1831861436367035 0.10032020509243011 0.13864265382289886
0.18321627378463745 0.09074412286281586 0.13864265382289886
0.1832251250743866 0.09614896774291992 0.13874854147434235
0.18322214484214783 0.09240347892045975 0.13891085982322693
0.1831374168395996 0.09612987190485 0.13875150680541992
0.1832251250743866 0.0902319848537445 0.1386452168226242
0.18305951356887817 0.09323857724666595 0.13866135478019714
0.1832251250743866 0.09352906048297882 0.13870561122894287
0.1832251250743866 0.09962132573127747 0.13884420692920685
0.1832251250743866 0.09851682931184769 0.13881278038024902
0.18319985270500183 0.09281199425458908 0.13864265382289886
0.18316145241260529 0.09895636886358261 0.13876204192638397
0.1831749975681305 0.09041886031627655 0.1388583779335022
0.18308474123477936 0.09377472847700119 0.13869412243366241
0.1832251250743866 0.09150650352239609 0.13874255120754242
0.18311795592308044 0.09256068617105484 0.13864265382289886
0.1832251250743866 0.08858640491962433 0.13882504403591156
0.18315330147743225 0.09821121394634247 0.13864265382289886
0.18317852914333344 0.0957687720656395 0.13881592452526093
0.1832251250743866 0.09512723982334137 0.13877907395362854
0.1832251250743866 0.09601695835590363 0.1387999802827835
0.1830919086933136 0.08891376852989197 0.13868916034698486
0.1832251250743866 0.09465392678976059 0.13864456117153168
0.1831112504005432 0.09779620170593262 0.13864265382289886
0.18305931985378265 0.08988070487976074 0.13864265382289886
0.1832251250743866 0.0957670733332634 0.13887886703014374
0.18318456411361694 0.09994751960039139 0.13878759741783142
0.1831907331943512 0.09650126844644547 0.13864265382289886
0.1832251250743866 0.10073371231555939 0.13883985579013824
0.18319739401340485 0.09353841096162796 0.13886389136314392
0.1832149177789688 0.0911295935511589 0.13864265382289886
0.18320287764072418 0.09397634863853455 0.13886815309524536
0.18317686021327972 0.08806458115577698 0.13864265382289886
0.1832251250743866 0.10134497284889221 0.1386553943157196
0.18308410048484802 0.09360874444246292 0.13864265382289886
0.18315166234970093 0.09113425016403198 0.13864265382289886
0.18306109309196472 0.09540924429893494 0.13864435255527496
0.1832251250743866 0.09184107184410095 0.13879886269569397
0.1832251250743866 0.10160108655691147 0.13869351148605347
0.1831376552581787 0.10141532123088837 0.13865794241428375
0.18313056230545044 0.08948559314012527 0.13880057632923126
0.1832251250743866 0.09156034141778946 0.13868536055088043
0.1832251250743866 0.09819074720144272 0.13866887986660004
0.18314024806022644 0.09639570862054825 0.13864265382289886
0.1830674707889557 0.08987629413604736 0.13870319724082947
0.18307964503765106 0.09522085636854172 0.13867363333702087
0.18317657709121704 0.09266044199466705 0.13884073495864868
0.1831972301006317 0.0914800763130188 0.13888201117515564
0.1831488013267517 0.10097745060920715 0.1387251913547516
0.18313783407211304 0.09581178426742554 0.13864265382289886
0.18315339088439941 0.0977727547287941 0.13876061141490936
0.18310777842998505 0.09350301325321198 0.13864265382289886
0.18312591314315796 0.09788499772548676 0.13864265382289886
0.18307144939899445 0.09573133289813995 0.138656884431839
0.1830804944038391 0.08988574147224426 0.1387224942445755
0.1830524504184723 0.09360665827989578 0.13864265382289886
0.1832251250743866 0.09797772020101547 0.13880720734596252
0.18315072357654572 0.08981449902057648 0.13864265382289886
0.18304912745952606 0.09051112830638885 0.13867025077342987
0.1830422431230545 0.0892510861158371 0.13864265382289886
0.1832251250743866 0.09168484807014465 0.13873258233070374
0.1831844449043274 0.10030132532119751 0.13864265382289886
0.18319407105445862 0.09771160781383514 0.13882169127464294
0.1832251250743866 0.09119870513677597 0.13885366916656494
0.18313279747962952 0.10120143741369247 0.13864265382289886
0.1832251250743866 0.09446149319410324 0.13865385949611664
0.18320664763450623 0.09511684626340866 0.13864265382289886
0.18315571546554565 0.09446785598993301 0.13864265382289886
0.1832251250743866 0.0923951044678688 0.1388922780752182
0.18318907916545868 0.0915876179933548 0.13864265382289886
0.18309703469276428 0.09745672345161438 0.13867956399917603
0.1831253468990326 0.09966117143630981 0.13864265382289886
0.1832251250743866 0.09198353439569473 0.13880355656147003
0.18321266770362854 0.08793683350086212 0.13871070742607117
0.1832251250743866 0.08968070149421692 0.1387699395418167
0.1832251250743866 0.0986764058470726 0.1388171762228012
0.1832251250743866 0.0977824404835701 0.13882474601268768
0.18310914933681488 0.09843464940786362 0.13864265382289886
0.18308839201927185 0.09010803699493408 0.13873226940631866
0.1832251250743866 0.10115835070610046 0.13876956701278687
0.18317924439907074 0.10172773897647858 0.13866282999515533
0.1832251250743866 0.08960998803377151 0.13867789506912231
0.18315444886684418 0.09460454434156418 0.13864265382289886
0.18313293159008026 0.09384512156248093 0.13876521587371826
0.1832251250743866 0.09369194507598877 0.13864947855472565
0.1832251250743866 0.10163438320159912 0.1387108713388443
0.18307411670684814 0.09392506629228592 0.1386769711971283
0.18312492966651917 0.0915408581495285 0.1387738734483719
0.1832251250743866 0.0890355259180069 0.13884089887142181
0.1832251250743866 0.08922974765300751 0.1389366090297699
0.1832125335931778 0.09264488518238068 0.13864265382289886
0.1830972284078598 0.09878398478031158 0.13864265382289886
0.18316884338855743 0.09692990779876709 0.13879112899303436
0.1832251250743866 0.09693308919668198 0.1388123631477356
0.18315930664539337 0.09196288138628006 0.13864265382289886
0.18318051099777222 0.08881286531686783 0.13864265382289886
0.18320851027965546 0.08833145350217819 0.13877186179161072
0.1832251250743866 0.09922350198030472 0.13880400359630585
0.18316581845283508 0.1008399948477745 0.13864265382289886
0.18316355347633362 0.09581433236598969 0.1387932151556015
0.183218315243721 0.08824484795331955 0.1387723833322525
0.1832251250743866 0.09672064334154129 0.13885736465454102
0.1832251250743866 0.10123710334300995 0.13873940706253052
0.1831207275390625 0.0890197828412056 0.13875244557857513
0.1832251250743866 0.09861627221107483 0.1387432962656021
0.18310979008674622 0.0944947898387909 0.13872498273849487
0.18313480913639069 0.0938795879483223 0.13876770436763763
0.18314816057682037 0.09246432781219482 0.13864265382289886
0.18313436210155487 0.0982065424323082 0.13872842490673065
0.18307341635227203 0.09595227986574173 0.1386578381061554
0.18313068151474 0.09968848526477814 0.13870973885059357
0.1832251250743866 0.09553837031126022 0.13884849846363068
0.18315242230892181 0.09594349563121796 0.1387755125761032
0.18304134905338287 0.09090419858694077 0.13864265382289886
0.18318501114845276 0.09810185432434082 0.13864265382289886
0.1832251250743866 0.09675442427396774 0.1387806534767151
0.18314042687416077 0.09569445252418518 0.13875988125801086
0.18318518996238708 0.09691663086414337 0.13881558179855347
0.18317149579524994 0.09272270649671555 0.13883262872695923
0.18315452337265015 0.09350782632827759 0.13864265382289886
0.1832251250743866 0.09247196465730667 0.13871482014656067
0.1832251250743866 0.09377487003803253 0.13878965377807617
0.18315018713474274 0.09931297600269318 0.1387421190738678
0.18310979008674622 0.09788727015256882 0.13869470357894897
0.1832251250743866 0.09465194493532181 0.13888147473335266
0.1832251250743866 0.09511661529541016 0.13883566856384277
0.18320563435554504 0.09790988266468048 0.13883712887763977
0.1832251250743866 0.08937807381153107 0.13891063630580902
0.1830901950597763 0.09119569510221481 0.13872525095939636
0.1832251250743866 0.10090520977973938 0.13866527378559113
0.183149516582489 0.09442522376775742 0.1387847363948822
0.1831226646900177 0.0891379565000534 0.1387757509946823
0.1832251250743866 0.09852442890405655 0.1386476755142212
0.1831478476524353 0.10078707337379456 0.13864265382289886
0.18312455713748932 0.09001589566469193 0.1387869268655777
0.1832251250743866 0.1006840318441391 0.13879814743995667
0.1832251250743866 0.08919721841812134 0.13882650434970856
0.1831291764974594 0.09452773630619049 0.13875353336334229
0.1832251250743866 0.09878083318471909 0.13869929313659668
0.18313172459602356 0.0977192223072052 0.13872887194156647
0.18318234384059906 0.0906277522444725 0.13886745274066925
0.1832251250743866 0.10088132321834564 0.13879740238189697
0.18311144411563873 0.09276731312274933 0.1387428492307663
0.1832251250743866 0.09067684412002563 0.13891750574111938
0.1830640733242035 0.09281906485557556 0.1386718899011612
0.18318532407283783 0.09548407047986984 0.13864265382289886
0.18320554494857788 0.09087442606687546 0.1388998031616211
0.183079332113266 0.09854323416948318 0.1386435329914093
0.18320026993751526 0.0967555046081543 0.1388394683599472
0.1832251250743866 0.09898672997951508 0.13884279131889343
0.1832251250743866 0.10156653821468353 0.13874560594558716
0.18316154181957245 0.10048442333936691 0.13874855637550354
0.1832251250743866 0.09866220504045486 0.13868151605129242
0.1832251250743866 0.09754399955272675 0.13883911073207855
0.1832251250743866 0.09972285479307175 0.1386762112379074
0.18318499624729156 0.10046379268169403 0.13878363370895386
0.18321608006954193 0.1016383171081543 0.1387455314397812
0.18306474387645721 0.08982673287391663 0.13869959115982056
0.18321500718593597 0.09549222141504288 0.13864265382289886
0.183223694562912 0.09454480558633804 0.13889402151107788
0.1832251250743866 0.09599301218986511 0.1387435793876648
0.1831434667110443 0.1011870875954628 0.13864265382289886
